Url,Start,Stop
http://econome-20.nantes.grid5000.fr:30080/tools.descartes.teastore.webui/,106120818983227,106124331519618
http://econome-20.nantes.grid5000.fr:30080/tools.descartes.teastore.webui/,106118058758177,106124331659570
http://econome-20.nantes.grid5000.fr:30080/tools.descartes.teastore.webui/,106114733844950,106124416351381
http://econome-20.nantes.grid5000.fr:30080/tools.descartes.teastore.webui/,106109839252065,106124416876821
http://econome-20.nantes.grid5000.fr:30080/tools.descartes.teastore.webui/,106123947920254,106124417276313
http://econome-20.nantes.grid5000.fr:30080/tools.descartes.teastore.webui/,106121225488144,106124417423620
http://econome-20.nantes.grid5000.fr:30080/tools.descartes.teastore.webui/,106122989898256,106124420489934
http://econome-20.nantes.grid5000.fr:30080/tools.descartes.teastore.webui/,106119643595218,106124523162398
http://econome-20.nantes.grid5000.fr:30080/tools.descartes.teastore.webui/,106109839682964,106124620242828
http://econome-20.nantes.grid5000.fr:30080/tools.descartes.teastore.webui/,106110535646805,106124621157783
http://econome-20.nantes.grid5000.fr:30080/tools.descartes.teastore.webui/,106103301761414,106124722424459
http://econome-20.nantes.grid5000.fr:30080/tools.descartes.teastore.webui/,106122362441257,106124722582313
http://econome-20.nantes.grid5000.fr:30080/tools.descartes.teastore.webui/,106120915099092,106124816727529
http://econome-20.nantes.grid5000.fr:30080/tools.descartes.teastore.webui/,106119028309361,106124816782070
http://econome-20.nantes.grid5000.fr:30080/tools.descartes.teastore.webui/,106121829511443,106124816852937
http://econome-20.nantes.grid5000.fr:30080/tools.descartes.teastore.webui/,106123610959734,106124818634385
http://econome-20.nantes.grid5000.fr:30080/tools.descartes.teastore.webui/,106120082808429,106124821878526
http://econome-20.nantes.grid5000.fr:30080/tools.descartes.teastore.webui/,106111499147667,106124821893406
http://econome-20.nantes.grid5000.fr:30080/tools.descartes.teastore.webui/,106122431250313,106124821978721
http://econome-20.nantes.grid5000.fr:30080/tools.descartes.teastore.webui/,106118058396819,106124822056827
http://econome-20.nantes.grid5000.fr:30080/tools.descartes.teastore.webui/,106119204805297,106124822139407
http://econome-20.nantes.grid5000.fr:30080/tools.descartes.teastore.webui/,106123948579466,106124822294268
http://econome-20.nantes.grid5000.fr:30080/tools.descartes.teastore.webui/,106117011603240,106124823758468
http://econome-20.nantes.grid5000.fr:30080/tools.descartes.teastore.webui/,106120773449925,106124916555232
http://econome-20.nantes.grid5000.fr:30080/tools.descartes.teastore.webui/,106110535303834,106124916567269
http://econome-20.nantes.grid5000.fr:30080/tools.descartes.teastore.webui/,106112765057895,106124916660972
http://econome-20.nantes.grid5000.fr:30080/tools.descartes.teastore.webui/,106123260637061,106124916788915
http://econome-20.nantes.grid5000.fr:30080/tools.descartes.teastore.webui/,106117706370719,106124916801742
http://econome-20.nantes.grid5000.fr:30080/tools.descartes.teastore.webui/,106109261486106,106124916804004
http://econome-20.nantes.grid5000.fr:30080/tools.descartes.teastore.webui/,106116509080603,106124916833734
http://econome-20.nantes.grid5000.fr:30080/tools.descartes.teastore.webui/,106112096709045,106124918797647
http://econome-20.nantes.grid5000.fr:30080/tools.descartes.teastore.webui/,106115290400487,106125022148195
http://econome-20.nantes.grid5000.fr:30080/tools.descartes.teastore.webui/,106116528603850,106125022413583
http://econome-20.nantes.grid5000.fr:30080/tools.descartes.teastore.webui/,106112956186659,106125022473900
http://econome-20.nantes.grid5000.fr:30080/tools.descartes.teastore.webui/,106115651476864,106125023829705
http://econome-20.nantes.grid5000.fr:30080/tools.descartes.teastore.webui/,106118348468829,106125023866383
http://econome-20.nantes.grid5000.fr:30080/tools.descartes.teastore.webui/,106111499431865,106125023941038
http://econome-20.nantes.grid5000.fr:30080/tools.descartes.teastore.webui/,106122688049961,106125024584239
http://econome-20.nantes.grid5000.fr:30080/tools.descartes.teastore.webui/,106121829815185,106125024696777
http://econome-20.nantes.grid5000.fr:30080/tools.descartes.teastore.webui/,106114436604599,106125026313525
http://econome-20.nantes.grid5000.fr:30080/tools.descartes.teastore.webui/,106121475490490,106125027790943
http://econome-20.nantes.grid5000.fr:30080/tools.descartes.teastore.webui/,106115010452578,106125027964586
http://econome-20.nantes.grid5000.fr:30080/tools.descartes.teastore.webui/,106118528582694,106125116755259
http://econome-20.nantes.grid5000.fr:30080/tools.descartes.teastore.webui/,106113688431395,106125117306478
http://econome-20.nantes.grid5000.fr:30080/tools.descartes.teastore.webui/,106124933529760,106125124593773
http://econome-20.nantes.grid5000.fr:30080/tools.descartes.teastore.webui/,106124781869900,106125218502731
http://econome-20.nantes.grid5000.fr:30080/tools.descartes.teastore.webui/,106124634211455,106125219762283
http://econome-20.nantes.grid5000.fr:30080/tools.descartes.teastore.webui/,106125237193564,106125429987453
http://econome-20.nantes.grid5000.fr:30080/tools.descartes.teastore.webui/,106125731611166,106125919497174
http://econome-20.nantes.grid5000.fr:30080/tools.descartes.teastore.webui/,106125688914393,106125919508215
http://econome-20.nantes.grid5000.fr:30080/tools.descartes.teastore.webui/,106126004289865,106126086171263
http://econome-20.nantes.grid5000.fr:30080/tools.descartes.teastore.webui/,106126151176576,106126233620283
http://econome-20.nantes.grid5000.fr:30080/tools.descartes.teastore.webui/,106126456077673,106126540457686
http://econome-20.nantes.grid5000.fr:30080/tools.descartes.teastore.webui/,106126613257769,106126695817760
http://econome-20.nantes.grid5000.fr:30080/tools.descartes.teastore.webui/,106126744378415,106126825514381
http://econome-20.nantes.grid5000.fr:30080/tools.descartes.teastore.webui/,106127064967585,106127154371616
http://econome-20.nantes.grid5000.fr:30080/tools.descartes.teastore.webui/,106127217907908,106127305190475
http://econome-20.nantes.grid5000.fr:30080/tools.descartes.teastore.webui/,106127441432110,106127525208857
http://econome-20.nantes.grid5000.fr:30080/tools.descartes.teastore.webui/,106127725221261,106127809848440
http://econome-20.nantes.grid5000.fr:30080/tools.descartes.teastore.webui/,106127898607450,106127980889314
http://econome-20.nantes.grid5000.fr:30080/tools.descartes.teastore.webui/,106128181821637,106128269798755
http://econome-20.nantes.grid5000.fr:30080/tools.descartes.teastore.webui/,106128418227833,106128505657604
http://econome-20.nantes.grid5000.fr:30080/tools.descartes.teastore.webui/,106128562219729,106128648777594
http://econome-20.nantes.grid5000.fr:30080/tools.descartes.teastore.webui/,106128847879202,106128928469299
http://econome-20.nantes.grid5000.fr:30080/tools.descartes.teastore.webui/,106128974092728,106129062530146
http://econome-20.nantes.grid5000.fr:30080/tools.descartes.teastore.webui/,106128974973726,106129062552524
http://econome-20.nantes.grid5000.fr:30080/tools.descartes.teastore.webui/,106129299567295,106129391635568
http://econome-20.nantes.grid5000.fr:30080/tools.descartes.teastore.webui/,106129482753930,106129562596257
http://econome-20.nantes.grid5000.fr:30080/tools.descartes.teastore.webui/,106129831074587,106129913462239
http://econome-20.nantes.grid5000.fr:30080/tools.descartes.teastore.webui/,106130102335852,106130187136234
http://econome-20.nantes.grid5000.fr:30080/tools.descartes.teastore.webui/,106130102144662,106130187539240
http://econome-20.nantes.grid5000.fr:30080/tools.descartes.teastore.webui/,106130427831464,106130517063592
http://econome-20.nantes.grid5000.fr:30080/tools.descartes.teastore.webui/,106130674893687,106130755118799
http://econome-20.nantes.grid5000.fr:30080/tools.descartes.teastore.webui/,106130722511545,106130801279557
http://econome-20.nantes.grid5000.fr:30080/tools.descartes.teastore.webui/,106131046331735,106131136334865
http://econome-20.nantes.grid5000.fr:30080/tools.descartes.teastore.webui/,106131047091656,106131136355740
http://econome-20.nantes.grid5000.fr:30080/tools.descartes.teastore.webui/,106131198928014,106131279908101
http://econome-20.nantes.grid5000.fr:30080/tools.descartes.teastore.webui/,106131416936030,106131499573792
http://econome-20.nantes.grid5000.fr:30080/tools.descartes.teastore.webui/,106131677853380,106131762416374
http://econome-20.nantes.grid5000.fr:30080/tools.descartes.teastore.webui/,106131891689935,106131976545105
http://econome-20.nantes.grid5000.fr:30080/tools.descartes.teastore.webui/,106131974645419,106132056176225
http://econome-20.nantes.grid5000.fr:30080/tools.descartes.teastore.webui/,106132329152382,106132415514789
http://econome-20.nantes.grid5000.fr:30080/tools.descartes.teastore.webui/,106132358780101,106132434395033
http://econome-20.nantes.grid5000.fr:30080/tools.descartes.teastore.webui/,106132712526642,106132832908956
http://econome-20.nantes.grid5000.fr:30080/tools.descartes.teastore.webui/,106132937436083,106133026842722
http://econome-20.nantes.grid5000.fr:30080/tools.descartes.teastore.webui/,106132938243851,106133026910512
http://econome-20.nantes.grid5000.fr:30080/tools.descartes.teastore.webui/,106133505053757,106133613320760
http://econome-20.nantes.grid5000.fr:30080/tools.descartes.teastore.webui/,106133568834553,106133647346176
http://econome-20.nantes.grid5000.fr:30080/tools.descartes.teastore.webui/,106133646872856,106133724863768
http://econome-20.nantes.grid5000.fr:30080/tools.descartes.teastore.webui/,106133795550919,106133874784897
http://econome-20.nantes.grid5000.fr:30080/tools.descartes.teastore.webui/,106133928170908,106134006848703
http://econome-20.nantes.grid5000.fr:30080/tools.descartes.teastore.webui/,106134105348746,106134187790235
http://econome-20.nantes.grid5000.fr:30080/tools.descartes.teastore.webui/,106134347493253,106134427681062
http://econome-20.nantes.grid5000.fr:30080/tools.descartes.teastore.webui/,106134610486125,106134688380836
http://econome-20.nantes.grid5000.fr:30080/tools.descartes.teastore.webui/,106134773540806,106134853060168
http://econome-20.nantes.grid5000.fr:30080/tools.descartes.teastore.webui/,106135037588702,106135131894484
http://econome-20.nantes.grid5000.fr:30080/tools.descartes.teastore.webui/,106135037300495,106135131903658
http://econome-20.nantes.grid5000.fr:30080/tools.descartes.teastore.webui/,106135036532426,106135131983389
http://econome-20.nantes.grid5000.fr:30080/tools.descartes.teastore.webui/,106135339310144,106135420315864
http://econome-20.nantes.grid5000.fr:30080/tools.descartes.teastore.webui/,106135613405797,106135830225001
http://econome-20.nantes.grid5000.fr:30080/tools.descartes.teastore.webui/,106135659253474,106135844719736
http://econome-20.nantes.grid5000.fr:30080/tools.descartes.teastore.webui/,106135858075487,106135939974033
http://econome-20.nantes.grid5000.fr:30080/tools.descartes.teastore.webui/,106135907701493,106136008992232
http://econome-20.nantes.grid5000.fr:30080/tools.descartes.teastore.webui/,106135998597540,106136077059078
http://econome-20.nantes.grid5000.fr:30080/tools.descartes.teastore.webui/,106136201967381,106136279775464
http://econome-20.nantes.grid5000.fr:30080/tools.descartes.teastore.webui/,106136349739560,106136431410071
http://econome-20.nantes.grid5000.fr:30080/tools.descartes.teastore.webui/,106136634964631,106136720136062
http://econome-20.nantes.grid5000.fr:30080/tools.descartes.teastore.webui/,106136915638661,106137030439939
http://econome-20.nantes.grid5000.fr:30080/tools.descartes.teastore.webui/,106136949143621,106137108953581
http://econome-20.nantes.grid5000.fr:30080/tools.descartes.teastore.webui/,106137021253232,106137109043923
http://econome-20.nantes.grid5000.fr:30080/tools.descartes.teastore.webui/,106137165843275,106137310479155
http://econome-20.nantes.grid5000.fr:30080/tools.descartes.teastore.webui/,106137338708234,106137411421649
http://econome-20.nantes.grid5000.fr:30080/tools.descartes.teastore.webui/,106137708087383,106137808629053
http://econome-20.nantes.grid5000.fr:30080/tools.descartes.teastore.webui/,106137915561743,106137989820392
http://econome-20.nantes.grid5000.fr:30080/tools.descartes.teastore.webui/,106137937871822,106138023443649
http://econome-20.nantes.grid5000.fr:30080/tools.descartes.teastore.webui/,106138188193291,106138266273083
http://econome-20.nantes.grid5000.fr:30080/tools.descartes.teastore.webui/,106138397769598,106138478859002
http://econome-20.nantes.grid5000.fr:30080/tools.descartes.teastore.webui/,106138510603193,106138589393877
http://econome-20.nantes.grid5000.fr:30080/tools.descartes.teastore.webui/,106138709392104,106138798306030
http://econome-20.nantes.grid5000.fr:30080/tools.descartes.teastore.webui/,106138798363343,106138877931364
http://econome-20.nantes.grid5000.fr:30080/tools.descartes.teastore.webui/,106138956330055,106139034117196
http://econome-20.nantes.grid5000.fr:30080/tools.descartes.teastore.webui/,106139081444113,106139156905449
http://econome-20.nantes.grid5000.fr:30080/tools.descartes.teastore.webui/,106139318222341,106139400170583
http://econome-20.nantes.grid5000.fr:30080/tools.descartes.teastore.webui/,106139553617919,106139640618377
http://econome-20.nantes.grid5000.fr:30080/tools.descartes.teastore.webui/,106139691838223,106139773224324
http://econome-20.nantes.grid5000.fr:30080/tools.descartes.teastore.webui/,106139764040301,106139844454286
http://econome-20.nantes.grid5000.fr:30080/tools.descartes.teastore.webui/,106139776247267,106139851099935
http://econome-20.nantes.grid5000.fr:30080/tools.descartes.teastore.webui/,106140064400381,106140154452681
http://econome-20.nantes.grid5000.fr:30080/tools.descartes.teastore.webui/,106140064799985,106140154633868
http://econome-20.nantes.grid5000.fr:30080/tools.descartes.teastore.webui/,106140161987521,106140240442613
http://econome-20.nantes.grid5000.fr:30080/tools.descartes.teastore.webui/,106140357261656,106140437059237
http://econome-20.nantes.grid5000.fr:30080/tools.descartes.teastore.webui/,106140487024501,106140563422018
http://econome-20.nantes.grid5000.fr:30080/tools.descartes.teastore.webui/,106140636504716,106140716444786
http://econome-20.nantes.grid5000.fr:30080/tools.descartes.teastore.webui/,106140871358583,106140947801366
http://econome-20.nantes.grid5000.fr:30080/tools.descartes.teastore.webui/,106140876818992,106140951185646
http://econome-20.nantes.grid5000.fr:30080/tools.descartes.teastore.webui/,106141063071171,106141143160772
http://econome-20.nantes.grid5000.fr:30080/tools.descartes.teastore.webui/,106141342810246,106141421724589
http://econome-20.nantes.grid5000.fr:30080/tools.descartes.teastore.webui/,106141412914351,106141491184540
http://econome-20.nantes.grid5000.fr:30080/tools.descartes.teastore.webui/,106141501866680,106141577623086
http://econome-20.nantes.grid5000.fr:30080/tools.descartes.teastore.webui/,106141721766293,106141800985181
http://econome-20.nantes.grid5000.fr:30080/tools.descartes.teastore.webui/,106141764688339,106141841664504
http://econome-20.nantes.grid5000.fr:30080/tools.descartes.teastore.webui/,106141913940842,106142005837947
http://econome-20.nantes.grid5000.fr:30080/tools.descartes.teastore.webui/,106142050169967,106142126722014
http://econome-20.nantes.grid5000.fr:30080/tools.descartes.teastore.webui/,106142337964648,106142418031928
http://econome-20.nantes.grid5000.fr:30080/tools.descartes.teastore.webui/,106142537882897,106142614692753
http://econome-20.nantes.grid5000.fr:30080/tools.descartes.teastore.webui/,106142554478322,106142630613093
http://econome-20.nantes.grid5000.fr:30080/tools.descartes.teastore.webui/,106142715768205,106142801383053
http://econome-20.nantes.grid5000.fr:30080/tools.descartes.teastore.webui/,106142975976498,106143055550599
http://econome-20.nantes.grid5000.fr:30080/tools.descartes.teastore.webui/,106143013803608,106143091562564
http://econome-20.nantes.grid5000.fr:30080/tools.descartes.teastore.webui/,106143099830962,106143178696380
http://econome-20.nantes.grid5000.fr:30080/tools.descartes.teastore.webui/,106143405293031,106143488212741
http://econome-20.nantes.grid5000.fr:30080/tools.descartes.teastore.webui/,106143621824348,106143695951838
http://econome-20.nantes.grid5000.fr:30080/tools.descartes.teastore.webui/,106143652251112,106143723934232
http://econome-20.nantes.grid5000.fr:30080/tools.descartes.teastore.webui/,106143866455279,106143948693331
http://econome-20.nantes.grid5000.fr:30080/tools.descartes.teastore.webui/,106144084422855,106144166924838
http://econome-20.nantes.grid5000.fr:30080/tools.descartes.teastore.webui/,106144084945121,106144166994383
http://econome-20.nantes.grid5000.fr:30080/tools.descartes.teastore.webui/,106144083810463,106144166994345
http://econome-20.nantes.grid5000.fr:30080/tools.descartes.teastore.webui/,106144348925350,106144428313649
http://econome-20.nantes.grid5000.fr:30080/tools.descartes.teastore.webui/,106144583511276,106144660054616
http://econome-20.nantes.grid5000.fr:30080/tools.descartes.teastore.webui/,106144666927484,106144743278916
http://econome-20.nantes.grid5000.fr:30080/tools.descartes.teastore.webui/,106144860667252,106144939844916
http://econome-20.nantes.grid5000.fr:30080/tools.descartes.teastore.webui/,106144895045319,106144969797448
http://econome-20.nantes.grid5000.fr:30080/tools.descartes.teastore.webui/,106145046382906,106145124138725
http://econome-20.nantes.grid5000.fr:30080/tools.descartes.teastore.webui/,106145240559891,106145332449141
http://econome-20.nantes.grid5000.fr:30080/tools.descartes.teastore.webui/,106145444378327,106145523293747
http://econome-20.nantes.grid5000.fr:30080/tools.descartes.teastore.webui/,106145591928576,106145671301059
http://econome-20.nantes.grid5000.fr:30080/tools.descartes.teastore.webui/,106145650977002,106145726916826
http://econome-20.nantes.grid5000.fr:30080/tools.descartes.teastore.webui/,106145659638090,106145736548414
http://econome-20.nantes.grid5000.fr:30080/tools.descartes.teastore.webui/,106145789298571,106145867546637
http://econome-20.nantes.grid5000.fr:30080/tools.descartes.teastore.webui/,106145968200476,106146049827507
http://econome-20.nantes.grid5000.fr:30080/tools.descartes.teastore.webui/,106146142545809,106146220708495
http://econome-20.nantes.grid5000.fr:30080/tools.descartes.teastore.webui/,106146141536017,106146222725250
http://econome-20.nantes.grid5000.fr:30080/tools.descartes.teastore.webui/,106146294715105,106146371870259
http://econome-20.nantes.grid5000.fr:30080/tools.descartes.teastore.webui/,106146479234230,106146560103834
http://econome-20.nantes.grid5000.fr:30080/tools.descartes.teastore.webui/,106146663431557,106146740469522
http://econome-20.nantes.grid5000.fr:30080/tools.descartes.teastore.webui/,106146821838817,106146905637432
http://econome-20.nantes.grid5000.fr:30080/tools.descartes.teastore.webui/,106146862992821,106146938524156
http://econome-20.nantes.grid5000.fr:30080/tools.descartes.teastore.webui/,106146969841367,106147048815094
http://econome-20.nantes.grid5000.fr:30080/tools.descartes.teastore.webui/,106147011910108,106147086358268
http://econome-20.nantes.grid5000.fr:30080/tools.descartes.teastore.webui/,106147110183622,106147187781078
http://econome-20.nantes.grid5000.fr:30080/tools.descartes.teastore.webui/,106147394699612,106147471225863
http://econome-20.nantes.grid5000.fr:30080/tools.descartes.teastore.webui/,106147551260295,106147626502508
http://econome-20.nantes.grid5000.fr:30080/tools.descartes.teastore.webui/,106147563874831,106147641488897
http://econome-20.nantes.grid5000.fr:30080/tools.descartes.teastore.webui/,106147724533328,106147811619791
http://econome-20.nantes.grid5000.fr:30080/tools.descartes.teastore.webui/,106147814422130,106147891405518
http://econome-20.nantes.grid5000.fr:30080/tools.descartes.teastore.webui/,106147883488964,106147963417571
http://econome-20.nantes.grid5000.fr:30080/tools.descartes.teastore.webui/,106148070837575,106148149466226
http://econome-20.nantes.grid5000.fr:30080/tools.descartes.teastore.webui/,106148231160054,106148311086404
http://econome-20.nantes.grid5000.fr:30080/tools.descartes.teastore.webui/,106148376566734,106148457114533
http://econome-20.nantes.grid5000.fr:30080/tools.descartes.teastore.webui/,106148384835885,106148461523587
http://econome-20.nantes.grid5000.fr:30080/tools.descartes.teastore.webui/,106148584438054,106148665118736
http://econome-20.nantes.grid5000.fr:30080/tools.descartes.teastore.webui/,106148650140170,106148725371673
http://econome-20.nantes.grid5000.fr:30080/tools.descartes.teastore.webui/,106148771502337,106148848488205
http://econome-20.nantes.grid5000.fr:30080/tools.descartes.teastore.webui/,106148953354012,106149031615529
http://econome-20.nantes.grid5000.fr:30080/tools.descartes.teastore.webui/,106149008052743,106149082672920
http://econome-20.nantes.grid5000.fr:30080/tools.descartes.teastore.webui/,106149143192715,106149230730357
http://econome-20.nantes.grid5000.fr:30080/tools.descartes.teastore.webui/,106149241469376,106149320638424
http://econome-20.nantes.grid5000.fr:30080/tools.descartes.teastore.webui/,106149365370814,106149442719730
http://econome-20.nantes.grid5000.fr:30080/tools.descartes.teastore.webui/,106149520280798,106149597754920
http://econome-20.nantes.grid5000.fr:30080/tools.descartes.teastore.webui/,106149711389981,106149790583256
http://econome-20.nantes.grid5000.fr:30080/tools.descartes.teastore.webui/,106149864337905,106149941213377
http://econome-20.nantes.grid5000.fr:30080/tools.descartes.teastore.webui/,106149923364669,106150000827476
http://econome-20.nantes.grid5000.fr:30080/tools.descartes.teastore.webui/,106149997347196,106150076995073
http://econome-20.nantes.grid5000.fr:30080/tools.descartes.teastore.webui/,106150096968578,106150173269891
http://econome-20.nantes.grid5000.fr:30080/tools.descartes.teastore.webui/,106150274552973,106150353254748
http://econome-20.nantes.grid5000.fr:30080/tools.descartes.teastore.webui/,106150349498719,106150427676498
http://econome-20.nantes.grid5000.fr:30080/tools.descartes.teastore.webui/,106150564617656,106150650226463
http://econome-20.nantes.grid5000.fr:30080/tools.descartes.teastore.webui/,106150583239419,106150657452246
http://econome-20.nantes.grid5000.fr:30080/tools.descartes.teastore.webui/,106150780692596,106150858131343
http://econome-20.nantes.grid5000.fr:30080/tools.descartes.teastore.webui/,106150903657379,106150980762070
http://econome-20.nantes.grid5000.fr:30080/tools.descartes.teastore.webui/,106150952471189,106151028688444
http://econome-20.nantes.grid5000.fr:30080/tools.descartes.teastore.webui/,106151272074590,106151351721525
http://econome-20.nantes.grid5000.fr:30080/tools.descartes.teastore.webui/,106151442887848,106151518230639
http://econome-20.nantes.grid5000.fr:30080/tools.descartes.teastore.webui/,106151496793035,106151571126811
http://econome-20.nantes.grid5000.fr:30080/tools.descartes.teastore.webui/,106151589316065,106151665564455
http://econome-20.nantes.grid5000.fr:30080/tools.descartes.teastore.webui/,106151747499795,106151825333414
http://econome-20.nantes.grid5000.fr:30080/tools.descartes.teastore.webui/,106151838139579,106151917643277
http://econome-20.nantes.grid5000.fr:30080/tools.descartes.teastore.webui/,106151996261339,106152070714106
http://econome-20.nantes.grid5000.fr:30080/tools.descartes.teastore.webui/,106152153707674,106152229121365
http://econome-20.nantes.grid5000.fr:30080/tools.descartes.teastore.webui/,106152153236653,106152232982153
http://econome-20.nantes.grid5000.fr:30080/tools.descartes.teastore.webui/,106152153989117,106152233019915
http://econome-20.nantes.grid5000.fr:30080/tools.descartes.teastore.webui/,106152438172732,106152513457803
http://econome-20.nantes.grid5000.fr:30080/tools.descartes.teastore.webui/,106152463421295,106152537627651
http://econome-20.nantes.grid5000.fr:30080/tools.descartes.teastore.webui/,106152623171646,106152698766829
http://econome-20.nantes.grid5000.fr:30080/tools.descartes.teastore.webui/,106152628506594,106152698838282
http://econome-20.nantes.grid5000.fr:30080/tools.descartes.teastore.webui/,106152714201177,106152789909725
http://econome-20.nantes.grid5000.fr:30080/tools.descartes.teastore.webui/,106152863598218,106152938610456
http://econome-20.nantes.grid5000.fr:30080/tools.descartes.teastore.webui/,106152928864808,106153001777766
http://econome-20.nantes.grid5000.fr:30080/tools.descartes.teastore.webui/,106153065389711,106153141900218
http://econome-20.nantes.grid5000.fr:30080/tools.descartes.teastore.webui/,106153228378050,106153304504299
http://econome-20.nantes.grid5000.fr:30080/tools.descartes.teastore.webui/,106153444264127,106153519516710
http://econome-20.nantes.grid5000.fr:30080/tools.descartes.teastore.webui/,106153475146079,106153548937173
http://econome-20.nantes.grid5000.fr:30080/tools.descartes.teastore.webui/,106153541031033,106153619223746
http://econome-20.nantes.grid5000.fr:30080/tools.descartes.teastore.webui/,106153621854711,106153697322938
http://econome-20.nantes.grid5000.fr:30080/tools.descartes.teastore.webui/,106153723701755,106153797595604
http://econome-20.nantes.grid5000.fr:30080/tools.descartes.teastore.webui/,106153933615383,106154010884874
http://econome-20.nantes.grid5000.fr:30080/tools.descartes.teastore.webui/,106153963609039,106154041228461
http://econome-20.nantes.grid5000.fr:30080/tools.descartes.teastore.webui/,106154170239235,106154253088717
http://econome-20.nantes.grid5000.fr:30080/tools.descartes.teastore.webui/,106154170826572,106154253180394
http://econome-20.nantes.grid5000.fr:30080/tools.descartes.teastore.webui/,106154387749174,106154463376897
http://econome-20.nantes.grid5000.fr:30080/tools.descartes.teastore.webui/,106154474553747,106154554684119
http://econome-20.nantes.grid5000.fr:30080/tools.descartes.teastore.webui/,106154626472935,106154701048306
http://econome-20.nantes.grid5000.fr:30080/tools.descartes.teastore.webui/,106154778244446,106154851491560
http://econome-20.nantes.grid5000.fr:30080/tools.descartes.teastore.webui/,106154825091455,106154898706425
http://econome-20.nantes.grid5000.fr:30080/tools.descartes.teastore.webui/,106154976626048,106155052121068
http://econome-20.nantes.grid5000.fr:30080/tools.descartes.teastore.webui/,106155064387429,106155138100135
http://econome-20.nantes.grid5000.fr:30080/tools.descartes.teastore.webui/,106155102761580,106155178280768
http://econome-20.nantes.grid5000.fr:30080/tools.descartes.teastore.webui/,106155255071567,106155331655153
http://econome-20.nantes.grid5000.fr:30080/tools.descartes.teastore.webui/,106155317061868,106155393321894
http://econome-20.nantes.grid5000.fr:30080/tools.descartes.teastore.webui/,106155478036107,106155553699788
http://econome-20.nantes.grid5000.fr:30080/tools.descartes.teastore.webui/,106155638858196,106155715295832
http://econome-20.nantes.grid5000.fr:30080/tools.descartes.teastore.webui/,106155799104956,106155844249164
http://econome-20.nantes.grid5000.fr:30080/tools.descartes.teastore.webui/,106155959779270,106156011775862
http://econome-20.nantes.grid5000.fr:30080/tools.descartes.teastore.webui/,106155971846600,106156016013627
http://econome-20.nantes.grid5000.fr:30080/tools.descartes.teastore.webui/,106156092885847,106156138541260
http://econome-20.nantes.grid5000.fr:30080/tools.descartes.teastore.webui/,106156212208326,106156257799064
http://econome-20.nantes.grid5000.fr:30080/tools.descartes.teastore.webui/login,106157922310572,106161837576512
http://econome-20.nantes.grid5000.fr:30080/tools.descartes.teastore.webui/login,106157804212853,106161837632601
http://econome-20.nantes.grid5000.fr:30080/tools.descartes.teastore.webui/login,106158020657473,106161837774668
http://econome-20.nantes.grid5000.fr:30080/tools.descartes.teastore.webui/login,106160166175053,106161838076409
http://econome-20.nantes.grid5000.fr:30080/tools.descartes.teastore.webui/login,106156212364901,106161838167183
http://econome-20.nantes.grid5000.fr:30080/tools.descartes.teastore.webui/login,106160427999669,106161838424043
http://econome-20.nantes.grid5000.fr:30080/tools.descartes.teastore.webui/login,106160027794925,106161915111941
http://econome-20.nantes.grid5000.fr:30080/tools.descartes.teastore.webui/login,106156399955073,106161915407700
http://econome-20.nantes.grid5000.fr:30080/tools.descartes.teastore.webui/login,106158604417608,106161916971237
http://econome-20.nantes.grid5000.fr:30080/tools.descartes.teastore.webui/login,106158399936271,106161917253348
http://econome-20.nantes.grid5000.fr:30080/tools.descartes.teastore.webui/login,106161204698780,106161917264665
http://econome-20.nantes.grid5000.fr:30080/tools.descartes.teastore.webui/login,106159439630021,106161917426276
http://econome-20.nantes.grid5000.fr:30080/tools.descartes.teastore.webui/login,106159721447630,106161917661967
http://econome-20.nantes.grid5000.fr:30080/tools.descartes.teastore.webui/login,106157695928294,106161917699749
http://econome-20.nantes.grid5000.fr:30080/tools.descartes.teastore.webui/login,106159874499126,106161918798956
http://econome-20.nantes.grid5000.fr:30080/tools.descartes.teastore.webui/login,106156513186093,106161918905085
http://econome-20.nantes.grid5000.fr:30080/tools.descartes.teastore.webui/login,106160318715045,106161919181175
http://econome-20.nantes.grid5000.fr:30080/tools.descartes.teastore.webui/login,106157196678968,106161919572367
http://econome-20.nantes.grid5000.fr:30080/tools.descartes.teastore.webui/login,106158246224475,106161919863612
http://econome-20.nantes.grid5000.fr:30080/tools.descartes.teastore.webui/login,106156890328400,106161925137938
http://econome-20.nantes.grid5000.fr:30080/tools.descartes.teastore.webui/login,106160166063307,106161925240610
http://econome-20.nantes.grid5000.fr:30080/tools.descartes.teastore.webui/login,106157504539860,106161925653755
http://econome-20.nantes.grid5000.fr:30080/tools.descartes.teastore.webui/login,106157971430587,106161927122339
http://econome-20.nantes.grid5000.fr:30080/tools.descartes.teastore.webui/login,106156739722078,106161927599053
http://econome-20.nantes.grid5000.fr:30080/tools.descartes.teastore.webui/login,106161420475159,106161927660613
http://econome-20.nantes.grid5000.fr:30080/tools.descartes.teastore.webui/login,106158914364489,106161927807280
http://econome-20.nantes.grid5000.fr:30080/tools.descartes.teastore.webui/login,106161014069781,106161927923941
http://econome-20.nantes.grid5000.fr:30080/tools.descartes.teastore.webui/login,106157196555046,106161928021326
http://econome-20.nantes.grid5000.fr:30080/tools.descartes.teastore.webui/login,106157052389207,106161928178775
http://econome-20.nantes.grid5000.fr:30080/tools.descartes.teastore.webui/login,106159044555416,106161928402815
http://econome-20.nantes.grid5000.fr:30080/tools.descartes.teastore.webui/login,106159101985053,106161928447059
http://econome-20.nantes.grid5000.fr:30080/tools.descartes.teastore.webui/login,106159185254230,106161928626545
http://econome-20.nantes.grid5000.fr:30080/tools.descartes.teastore.webui/login,106158742718084,106161928794766
http://econome-20.nantes.grid5000.fr:30080/tools.descartes.teastore.webui/login,106160538113760,106161948534442
http://econome-20.nantes.grid5000.fr:30080/tools.descartes.teastore.webui/login,106158630638408,106161956055282
http://econome-20.nantes.grid5000.fr:30080/tools.descartes.teastore.webui/login,106160801841391,106161977544988
http://econome-20.nantes.grid5000.fr:30080/tools.descartes.teastore.webui/login,106158559233641,106161977548056
http://econome-20.nantes.grid5000.fr:30080/tools.descartes.teastore.webui/login,106160911838287,106161977558488
http://econome-20.nantes.grid5000.fr:30080/tools.descartes.teastore.webui/login,106160165960462,106161977566891
http://econome-20.nantes.grid5000.fr:30080/tools.descartes.teastore.webui/login,106159275269423,106161977573676
http://econome-20.nantes.grid5000.fr:30080/tools.descartes.teastore.webui/login,106157457349890,106161977598074
http://econome-20.nantes.grid5000.fr:30080/tools.descartes.teastore.webui/login,106160583363000,106162019968095
http://econome-20.nantes.grid5000.fr:30080/tools.descartes.teastore.webui/login,106159048590514,106162020251123
http://econome-20.nantes.grid5000.fr:30080/tools.descartes.teastore.webui/login,106161564509874,106162060490948
http://econome-20.nantes.grid5000.fr:30080/tools.descartes.teastore.webui/login,106160997096836,106162068107220
http://econome-20.nantes.grid5000.fr:30080/tools.descartes.teastore.webui/login,106161092338399,106162072945345
http://econome-20.nantes.grid5000.fr:30080/tools.descartes.teastore.webui/login,106157291078866,106162076506055
http://econome-20.nantes.grid5000.fr:30080/tools.descartes.teastore.webui/login,106159528127818,106162100457329
http://econome-20.nantes.grid5000.fr:30080/tools.descartes.teastore.webui/login,106156595548437,106162100457512
http://econome-20.nantes.grid5000.fr:30080/tools.descartes.teastore.webui/login,106161626071371,106162119314734
http://econome-20.nantes.grid5000.fr:30080/tools.descartes.teastore.webui/login,106161625910173,106162119336215
http://econome-20.nantes.grid5000.fr:30080/tools.descartes.teastore.webui/login,106161773463385,106162119338060
http://econome-20.nantes.grid5000.fr:30080/tools.descartes.teastore.webui/login,106161763092059,106162123544171
http://econome-20.nantes.grid5000.fr:30080/tools.descartes.teastore.webui/login,106162008056798,106162132197113
http://econome-20.nantes.grid5000.fr:30080/tools.descartes.teastore.webui/login,106159444742049,106162185057609
http://econome-20.nantes.grid5000.fr:30080/tools.descartes.teastore.webui/login,106161917597600,106162215946895
http://econome-20.nantes.grid5000.fr:30080/tools.descartes.teastore.webui/login,106162100092429,106162227215615
http://econome-20.nantes.grid5000.fr:30080/tools.descartes.teastore.webui/login,106157034345350,106162234866162
http://econome-20.nantes.grid5000.fr:30080/tools.descartes.teastore.webui/login,106162286714744,106162329834419
http://econome-20.nantes.grid5000.fr:30080/tools.descartes.teastore.webui/login,106162507877237,106162557588432
http://econome-20.nantes.grid5000.fr:30080/tools.descartes.teastore.webui/login,106162631262858,106162677656267
http://econome-20.nantes.grid5000.fr:30080/tools.descartes.teastore.webui/login,106162757658806,106162800396512
http://econome-20.nantes.grid5000.fr:30080/tools.descartes.teastore.webui/login,106162774776585,106162818793303
http://econome-20.nantes.grid5000.fr:30080/tools.descartes.teastore.webui/login,106162785104899,106162827219663
http://econome-20.nantes.grid5000.fr:30080/tools.descartes.teastore.webui/login,106162853156847,106162899045653
http://econome-20.nantes.grid5000.fr:30080/tools.descartes.teastore.webui/login,106162942768793,106162988614747
http://econome-20.nantes.grid5000.fr:30080/tools.descartes.teastore.webui/login,106163006873644,106163051304418
http://econome-20.nantes.grid5000.fr:30080/tools.descartes.teastore.webui/login,106163102437975,106163145076735
http://econome-20.nantes.grid5000.fr:30080/tools.descartes.teastore.webui/login,106163178625972,106163222221203
http://econome-20.nantes.grid5000.fr:30080/tools.descartes.teastore.webui/login,106163264475701,106163309323998
http://econome-20.nantes.grid5000.fr:30080/tools.descartes.teastore.webui/login,106163412891720,106163461147509
http://econome-20.nantes.grid5000.fr:30080/tools.descartes.teastore.webui/login,106163561199335,106163606978419
http://econome-20.nantes.grid5000.fr:30080/tools.descartes.teastore.webui/login,106163570428411,106163612927465
http://econome-20.nantes.grid5000.fr:30080/tools.descartes.teastore.webui/login,106163755764502,106163799270997
http://econome-20.nantes.grid5000.fr:30080/tools.descartes.teastore.webui/login,106163841948995,106163885559200
http://econome-20.nantes.grid5000.fr:30080/tools.descartes.teastore.webui/login,106163990303006,106164037097328
http://econome-20.nantes.grid5000.fr:30080/tools.descartes.teastore.webui/login,106164036661483,106164081210170
http://econome-20.nantes.grid5000.fr:30080/tools.descartes.teastore.webui/login,106164094994740,106164140116611
http://econome-20.nantes.grid5000.fr:30080/tools.descartes.teastore.webui/login,106164165499642,106164210947478
http://econome-20.nantes.grid5000.fr:30080/tools.descartes.teastore.webui/login,106164332515078,106164383354837
http://econome-20.nantes.grid5000.fr:30080/tools.descartes.teastore.webui/login,106164395503871,106164439666100
http://econome-20.nantes.grid5000.fr:30080/tools.descartes.teastore.webui/login,106164525788929,106164571292118
http://econome-20.nantes.grid5000.fr:30080/tools.descartes.teastore.webui/login,106164537775853,106164581217688
http://econome-20.nantes.grid5000.fr:30080/tools.descartes.teastore.webui/login,106164625947051,106164669769890
http://econome-20.nantes.grid5000.fr:30080/tools.descartes.teastore.webui/login,106164696406001,106164740557392
http://econome-20.nantes.grid5000.fr:30080/tools.descartes.teastore.webui/login,106164877597515,106164920216447
http://econome-20.nantes.grid5000.fr:30080/tools.descartes.teastore.webui/login,106165021755136,106165066507667
http://econome-20.nantes.grid5000.fr:30080/tools.descartes.teastore.webui/login,106165160939205,106165210334984
http://econome-20.nantes.grid5000.fr:30080/tools.descartes.teastore.webui/login,106165161130737,106165210823818
http://econome-20.nantes.grid5000.fr:30080/tools.descartes.teastore.webui/login,106165161342067,106165211536563
http://econome-20.nantes.grid5000.fr:30080/tools.descartes.teastore.webui/login,106165300796941,106165344465819
http://econome-20.nantes.grid5000.fr:30080/tools.descartes.teastore.webui/login,106165313899271,106165359798278
http://econome-20.nantes.grid5000.fr:30080/tools.descartes.teastore.webui/login,106165418232435,106165462102963
http://econome-20.nantes.grid5000.fr:30080/tools.descartes.teastore.webui/login,106165533721575,106165577865868
http://econome-20.nantes.grid5000.fr:30080/tools.descartes.teastore.webui/login,106165721141826,106165767705895
http://econome-20.nantes.grid5000.fr:30080/tools.descartes.teastore.webui/login,106165841174924,106165884871373
http://econome-20.nantes.grid5000.fr:30080/tools.descartes.teastore.webui/login,106165939196897,106165985753430
http://econome-20.nantes.grid5000.fr:30080/tools.descartes.teastore.webui/login,106165961406528,106166004537828
http://econome-20.nantes.grid5000.fr:30080/tools.descartes.teastore.webui/login,106166020495972,106166065420154
http://econome-20.nantes.grid5000.fr:30080/tools.descartes.teastore.webui/login,106166161735020,106166209454211
http://econome-20.nantes.grid5000.fr:30080/tools.descartes.teastore.webui/login,106166161680825,106166209500189
http://econome-20.nantes.grid5000.fr:30080/tools.descartes.teastore.webui/login,106166278314050,106166322367362
http://econome-20.nantes.grid5000.fr:30080/tools.descartes.teastore.webui/login,106166425782898,106166473906302
http://econome-20.nantes.grid5000.fr:30080/tools.descartes.teastore.webui/login,106166565066512,106166609684392
http://econome-20.nantes.grid5000.fr:30080/tools.descartes.teastore.webui/login,106166691180418,106166736218825
http://econome-20.nantes.grid5000.fr:30080/tools.descartes.teastore.webui/login,106166710204713,106166753651956
http://econome-20.nantes.grid5000.fr:30080/tools.descartes.teastore.webui/login,106166735415662,106166777421765
http://econome-20.nantes.grid5000.fr:30080/tools.descartes.teastore.webui/login,106166877760603,106166923642849
http://econome-20.nantes.grid5000.fr:30080/tools.descartes.teastore.webui/login,106167017891118,106167064756514
http://econome-20.nantes.grid5000.fr:30080/tools.descartes.teastore.webui/login,106167151111572,106167196927025
http://econome-20.nantes.grid5000.fr:30080/tools.descartes.teastore.webui/login,106167220453202,106167269431934
http://econome-20.nantes.grid5000.fr:30080/tools.descartes.teastore.webui/login,106167220514562,106167271376732
http://econome-20.nantes.grid5000.fr:30080/tools.descartes.teastore.webui/login,106167477076418,106167524727663
http://econome-20.nantes.grid5000.fr:30080/tools.descartes.teastore.webui/login,106167519312521,106167562387780
http://econome-20.nantes.grid5000.fr:30080/tools.descartes.teastore.webui/login,106167549414025,106167592438670
http://econome-20.nantes.grid5000.fr:30080/tools.descartes.teastore.webui/login,106167629593155,106167674059157
http://econome-20.nantes.grid5000.fr:30080/tools.descartes.teastore.webui/login,106167799912167,106167841798239
http://econome-20.nantes.grid5000.fr:30080/tools.descartes.teastore.webui/login,106167799970713,106167843465407
http://econome-20.nantes.grid5000.fr:30080/tools.descartes.teastore.webui/login,106167859985730,106167923197024
http://econome-20.nantes.grid5000.fr:30080/tools.descartes.teastore.webui/login,106167967156618,106168021531437
http://econome-20.nantes.grid5000.fr:30080/tools.descartes.teastore.webui/login,106168042431044,106168127095348
http://econome-20.nantes.grid5000.fr:30080/tools.descartes.teastore.webui/login,106168178687019,106168224526941
http://econome-20.nantes.grid5000.fr:30080/tools.descartes.teastore.webui/login,106168165569740,106168227657039
http://econome-20.nantes.grid5000.fr:30080/tools.descartes.teastore.webui/login,106168215084476,106168331984853
http://econome-20.nantes.grid5000.fr:30080/tools.descartes.teastore.webui/login,106168522702349,106168632315855
http://econome-20.nantes.grid5000.fr:30080/tools.descartes.teastore.webui/login,106168380426482,106168632331200
http://econome-20.nantes.grid5000.fr:30080/tools.descartes.teastore.webui/login,106168581776135,106168715387408
http://econome-20.nantes.grid5000.fr:30080/tools.descartes.teastore.webui/login,106168723871092,106168770979240
http://econome-20.nantes.grid5000.fr:30080/tools.descartes.teastore.webui/login,106168866239553,106168918661988
http://econome-20.nantes.grid5000.fr:30080/tools.descartes.teastore.webui/login,106168896575181,106168942436662
http://econome-20.nantes.grid5000.fr:30080/tools.descartes.teastore.webui/login,106168967856169,106169022652550
http://econome-20.nantes.grid5000.fr:30080/tools.descartes.teastore.webui/login,106169049674831,106169122371609
http://econome-20.nantes.grid5000.fr:30080/tools.descartes.teastore.webui/login,106169119992858,106169167735067
http://econome-20.nantes.grid5000.fr:30080/tools.descartes.teastore.webui/login,106169292635043,106169336326448
http://econome-20.nantes.grid5000.fr:30080/tools.descartes.teastore.webui/login,106169366120096,106169411224741
http://econome-20.nantes.grid5000.fr:30080/tools.descartes.teastore.webui/login,106169476794347,106169524449720
http://econome-20.nantes.grid5000.fr:30080/tools.descartes.teastore.webui/login,106169534940871,106169576743345
http://econome-20.nantes.grid5000.fr:30080/tools.descartes.teastore.webui/login,106169657114827,106169699266066
http://econome-20.nantes.grid5000.fr:30080/tools.descartes.teastore.webui/login,106169775255353,106169820550536
http://econome-20.nantes.grid5000.fr:30080/tools.descartes.teastore.webui/login,106169836441825,106169879273765
http://econome-20.nantes.grid5000.fr:30080/tools.descartes.teastore.webui/login,106169871658921,106169912537319
http://econome-20.nantes.grid5000.fr:30080/tools.descartes.teastore.webui/login,106170024075680,106170071085524
http://econome-20.nantes.grid5000.fr:30080/tools.descartes.teastore.webui/login,106170126393187,106170168083524
http://econome-20.nantes.grid5000.fr:30080/tools.descartes.teastore.webui/login,106170123328566,106170168037472
http://econome-20.nantes.grid5000.fr:30080/tools.descartes.teastore.webui/login,106170252389005,106170295910882
http://econome-20.nantes.grid5000.fr:30080/tools.descartes.teastore.webui/login,106170472248985,106170516126411
http://econome-20.nantes.grid5000.fr:30080/tools.descartes.teastore.webui/login,106170497557536,106170539997095
http://econome-20.nantes.grid5000.fr:30080/tools.descartes.teastore.webui/login,106170611638910,106170653050052
http://econome-20.nantes.grid5000.fr:30080/tools.descartes.teastore.webui/login,106170609705376,106170653216231
http://econome-20.nantes.grid5000.fr:30080/tools.descartes.teastore.webui/login,106170723922117,106170768255935
http://econome-20.nantes.grid5000.fr:30080/tools.descartes.teastore.webui/login,106170757236699,106170799237213
http://econome-20.nantes.grid5000.fr:30080/tools.descartes.teastore.webui/login,106170870510113,106170912945704
http://econome-20.nantes.grid5000.fr:30080/tools.descartes.teastore.webui/login,106170982702886,106171026598888
http://econome-20.nantes.grid5000.fr:30080/tools.descartes.teastore.webui/login,106171037926774,106171079397313
http://econome-20.nantes.grid5000.fr:30080/tools.descartes.teastore.webui/login,106171150158487,106171196891865
http://econome-20.nantes.grid5000.fr:30080/tools.descartes.teastore.webui/login,106171183194782,106171227759173
http://econome-20.nantes.grid5000.fr:30080/tools.descartes.teastore.webui/login,106171295362472,106171338220117
http://econome-20.nantes.grid5000.fr:30080/tools.descartes.teastore.webui/login,106171386205887,106171429606937
http://econome-20.nantes.grid5000.fr:30080/tools.descartes.teastore.webui/login,106171465403450,106171508147658
http://econome-20.nantes.grid5000.fr:30080/tools.descartes.teastore.webui/login,106171576459579,106171621553611
http://econome-20.nantes.grid5000.fr:30080/tools.descartes.teastore.webui/login,106171637643000,106171682387020
http://econome-20.nantes.grid5000.fr:30080/tools.descartes.teastore.webui/login,106171679830526,106171723237517
http://econome-20.nantes.grid5000.fr:30080/tools.descartes.teastore.webui/login,106171767313663,106171809157240
http://econome-20.nantes.grid5000.fr:30080/tools.descartes.teastore.webui/login,106171900952018,106171947279166
http://econome-20.nantes.grid5000.fr:30080/tools.descartes.teastore.webui/login,106171960051609,106172001027961
http://econome-20.nantes.grid5000.fr:30080/tools.descartes.teastore.webui/login,106172072478903,106172115208560
http://econome-20.nantes.grid5000.fr:30080/tools.descartes.teastore.webui/login,106172071469400,106172115303941
http://econome-20.nantes.grid5000.fr:30080/tools.descartes.teastore.webui/login,106172134675589,106172178041522
http://econome-20.nantes.grid5000.fr:30080/tools.descartes.teastore.webui/login,106172254025600,106172296428844
http://econome-20.nantes.grid5000.fr:30080/tools.descartes.teastore.webui/login,106172416722098,106172459548426
http://econome-20.nantes.grid5000.fr:30080/tools.descartes.teastore.webui/login,106172429831590,106172472115229
http://econome-20.nantes.grid5000.fr:30080/tools.descartes.teastore.webui/login,106172523064536,106172565723289
http://econome-20.nantes.grid5000.fr:30080/tools.descartes.teastore.webui/login,106172645210756,106172692630058
http://econome-20.nantes.grid5000.fr:30080/tools.descartes.teastore.webui/login,106172737271693,106172778973942
http://econome-20.nantes.grid5000.fr:30080/tools.descartes.teastore.webui/login,106172794398693,106172835919995
http://econome-20.nantes.grid5000.fr:30080/tools.descartes.teastore.webui/login,106172868493842,106172922994050
http://econome-20.nantes.grid5000.fr:30080/tools.descartes.teastore.webui/login,106172988670481,106173032440810
http://econome-20.nantes.grid5000.fr:30080/tools.descartes.teastore.webui/login,106173108863463,106173156909664
http://econome-20.nantes.grid5000.fr:30080/tools.descartes.teastore.webui/login,106173109036098,106173157079234
http://econome-20.nantes.grid5000.fr:30080/tools.descartes.teastore.webui/login,106173134944333,106173176250685
http://econome-20.nantes.grid5000.fr:30080/tools.descartes.teastore.webui/login,106173255084251,106173297267161
http://econome-20.nantes.grid5000.fr:30080/tools.descartes.teastore.webui/login,106173420721201,106173465191542
http://econome-20.nantes.grid5000.fr:30080/tools.descartes.teastore.webui/login,106173540720751,106173585889605
http://econome-20.nantes.grid5000.fr:30080/tools.descartes.teastore.webui/login,106173612030056,106173653730956
http://econome-20.nantes.grid5000.fr:30080/tools.descartes.teastore.webui/login,106173659985687,106173700390556
http://econome-20.nantes.grid5000.fr:30080/tools.descartes.teastore.webui/login,106173690181048,106173733036455
http://econome-20.nantes.grid5000.fr:30080/tools.descartes.teastore.webui/login,106173810329417,106173853334401
http://econome-20.nantes.grid5000.fr:30080/tools.descartes.teastore.webui/login,106173930561916,106173977048259
http://econome-20.nantes.grid5000.fr:30080/tools.descartes.teastore.webui/login,106173955598389,106173999950524
http://econome-20.nantes.grid5000.fr:30080/tools.descartes.teastore.webui/login,106174075797954,106174121471310
http://econome-20.nantes.grid5000.fr:30080/tools.descartes.teastore.webui/login,106174195827029,106174246317861
http://econome-20.nantes.grid5000.fr:30080/tools.descartes.teastore.webui/login,106174196249153,106174246379996
http://econome-20.nantes.grid5000.fr:30080/tools.descartes.teastore.webui/login,106174196064087,106174246941957
http://econome-20.nantes.grid5000.fr:30080/tools.descartes.teastore.webui/login,106174351442720,106174399394011
http://econome-20.nantes.grid5000.fr:30080/tools.descartes.teastore.webui/login,106174443509922,106174484577087
http://econome-20.nantes.grid5000.fr:30080/tools.descartes.teastore.webui/login,106174523819646,106174569068582
http://econome-20.nantes.grid5000.fr:30080/tools.descartes.teastore.webui/login,106174640957468,106174682324951
http://econome-20.nantes.grid5000.fr:30080/tools.descartes.teastore.webui/login,106174655204371,106174697553631
http://econome-20.nantes.grid5000.fr:30080/tools.descartes.teastore.webui/login,106174772339156,106174817936022
http://econome-20.nantes.grid5000.fr:30080/tools.descartes.teastore.webui/login,106174889377458,106174938916819
http://econome-20.nantes.grid5000.fr:30080/tools.descartes.teastore.webui/login,106174975571313,106175017489854
http://econome-20.nantes.grid5000.fr:30080/tools.descartes.teastore.webui/login,106175057781665,106175101282270
http://econome-20.nantes.grid5000.fr:30080/tools.descartes.teastore.webui/login,106175157898045,106175201297350
http://econome-20.nantes.grid5000.fr:30080/tools.descartes.teastore.webui/login,106175200915591,106175242844610
http://econome-20.nantes.grid5000.fr:30080/tools.descartes.teastore.webui/login,106175200932098,106175242866788
http://econome-20.nantes.grid5000.fr:30080/tools.descartes.teastore.webui/login,106175352545198,106175395356821
http://econome-20.nantes.grid5000.fr:30080/tools.descartes.teastore.webui/login,106175445743707,106175486417442
http://econome-20.nantes.grid5000.fr:30080/tools.descartes.teastore.webui/login,106175558040718,106175601283525
http://econome-20.nantes.grid5000.fr:30080/tools.descartes.teastore.webui/login,106175559957499,106175602707911
http://econome-20.nantes.grid5000.fr:30080/tools.descartes.teastore.webui/login,106175611241995,106175653051824
http://econome-20.nantes.grid5000.fr:30080/tools.descartes.teastore.webui/login,106175738358291,106175780161921
http://econome-20.nantes.grid5000.fr:30080/tools.descartes.teastore.webui/login,106175865503998,106175910869383
http://econome-20.nantes.grid5000.fr:30080/tools.descartes.teastore.webui/login,106175992641034,106176034868390
http://econome-20.nantes.grid5000.fr:30080/tools.descartes.teastore.webui/login,106176119718874,106176161263933
http://econome-20.nantes.grid5000.fr:30080/tools.descartes.teastore.webui/login,106176119727179,106176161265232
http://econome-20.nantes.grid5000.fr:30080/tools.descartes.teastore.webui/login,106176133742723,106176175478785
http://econome-20.nantes.grid5000.fr:30080/tools.descartes.teastore.webui/login,106176176823921,106176216184678
http://econome-20.nantes.grid5000.fr:30080/tools.descartes.teastore.webui/login,106176240286685,106176280762607
http://econome-20.nantes.grid5000.fr:30080/tools.descartes.teastore.webui/login,106176360573395,106176402520471
http://econome-20.nantes.grid5000.fr:30080/tools.descartes.teastore.webui/login,106176474639957,106176515992481
http://econome-20.nantes.grid5000.fr:30080/tools.descartes.teastore.webui/login,106176492808516,106176533472501
http://econome-20.nantes.grid5000.fr:30080/tools.descartes.teastore.webui/login,106176643302225,106176688251274
http://econome-20.nantes.grid5000.fr:30080/tools.descartes.teastore.webui/login,106176681744369,106176723381148
http://econome-20.nantes.grid5000.fr:30080/tools.descartes.teastore.webui/login,106176703057837,106176748560819
http://econome-20.nantes.grid5000.fr:30080/tools.descartes.teastore.webui/login,106176849376482,106176891256249
http://econome-20.nantes.grid5000.fr:30080/tools.descartes.teastore.webui/login,106176969726569,106177012142165
http://econome-20.nantes.grid5000.fr:30080/tools.descartes.teastore.webui/login,106177020061929,106177061894931
http://econome-20.nantes.grid5000.fr:30080/tools.descartes.teastore.webui/login,106177057234546,106177098241730
http://econome-20.nantes.grid5000.fr:30080/tools.descartes.teastore.webui/login,106177159275901,106177201931689
http://econome-20.nantes.grid5000.fr:30080/tools.descartes.teastore.webui/login,106177195653037,106177237409660
http://econome-20.nantes.grid5000.fr:30080/tools.descartes.teastore.webui/login,106177249659892,106177291372494
http://econome-20.nantes.grid5000.fr:30080/tools.descartes.teastore.webui/login,106177333039593,106177376269975
http://econome-20.nantes.grid5000.fr:30080/tools.descartes.teastore.webui/login,106177451163228,106177493536885
http://econome-20.nantes.grid5000.fr:30080/tools.descartes.teastore.webui/login,106177540516238,106177586803533
http://econome-20.nantes.grid5000.fr:30080/tools.descartes.teastore.webui/login,106177551769229,106177622774826
http://econome-20.nantes.grid5000.fr:30080/tools.descartes.teastore.webui/login,106177669995352,106177721950420
http://econome-20.nantes.grid5000.fr:30080/tools.descartes.teastore.webui/login,106177788309580,106178418224201
http://econome-20.nantes.grid5000.fr:30080/tools.descartes.teastore.webui/login,106177805472242,106178418257434
http://econome-20.nantes.grid5000.fr:30080/tools.descartes.teastore.webui/login,106178221275262,106178529453291
http://econome-20.nantes.grid5000.fr:30080/tools.descartes.teastore.webui/login,106178221194516,106178529579591
http://econome-20.nantes.grid5000.fr:30080/tools.descartes.teastore.webui/login,106178102710460,106178529727582
http://econome-20.nantes.grid5000.fr:30080/tools.descartes.teastore.webui/login,106178331963166,106178530153712
http://econome-20.nantes.grid5000.fr:30080/tools.descartes.teastore.webui/login,106177979556194,106178531759770
http://econome-20.nantes.grid5000.fr:30080/tools.descartes.teastore.webui/login,106178448224683,106178532670341
http://econome-20.nantes.grid5000.fr:30080/tools.descartes.teastore.webui/login,106177876598877,106178532746638
http://econome-20.nantes.grid5000.fr:30080/tools.descartes.teastore.webui/login,106178559510948,106178607554408
http://econome-20.nantes.grid5000.fr:30080/tools.descartes.teastore.webui/login,106178610723753,106178655730984
http://econome-20.nantes.grid5000.fr:30080/tools.descartes.teastore.webui/login,106178622883439,106178705779443
http://econome-20.nantes.grid5000.fr:30080/tools.descartes.teastore.webui/login,106178766229830,106178808831972
http://econome-20.nantes.grid5000.fr:30080/tools.descartes.teastore.webui/login,106178877321511,106178918721119
http://econome-20.nantes.grid5000.fr:30080/tools.descartes.teastore.webui/login,106178988626569,106179031249783
http://econome-20.nantes.grid5000.fr:30080/tools.descartes.teastore.webui/login,106179099875624,106179146971317
http://econome-20.nantes.grid5000.fr:30080/tools.descartes.teastore.webui/login,106179146210215,106179195759795
http://econome-20.nantes.grid5000.fr:30080/tools.descartes.teastore.webui/login,106179146180430,106179195813208
http://econome-20.nantes.grid5000.fr:30080/tools.descartes.teastore.webui/login,106179172199721,106179214810709
http://econome-20.nantes.grid5000.fr:30080/tools.descartes.teastore.webui/login,106179283306082,106179326282679
[POST]http://econome-20.nantes.grid5000.fr:30080/tools.descartes.teastore.webui/loginAction?username=user5&password=password,106180057248628,106180712458840
[POST]http://econome-20.nantes.grid5000.fr:30080/tools.descartes.teastore.webui/loginAction?username=user61&password=password,106180166551621,106180717255030
[POST]http://econome-20.nantes.grid5000.fr:30080/tools.descartes.teastore.webui/loginAction?username=user17&password=password,106187695429073,106193819815613
[POST]http://econome-20.nantes.grid5000.fr:30080/tools.descartes.teastore.webui/loginAction?username=user46&password=password,106182745488697,106193919987430
[POST]http://econome-20.nantes.grid5000.fr:30080/tools.descartes.teastore.webui/loginAction?username=user33&password=password,106180774385969,106193925332982
[POST]http://econome-20.nantes.grid5000.fr:30080/tools.descartes.teastore.webui/loginAction?username=user88&password=password,106185875499464,106193925353692
[POST]http://econome-20.nantes.grid5000.fr:30080/tools.descartes.teastore.webui/loginAction?username=user11&password=password,106187489990836,106193928385195
[POST]http://econome-20.nantes.grid5000.fr:30080/tools.descartes.teastore.webui/loginAction?username=user58&password=password,106182005201702,106193952246533
[POST]http://econome-20.nantes.grid5000.fr:30080/tools.descartes.teastore.webui/loginAction?username=user41&password=password,106186801511242,106194022422953
[POST]http://econome-20.nantes.grid5000.fr:30080/tools.descartes.teastore.webui/loginAction?username=user27&password=password,106179899905527,106194022435126
[POST]http://econome-20.nantes.grid5000.fr:30080/tools.descartes.teastore.webui/loginAction?username=user83&password=password,106185979633138,106194123298088
[POST]http://econome-20.nantes.grid5000.fr:30080/tools.descartes.teastore.webui/loginAction?username=user20&password=password,106188154450400,106194126426625
[POST]http://econome-20.nantes.grid5000.fr:30080/tools.descartes.teastore.webui/loginAction?username=user11&password=password,106180223695211,106194215991732
[POST]http://econome-20.nantes.grid5000.fr:30080/tools.descartes.teastore.webui/loginAction?username=user30&password=password,106181814446639,106194625645208
[POST]http://econome-20.nantes.grid5000.fr:30080/tools.descartes.teastore.webui/loginAction?username=user29&password=password,106183362850155,106194625724490
[POST]http://econome-20.nantes.grid5000.fr:30080/tools.descartes.teastore.webui/loginAction?username=user10&password=password,106181153797768,106194625776409
[POST]http://econome-20.nantes.grid5000.fr:30080/tools.descartes.teastore.webui/loginAction?username=user10&password=password,106188513963715,106194720961215
[POST]http://econome-20.nantes.grid5000.fr:30080/tools.descartes.teastore.webui/loginAction?username=user3&password=password,106186493336841,106194721224569
[POST]http://econome-20.nantes.grid5000.fr:30080/tools.descartes.teastore.webui/loginAction?username=user69&password=password,106189724856840,106194721289949
[POST]http://econome-20.nantes.grid5000.fr:30080/tools.descartes.teastore.webui/loginAction?username=user89&password=password,106181876718291,106194721722142
[POST]http://econome-20.nantes.grid5000.fr:30080/tools.descartes.teastore.webui/loginAction?username=user5&password=password,106182195045207,106194750342653
[POST]http://econome-20.nantes.grid5000.fr:30080/tools.descartes.teastore.webui/loginAction?username=user68&password=password,106180526712403,106194815634309
[POST]http://econome-20.nantes.grid5000.fr:30080/tools.descartes.teastore.webui/loginAction?username=user68&password=password,106186196932563,106194820919136
[POST]http://econome-20.nantes.grid5000.fr:30080/tools.descartes.teastore.webui/loginAction?username=user59&password=password,106186580674206,106194820941368
[POST]http://econome-20.nantes.grid5000.fr:30080/tools.descartes.teastore.webui/loginAction?username=user51&password=password,106183189752616,106194920263340
[POST]http://econome-20.nantes.grid5000.fr:30080/tools.descartes.teastore.webui/loginAction?username=user26&password=password,106189771911289,106195218846450
[POST]http://econome-20.nantes.grid5000.fr:30080/tools.descartes.teastore.webui/loginAction?username=user67&password=password,106187028533164,106195419808947
[POST]http://econome-20.nantes.grid5000.fr:30080/tools.descartes.teastore.webui/loginAction?username=user51&password=password,106181019237824,106195420631990
[POST]http://econome-20.nantes.grid5000.fr:30080/tools.descartes.teastore.webui/loginAction?username=user37&password=password,106182958141862,106195518053095
[POST]http://econome-20.nantes.grid5000.fr:30080/tools.descartes.teastore.webui/loginAction?username=user85&password=password,106185111337277,106195519794579
[POST]http://econome-20.nantes.grid5000.fr:30080/tools.descartes.teastore.webui/loginAction?username=user22&password=password,106189213759304,106195520044207
[POST]http://econome-20.nantes.grid5000.fr:30080/tools.descartes.teastore.webui/loginAction?username=user27&password=password,106188020939659,106195520166095
[POST]http://econome-20.nantes.grid5000.fr:30080/tools.descartes.teastore.webui/loginAction?username=user12&password=password,106186361912081,106195815199339
[POST]http://econome-20.nantes.grid5000.fr:30080/tools.descartes.teastore.webui/loginAction?username=user7&password=password,106189487958166,106195819597362
[POST]http://econome-20.nantes.grid5000.fr:30080/tools.descartes.teastore.webui/loginAction?username=user54&password=password,106187272511757,106195826332388
[POST]http://econome-20.nantes.grid5000.fr:30080/tools.descartes.teastore.webui/loginAction?username=user89&password=password,106179432197411,106195826511445
[POST]http://econome-20.nantes.grid5000.fr:30080/tools.descartes.teastore.webui/loginAction?username=user64&password=password,106185217768045,106195826732580
[POST]http://econome-20.nantes.grid5000.fr:30080/tools.descartes.teastore.webui/loginAction?username=user27&password=password,106183709419165,106195833162638
[POST]http://econome-20.nantes.grid5000.fr:30080/tools.descartes.teastore.webui/loginAction?username=user46&password=password,106187910832707,106195921575197
[POST]http://econome-20.nantes.grid5000.fr:30080/tools.descartes.teastore.webui/loginAction?username=user24&password=password,106189177557071,106195921673671
[POST]http://econome-20.nantes.grid5000.fr:30080/tools.descartes.teastore.webui/loginAction?username=user82&password=password,106181287033941,106196017037185
[POST]http://econome-20.nantes.grid5000.fr:30080/tools.descartes.teastore.webui/loginAction?username=user10&password=password,106184433339750,106196019295655
[POST]http://econome-20.nantes.grid5000.fr:30080/tools.descartes.teastore.webui/loginAction?username=user78&password=password,106187911870731,106196019323420
[POST]http://econome-20.nantes.grid5000.fr:30080/tools.descartes.teastore.webui/loginAction?username=user53&password=password,106182805614874,106196020598294
[POST]http://econome-20.nantes.grid5000.fr:30080/tools.descartes.teastore.webui/loginAction?username=user48&password=password,106190693974776,106196020750175
[POST]http://econome-20.nantes.grid5000.fr:30080/tools.descartes.teastore.webui/loginAction?username=user40&password=password,106187785563937,106196121303072
[POST]http://econome-20.nantes.grid5000.fr:30080/tools.descartes.teastore.webui/loginAction?username=user88&password=password,106183047216114,106196218407476
[POST]http://econome-20.nantes.grid5000.fr:30080/tools.descartes.teastore.webui/loginAction?username=user83&password=password,106185835396859,106196223717701
[POST]http://econome-20.nantes.grid5000.fr:30080/tools.descartes.teastore.webui/loginAction?username=user56&password=password,106188777575771,106196344731926
[POST]http://econome-20.nantes.grid5000.fr:30080/tools.descartes.teastore.webui/loginAction?username=user4&password=password,106189055363487,106196344790049
[POST]http://econome-20.nantes.grid5000.fr:30080/tools.descartes.teastore.webui/loginAction?username=user86&password=password,106179465747748,106196344938245
[POST]http://econome-20.nantes.grid5000.fr:30080/tools.descartes.teastore.webui/loginAction?username=user27&password=password,106179323077496,106196345235355
[POST]http://econome-20.nantes.grid5000.fr:30080/tools.descartes.teastore.webui/loginAction?username=user16&password=password,106184034207873,106196352537868
[POST]http://econome-20.nantes.grid5000.fr:30080/tools.descartes.teastore.webui/loginAction?username=user40&password=password,106180223501457,106196354921588
[POST]http://econome-20.nantes.grid5000.fr:30080/tools.descartes.teastore.webui/loginAction?username=user48&password=password,106182330245059,106196373536786
[POST]http://econome-20.nantes.grid5000.fr:30080/tools.descartes.teastore.webui/loginAction?username=user58&password=password,106183069310718,106196416303260
[POST]http://econome-20.nantes.grid5000.fr:30080/tools.descartes.teastore.webui/loginAction?username=user13&password=password,106186196903977,106196417329698
[POST]http://econome-20.nantes.grid5000.fr:30080/tools.descartes.teastore.webui/loginAction?username=user21&password=password,106188988139288,106196417480065
[POST]http://econome-20.nantes.grid5000.fr:30080/tools.descartes.teastore.webui/loginAction?username=user53&password=password,106181147710070,106196418652725
[POST]http://econome-20.nantes.grid5000.fr:30080/tools.descartes.teastore.webui/loginAction?username=user62&password=password,106186029804571,106196418868392
[POST]http://econome-20.nantes.grid5000.fr:30080/tools.descartes.teastore.webui/loginAction?username=user9&password=password,106180931887887,106196418884202
[POST]http://econome-20.nantes.grid5000.fr:30080/tools.descartes.teastore.webui/loginAction?username=user80&password=password,106180880597559,106196419555405
[POST]http://econome-20.nantes.grid5000.fr:30080/tools.descartes.teastore.webui/loginAction?username=user5&password=password,106191958015094,106196419714361
[POST]http://econome-20.nantes.grid5000.fr:30080/tools.descartes.teastore.webui/loginAction?username=user34&password=password,106190067478218,106196419879908
[POST]http://econome-20.nantes.grid5000.fr:30080/tools.descartes.teastore.webui/loginAction?username=user67&password=password,106191137529171,106196421176635
[POST]http://econome-20.nantes.grid5000.fr:30080/tools.descartes.teastore.webui/loginAction?username=user61&password=password,106180962843186,106196421598579
[POST]http://econome-20.nantes.grid5000.fr:30080/tools.descartes.teastore.webui/loginAction?username=user50&password=password,106190703222875,106196422786797
[POST]http://econome-20.nantes.grid5000.fr:30080/tools.descartes.teastore.webui/loginAction?username=user90&password=password,106187611295777,106196422878264
[POST]http://econome-20.nantes.grid5000.fr:30080/tools.descartes.teastore.webui/loginAction?username=user61&password=password,106189501222128,106196423400744
[POST]http://econome-20.nantes.grid5000.fr:30080/tools.descartes.teastore.webui/loginAction?username=user2&password=password,106180420452034,106196425522529
[POST]http://econome-20.nantes.grid5000.fr:30080/tools.descartes.teastore.webui/loginAction?username=user86&password=password,106190191695757,106196434888499
[POST]http://econome-20.nantes.grid5000.fr:30080/tools.descartes.teastore.webui/loginAction?username=user24&password=password,106184058482145,106196486235652
[POST]http://econome-20.nantes.grid5000.fr:30080/tools.descartes.teastore.webui/loginAction?username=user76&password=password,106189619505600,106196486404112
[POST]http://econome-20.nantes.grid5000.fr:30080/tools.descartes.teastore.webui/loginAction?username=user88&password=password,106181041452972,106196489445459
[POST]http://econome-20.nantes.grid5000.fr:30080/tools.descartes.teastore.webui/loginAction?username=user64&password=password,106183519595171,106196515519980
[POST]http://econome-20.nantes.grid5000.fr:30080/tools.descartes.teastore.webui/loginAction?username=user23&password=password,106179541892696,106196515539559
[POST]http://econome-20.nantes.grid5000.fr:30080/tools.descartes.teastore.webui/loginAction?username=user14&password=password,106194153214106,106196517857947
[POST]http://econome-20.nantes.grid5000.fr:30080/tools.descartes.teastore.webui/loginAction?username=user23&password=password,106190882772892,106196518199039
[POST]http://econome-20.nantes.grid5000.fr:30080/tools.descartes.teastore.webui/loginAction?username=user71&password=password,106191390438704,106196518268225
[POST]http://econome-20.nantes.grid5000.fr:30080/tools.descartes.teastore.webui/loginAction?username=user10&password=password,106184899053097,106196518307288
[POST]http://econome-20.nantes.grid5000.fr:30080/tools.descartes.teastore.webui/loginAction?username=user58&password=password,106191236766265,106196518639978
[POST]http://econome-20.nantes.grid5000.fr:30080/tools.descartes.teastore.webui/loginAction?username=user33&password=password,106184603922546,106196520505737
[POST]http://econome-20.nantes.grid5000.fr:30080/tools.descartes.teastore.webui/loginAction?username=user10&password=password,106184215146102,106196521120302
[POST]http://econome-20.nantes.grid5000.fr:30080/tools.descartes.teastore.webui/loginAction?username=user41&password=password,106181483995027,106196521132292
[POST]http://econome-20.nantes.grid5000.fr:30080/tools.descartes.teastore.webui/loginAction?username=user2&password=password,106191842543784,106196522617596
[POST]http://econome-20.nantes.grid5000.fr:30080/tools.descartes.teastore.webui/loginAction?username=user39&password=password,106186137784708,106196522668173
[POST]http://econome-20.nantes.grid5000.fr:30080/tools.descartes.teastore.webui/loginAction?username=user5&password=password,106181440851217,106196522729680
[POST]http://econome-20.nantes.grid5000.fr:30080/tools.descartes.teastore.webui/loginAction?username=user20&password=password,106185563750983,106196522826281
[POST]http://econome-20.nantes.grid5000.fr:30080/tools.descartes.teastore.webui/loginAction?username=user49&password=password,106183171385826,106196524387981
[POST]http://econome-20.nantes.grid5000.fr:30080/tools.descartes.teastore.webui/loginAction?username=user16&password=password,106181571824805,106196524541444
[POST]http://econome-20.nantes.grid5000.fr:30080/tools.descartes.teastore.webui/loginAction?username=user68&password=password,106190981958440,106196524919750
[POST]http://econome-20.nantes.grid5000.fr:30080/tools.descartes.teastore.webui/loginAction?username=user6&password=password,106183906150259,106196525263747
[POST]http://econome-20.nantes.grid5000.fr:30080/tools.descartes.teastore.webui/loginAction?username=user49&password=password,106179790785981,106196525264328
[POST]http://econome-20.nantes.grid5000.fr:30080/tools.descartes.teastore.webui/loginAction?username=user80&password=password,106194235270691,106196525873417
[POST]http://econome-20.nantes.grid5000.fr:30080/tools.descartes.teastore.webui/loginAction?username=user42&password=password,106179733407302,106196528683066
[POST]http://econome-20.nantes.grid5000.fr:30080/tools.descartes.teastore.webui/loginAction?username=user66&password=password,106183561059226,106196554183997
[POST]http://econome-20.nantes.grid5000.fr:30080/tools.descartes.teastore.webui/loginAction?username=user27&password=password,106182057509107,106196555066049
[POST]http://econome-20.nantes.grid5000.fr:30080/tools.descartes.teastore.webui/loginAction?username=user19&password=password,106183227819298,106196624247772
[POST]http://econome-20.nantes.grid5000.fr:30080/tools.descartes.teastore.webui/loginAction?username=user53&password=password,106193494934001,106196624508191
[POST]http://econome-20.nantes.grid5000.fr:30080/tools.descartes.teastore.webui/loginAction?username=user71&password=password,106190783525653,106196624512684
[POST]http://econome-20.nantes.grid5000.fr:30080/tools.descartes.teastore.webui/loginAction?username=user34&password=password,106184654381096,106196624576404
[POST]http://econome-20.nantes.grid5000.fr:30080/tools.descartes.teastore.webui/loginAction?username=user70&password=password,106192077258988,106196624813052
[POST]http://econome-20.nantes.grid5000.fr:30080/tools.descartes.teastore.webui/loginAction?username=user88&password=password,106192906073768,106196625435992
[POST]http://econome-20.nantes.grid5000.fr:30080/tools.descartes.teastore.webui/loginAction?username=user62&password=password,106179624188680,106196626479445
[POST]http://econome-20.nantes.grid5000.fr:30080/tools.descartes.teastore.webui/loginAction?username=user2&password=password,106191417728750,106196654731792
[POST]http://econome-20.nantes.grid5000.fr:30080/tools.descartes.teastore.webui/loginAction?username=user4&password=password,106192400563940,106196708379205
[POST]http://econome-20.nantes.grid5000.fr:30080/tools.descartes.teastore.webui/loginAction?username=user36&password=password,106194235342635,106196716271195
[POST]http://econome-20.nantes.grid5000.fr:30080/tools.descartes.teastore.webui/loginAction?username=user60&password=password,106189863130437,106196716327611
[POST]http://econome-20.nantes.grid5000.fr:30080/tools.descartes.teastore.webui/loginAction?username=user54&password=password,106179917937167,106196716596404
[POST]http://econome-20.nantes.grid5000.fr:30080/tools.descartes.teastore.webui/loginAction?username=user45&password=password,106185217564308,106196716815494
[POST]http://econome-20.nantes.grid5000.fr:30080/tools.descartes.teastore.webui/loginAction?username=user35&password=password,106194524535459,106196717323347
[POST]http://econome-20.nantes.grid5000.fr:30080/tools.descartes.teastore.webui/loginAction?username=user50&password=password,106184792877017,106196717403460
[POST]http://econome-20.nantes.grid5000.fr:30080/tools.descartes.teastore.webui/loginAction?username=user3&password=password,106192204609927,106196718915334
[POST]http://econome-20.nantes.grid5000.fr:30080/tools.descartes.teastore.webui/loginAction?username=user16&password=password,106192706452775,106196719050926
[POST]http://econome-20.nantes.grid5000.fr:30080/tools.descartes.teastore.webui/loginAction?username=user72&password=password,106195299595764,106196719122784
[POST]http://econome-20.nantes.grid5000.fr:30080/tools.descartes.teastore.webui/loginAction?username=user52&password=password,106192752570271,106196719896280
[POST]http://econome-20.nantes.grid5000.fr:30080/tools.descartes.teastore.webui/loginAction?username=user73&password=password,106193205747142,106196720246678
[POST]http://econome-20.nantes.grid5000.fr:30080/tools.descartes.teastore.webui/loginAction?username=user83&password=password,106185350148539,106196720251770
[POST]http://econome-20.nantes.grid5000.fr:30080/tools.descartes.teastore.webui/loginAction?username=user48&password=password,106192307414713,106196722692446
[POST]http://econome-20.nantes.grid5000.fr:30080/tools.descartes.teastore.webui/loginAction?username=user71&password=password,106188579140851,106196722905121
[POST]http://econome-20.nantes.grid5000.fr:30080/tools.descartes.teastore.webui/loginAction?username=user90&password=password,106193820527320,106196722962060
[POST]http://econome-20.nantes.grid5000.fr:30080/tools.descartes.teastore.webui/loginAction?username=user33&password=password,106188875733986,106196722994195
[POST]http://econome-20.nantes.grid5000.fr:30080/tools.descartes.teastore.webui/loginAction?username=user86&password=password,106195425353197,106196723032235
[POST]http://econome-20.nantes.grid5000.fr:30080/tools.descartes.teastore.webui/loginAction?username=user47&password=password,106192829964692,106196723372258
[POST]http://econome-20.nantes.grid5000.fr:30080/tools.descartes.teastore.webui/loginAction?username=user47&password=password,106189721598089,106196724145356
[POST]http://econome-20.nantes.grid5000.fr:30080/tools.descartes.teastore.webui/loginAction?username=user67&password=password,106185660906907,106196729757979
[POST]http://econome-20.nantes.grid5000.fr:30080/tools.descartes.teastore.webui/loginAction?username=user18&password=password,106182278267153,106196766125196
[POST]http://econome-20.nantes.grid5000.fr:30080/tools.descartes.teastore.webui/loginAction?username=user3&password=password,106193304940582,106196766394036
[POST]http://econome-20.nantes.grid5000.fr:30080/tools.descartes.teastore.webui/loginAction?username=user61&password=password,106186739527813,106196771123088
[POST]http://econome-20.nantes.grid5000.fr:30080/tools.descartes.teastore.webui/loginAction?username=user49&password=password,106190153733803,106196773665516
[POST]http://econome-20.nantes.grid5000.fr:30080/tools.descartes.teastore.webui/loginAction?username=user69&password=password,106188051108386,106196773704410
[POST]http://econome-20.nantes.grid5000.fr:30080/tools.descartes.teastore.webui/loginAction?username=user89&password=password,106194235237391,106196815961656
[POST]http://econome-20.nantes.grid5000.fr:30080/tools.descartes.teastore.webui/loginAction?username=user52&password=password,106192061256164,106196815986214
[POST]http://econome-20.nantes.grid5000.fr:30080/tools.descartes.teastore.webui/loginAction?username=user50&password=password,106193907730723,106196816061038
[POST]http://econome-20.nantes.grid5000.fr:30080/tools.descartes.teastore.webui/loginAction?username=user15&password=password,106194942586823,106196816072707
[POST]http://econome-20.nantes.grid5000.fr:30080/tools.descartes.teastore.webui/loginAction?username=user28&password=password,106190438037335,106196816176946
[POST]http://econome-20.nantes.grid5000.fr:30080/tools.descartes.teastore.webui/loginAction?username=user61&password=password,106182439495083,106196841974207
[POST]http://econome-20.nantes.grid5000.fr:30080/tools.descartes.teastore.webui/loginAction?username=user83&password=password,106183410124782,106196914227359
[POST]http://econome-20.nantes.grid5000.fr:30080/tools.descartes.teastore.webui/loginAction?username=user29&password=password,106185217851612,106196917049270
[POST]http://econome-20.nantes.grid5000.fr:30080/tools.descartes.teastore.webui/loginAction?username=user8&password=password,106192698063552,106196919420106
[POST]http://econome-20.nantes.grid5000.fr:30080/tools.descartes.teastore.webui/loginAction?username=user54&password=password,106194846169345,106196919789390
[POST]http://econome-20.nantes.grid5000.fr:30080/tools.descartes.teastore.webui/loginAction?username=user22&password=password,106194003952086,106196922499306
[POST]http://econome-20.nantes.grid5000.fr:30080/tools.descartes.teastore.webui/loginAction?username=user69&password=password,106189378688645,106196932192616
[POST]http://econome-20.nantes.grid5000.fr:30080/tools.descartes.teastore.webui/loginAction?username=user55&password=password,106191880665610,106196975361399
[POST]http://econome-20.nantes.grid5000.fr:30080/tools.descartes.teastore.webui/loginAction?username=user11&password=password,106193646400857,106196975544897
[POST]http://econome-20.nantes.grid5000.fr:30080/tools.descartes.teastore.webui/loginAction?username=user18&password=password,106188678250443,106196983310385
[POST]http://econome-20.nantes.grid5000.fr:30080/tools.descartes.teastore.webui/loginAction?username=user60&password=password,106195609656270,106197017162826
[POST]http://econome-20.nantes.grid5000.fr:30080/tools.descartes.teastore.webui/loginAction?username=user69&password=password,106195203318284,106197017242877
[POST]http://econome-20.nantes.grid5000.fr:30080/tools.descartes.teastore.webui/loginAction?username=user39&password=password,106195111304668,106197018594119
[POST]http://econome-20.nantes.grid5000.fr:30080/tools.descartes.teastore.webui/loginAction?username=user64&password=password,106191756376844,106197018734265
[POST]http://econome-20.nantes.grid5000.fr:30080/tools.descartes.teastore.webui/loginAction?username=user11&password=password,106192598942837,106197018872165
[POST]http://econome-20.nantes.grid5000.fr:30080/tools.descartes.teastore.webui/loginAction?username=user38&password=password,106186729287291,106197019338876
[POST]http://econome-20.nantes.grid5000.fr:30080/tools.descartes.teastore.webui/loginAction?username=user17&password=password,106193618224065,106197019806751
[POST]http://econome-20.nantes.grid5000.fr:30080/tools.descartes.teastore.webui/loginAction?username=user56&password=password,106194620677925,106197019915946
[POST]http://econome-20.nantes.grid5000.fr:30080/tools.descartes.teastore.webui/loginAction?username=user65&password=password,106186412083390,106197020184175
[POST]http://econome-20.nantes.grid5000.fr:30080/tools.descartes.teastore.webui/loginAction?username=user74&password=password,106194960822327,106197023333727
[POST]http://econome-20.nantes.grid5000.fr:30080/tools.descartes.teastore.webui/loginAction?username=user73&password=password,106195496928887,106197023463611
[POST]http://econome-20.nantes.grid5000.fr:30080/tools.descartes.teastore.webui/loginAction?username=user8&password=password,106194643706021,106197023735851
[POST]http://econome-20.nantes.grid5000.fr:30080/tools.descartes.teastore.webui/loginAction?username=user24&password=password,106195890216108,106197023799807
[POST]http://econome-20.nantes.grid5000.fr:30080/tools.descartes.teastore.webui/loginAction?username=user64&password=password,106193001151897,106197023803179
[POST]http://econome-20.nantes.grid5000.fr:30080/tools.descartes.teastore.webui/loginAction?username=user44&password=password,106194065991289,106197025883944
[POST]http://econome-20.nantes.grid5000.fr:30080/tools.descartes.teastore.webui/loginAction?username=user80&password=password,106193733477902,106197026035463
[POST]http://econome-20.nantes.grid5000.fr:30080/tools.descartes.teastore.webui/loginAction?username=user79&password=password,106187381657596,106197061653010
[POST]http://econome-20.nantes.grid5000.fr:30080/tools.descartes.teastore.webui/loginAction?username=user27&password=password,106194331951965,106197116521206
[POST]http://econome-20.nantes.grid5000.fr:30080/tools.descartes.teastore.webui/loginAction?username=user59&password=password,106193916888018,106197117080450
[POST]http://econome-20.nantes.grid5000.fr:30080/tools.descartes.teastore.webui/loginAction?username=user79&password=password,106195299708623,106197117300615
[POST]http://econome-20.nantes.grid5000.fr:30080/tools.descartes.teastore.webui/loginAction?username=user42&password=password,106185271986054,106197117603301
[POST]http://econome-20.nantes.grid5000.fr:30080/tools.descartes.teastore.webui/loginAction?username=user55&password=password,106195424236416,106197117664660
[POST]http://econome-20.nantes.grid5000.fr:30080/tools.descartes.teastore.webui/loginAction?username=user14&password=password,106196179581838,106197117908777
[POST]http://econome-20.nantes.grid5000.fr:30080/tools.descartes.teastore.webui/loginAction?username=user53&password=password,106186973283204,106197120431510
[POST]http://econome-20.nantes.grid5000.fr:30080/tools.descartes.teastore.webui/loginAction?username=user66&password=password,106185436292561,106197120514251
[POST]http://econome-20.nantes.grid5000.fr:30080/tools.descartes.teastore.webui/loginAction?username=user68&password=password,106184510469874,106197121597523
[POST]http://econome-20.nantes.grid5000.fr:30080/tools.descartes.teastore.webui/loginAction?username=user31&password=password,106181981976135,106197145437456
[POST]http://econome-20.nantes.grid5000.fr:30080/tools.descartes.teastore.webui/loginAction?username=user23&password=password,106195697782300,106197216210410
[POST]http://econome-20.nantes.grid5000.fr:30080/tools.descartes.teastore.webui/loginAction?username=user45&password=password,106191009110639,106197216266259
[POST]http://econome-20.nantes.grid5000.fr:30080/tools.descartes.teastore.webui/loginAction?username=user40&password=password,106193162663386,106197216297947
[POST]http://econome-20.nantes.grid5000.fr:30080/tools.descartes.teastore.webui/loginAction?username=user29&password=password,106195015115852,106197217331435
[POST]http://econome-20.nantes.grid5000.fr:30080/tools.descartes.teastore.webui/loginAction?username=user28&password=password,106186853039250,106197217377077
[POST]http://econome-20.nantes.grid5000.fr:30080/tools.descartes.teastore.webui/loginAction?username=user33&password=password,106189154469971,106197217437623
[POST]http://econome-20.nantes.grid5000.fr:30080/tools.descartes.teastore.webui/loginAction?username=user88&password=password,106190295711179,106197218550199
[POST]http://econome-20.nantes.grid5000.fr:30080/tools.descartes.teastore.webui/loginAction?username=user61&password=password,106183643406327,106197218614100
[POST]http://econome-20.nantes.grid5000.fr:30080/tools.descartes.teastore.webui/loginAction?username=user69&password=password,106189965240406,106197218614038
[POST]http://econome-20.nantes.grid5000.fr:30080/tools.descartes.teastore.webui/loginAction?username=user73&password=password,106182077638685,106197246687015
[POST]http://econome-20.nantes.grid5000.fr:30080/tools.descartes.teastore.webui/loginAction?username=user87&password=password,106195829094643,106197316281155
[POST]http://econome-20.nantes.grid5000.fr:30080/tools.descartes.teastore.webui/loginAction?username=user27&password=password,106195978581203,106197316344049
[POST]http://econome-20.nantes.grid5000.fr:30080/tools.descartes.teastore.webui/loginAction?username=user65&password=password,106188286350671,106197316350194
[POST]http://econome-20.nantes.grid5000.fr:30080/tools.descartes.teastore.webui/loginAction?username=user24&password=password,106194428247431,106197316373494
[POST]http://econome-20.nantes.grid5000.fr:30080/tools.descartes.teastore.webui/loginAction?username=user19&password=password,106194750034242,106197316430048
[POST]http://econome-20.nantes.grid5000.fr:30080/tools.descartes.teastore.webui/loginAction?username=user64&password=password,106183411344156,106197317853627
[POST]http://econome-20.nantes.grid5000.fr:30080/tools.descartes.teastore.webui/loginAction?username=user49&password=password,106190215855513,106197317900853
[POST]http://econome-20.nantes.grid5000.fr:30080/tools.descartes.teastore.webui/loginAction?username=user41&password=password,106184302174175,106197317930379
[POST]http://econome-20.nantes.grid5000.fr:30080/tools.descartes.teastore.webui/loginAction?username=user18&password=password,106194739987607,106197320440169
[POST]http://econome-20.nantes.grid5000.fr:30080/tools.descartes.teastore.webui/loginAction?username=user9&password=password,106196301095217,106197414959530
[POST]http://econome-20.nantes.grid5000.fr:30080/tools.descartes.teastore.webui/loginAction?username=user9&password=password,106183954111183,106197417191943
[POST]http://econome-20.nantes.grid5000.fr:30080/tools.descartes.teastore.webui/loginAction?username=user82&password=password,106191499833832,106197419588111
[POST]http://econome-20.nantes.grid5000.fr:30080/tools.descartes.teastore.webui/loginAction?username=user4&password=password,106187213946602,106197519701562
[POST]http://econome-20.nantes.grid5000.fr:30080/tools.descartes.teastore.webui/loginAction?username=user41&password=password,106190465230455,106197519758874
[POST]http://econome-20.nantes.grid5000.fr:30080/tools.descartes.teastore.webui/loginAction?username=user2&password=password,106196562954111,106197519808023
[POST]http://econome-20.nantes.grid5000.fr:30080/tools.descartes.teastore.webui/loginAction?username=user10&password=password,106188464946972,106197628543070
[POST]http://econome-20.nantes.grid5000.fr:30080/tools.descartes.teastore.webui/loginAction?username=user30&password=password,106193531036334,106197630226112
[POST]http://econome-20.nantes.grid5000.fr:30080/tools.descartes.teastore.webui/loginAction?username=user40&password=password,106185727119438,106197631656338
[POST]http://econome-20.nantes.grid5000.fr:30080/tools.descartes.teastore.webui/loginAction?username=user61&password=password,106188234858856,106197633595401
[POST]http://econome-20.nantes.grid5000.fr:30080/tools.descartes.teastore.webui/loginAction?username=user21&password=password,106188804583256,106197633711672
[POST]http://econome-20.nantes.grid5000.fr:30080/tools.descartes.teastore.webui/loginAction?username=user12&password=password,106180576861430,106197634963227
[POST]http://econome-20.nantes.grid5000.fr:30080/tools.descartes.teastore.webui/loginAction?username=user90&password=password,106192219740417,106197635378186
[POST]http://econome-20.nantes.grid5000.fr:30080/tools.descartes.teastore.webui/loginAction?username=user77&password=password,106191657243925,106197635765728
[POST]http://econome-20.nantes.grid5000.fr:30080/tools.descartes.teastore.webui/loginAction?username=user33&password=password,106184166875743,106197638980778
[POST]http://econome-20.nantes.grid5000.fr:30080/tools.descartes.teastore.webui/loginAction?username=user73&password=password,106182472621533,106197662575529
[POST]http://econome-20.nantes.grid5000.fr:30080/tools.descartes.teastore.webui/loginAction?username=user36&password=password,106180680154520,106197718067477
[POST]http://econome-20.nantes.grid5000.fr:30080/tools.descartes.teastore.webui/loginAction?username=user53&password=password,106181709330019,106197718409009
[POST]http://econome-20.nantes.grid5000.fr:30080/tools.descartes.teastore.webui/loginAction?username=user10&password=password,106191603087526,106197718713115
[POST]http://econome-20.nantes.grid5000.fr:30080/tools.descartes.teastore.webui/loginAction?username=user82&password=password,106190629673581,106197718908183
[POST]http://econome-20.nantes.grid5000.fr:30080/tools.descartes.teastore.webui/loginAction?username=user75&password=password,106182780476439,106197718966441
[POST]http://econome-20.nantes.grid5000.fr:30080/tools.descartes.teastore.webui/loginAction?username=user73&password=password,106186468134804,106197721202430
[POST]http://econome-20.nantes.grid5000.fr:30080/tools.descartes.teastore.webui/loginAction?username=user81&password=password,106185605719725,106197721212752
[POST]http://econome-20.nantes.grid5000.fr:30080/tools.descartes.teastore.webui/loginAction?username=user31&password=password,106185005192398,106197721486343
[POST]http://econome-20.nantes.grid5000.fr:30080/tools.descartes.teastore.webui/loginAction?username=user29&password=password,106187182770172,106197721732188
[POST]http://econome-20.nantes.grid5000.fr:30080/tools.descartes.teastore.webui/loginAction?username=user17&password=password,106189333415504,106197722103366
[POST]http://econome-20.nantes.grid5000.fr:30080/tools.descartes.teastore.webui/loginAction?username=user9&password=password,106188400706113,106197722337446
[POST]http://econome-20.nantes.grid5000.fr:30080/tools.descartes.teastore.webui/loginAction?username=user43&password=password,106196743277843,106197722459678
[POST]http://econome-20.nantes.grid5000.fr:30080/tools.descartes.teastore.webui/loginAction?username=user77&password=password,106181526271832,106197722668648
[POST]http://econome-20.nantes.grid5000.fr:30080/tools.descartes.teastore.webui/loginAction?username=user36&password=password,106188888821885,106197722839085
[POST]http://econome-20.nantes.grid5000.fr:30080/tools.descartes.teastore.webui/loginAction?username=user69&password=password,106183792730377,106197723028692
[POST]http://econome-20.nantes.grid5000.fr:30080/tools.descartes.teastore.webui/loginAction?username=user2&password=password,106196401612830,106197724324125
[POST]http://econome-20.nantes.grid5000.fr:30080/tools.descartes.teastore.webui/loginAction?username=user86&password=password,106191236817713,106197724327155
[POST]http://econome-20.nantes.grid5000.fr:30080/tools.descartes.teastore.webui/loginAction?username=user37&password=password,106187892719574,106197724550205
[POST]http://econome-20.nantes.grid5000.fr:30080/tools.descartes.teastore.webui/loginAction?username=user75&password=password,106192499780731,106197724764076
[POST]http://econome-20.nantes.grid5000.fr:30080/tools.descartes.teastore.webui/loginAction?username=user51&password=password,106193457750779,106197724768298
[POST]http://econome-20.nantes.grid5000.fr:30080/tools.descartes.teastore.webui/loginAction?username=user3&password=password,106184598671781,106197724896700
[POST]http://econome-20.nantes.grid5000.fr:30080/tools.descartes.teastore.webui/loginAction?username=user81&password=password,106190153777621,106197725027666
[POST]http://econome-20.nantes.grid5000.fr:30080/tools.descartes.teastore.webui/loginAction?username=user64&password=password,106191018097533,106197726373851
[POST]http://econome-20.nantes.grid5000.fr:30080/tools.descartes.teastore.webui/loginAction?username=user73&password=password,106182598956283,106197751515290
[POST]http://econome-20.nantes.grid5000.fr:30080/tools.descartes.teastore.webui/loginAction?username=user37&password=password,106182643168511,106197751644979
[POST]http://econome-20.nantes.grid5000.fr:30080/tools.descartes.teastore.webui/loginAction?username=user29&password=password,106187076529219,106197813730934
[POST]http://econome-20.nantes.grid5000.fr:30080/tools.descartes.teastore.webui/loginAction?username=user66&password=password,106196883935403,106197814819338
[POST]http://econome-20.nantes.grid5000.fr:30080/tools.descartes.teastore.webui/loginAction?username=user45&password=password,106192702209016,106197818590298
[POST]http://econome-20.nantes.grid5000.fr:30080/tools.descartes.teastore.webui/loginAction?username=user38&password=password,106191923812914,106197856478681
[POST]http://econome-20.nantes.grid5000.fr:30080/tools.descartes.teastore.webui/loginAction?username=user65&password=password,106187402844704,106197859696584
[POST]http://econome-20.nantes.grid5000.fr:30080/tools.descartes.teastore.webui/loginAction?username=user9&password=password,106185217510886,106197862038362
[POST]http://econome-20.nantes.grid5000.fr:30080/tools.descartes.teastore.webui/loginAction?username=user76&password=password,106196763448108,106198015457275
[POST]http://econome-20.nantes.grid5000.fr:30080/tools.descartes.teastore.webui/loginAction?username=user12&password=password,106193019385874,106198015806199
[POST]http://econome-20.nantes.grid5000.fr:30080/tools.descartes.teastore.webui/loginAction?username=user30&password=password,106190483206060,106198015927648
[POST]http://econome-20.nantes.grid5000.fr:30080/tools.descartes.teastore.webui/loginAction?username=user46&password=password,106191299331869,106198016040520
[POST]http://econome-20.nantes.grid5000.fr:30080/tools.descartes.teastore.webui/loginAction?username=user7&password=password,106196491758078,106198023685778
[POST]http://econome-20.nantes.grid5000.fr:30080/tools.descartes.teastore.webui/loginAction?username=user46&password=password,106195595503090,106198422316646
[POST]http://econome-20.nantes.grid5000.fr:30080/tools.descartes.teastore.webui/loginAction?username=user16&password=password,106196653234627,106198422631519
[POST]http://econome-20.nantes.grid5000.fr:30080/tools.descartes.teastore.webui/loginAction?username=user11&password=password,106195850152696,106198422661342
[POST]http://econome-20.nantes.grid5000.fr:30080/tools.descartes.teastore.webui/loginAction?username=user29&password=password,106194740940059,106198422763600
[POST]http://econome-20.nantes.grid5000.fr:30080/tools.descartes.teastore.webui/loginAction?username=user32&password=password,106196091483316,106198515617756
[POST]http://econome-20.nantes.grid5000.fr:30080/tools.descartes.teastore.webui/loginAction?username=user19&password=password,106195989697854,106198525517850
[POST]http://econome-20.nantes.grid5000.fr:30080/tools.descartes.teastore.webui/loginAction?username=user15&password=password,106195708873376,106198526695387
[POST]http://econome-20.nantes.grid5000.fr:30080/tools.descartes.teastore.webui/loginAction?username=user14&password=password,106196793619553,106198528476851
[POST]http://econome-20.nantes.grid5000.fr:30080/tools.descartes.teastore.webui/loginAction?username=user78&password=password,106196933945602,106198528615047
[POST]http://econome-20.nantes.grid5000.fr:30080/tools.descartes.teastore.webui/loginAction?username=user45&password=password,106196212802394,106198718841556
[POST]http://econome-20.nantes.grid5000.fr:30080/tools.descartes.teastore.webui/loginAction?username=user8&password=password,106196764550246,106198719085438
[POST]http://econome-20.nantes.grid5000.fr:30080/tools.descartes.teastore.webui/loginAction?username=user63&password=password,106196995076957,106198821073434
[POST]http://econome-20.nantes.grid5000.fr:30080/tools.descartes.teastore.webui/category?page=1&category=2&number=30,106244672569378,106266705344089
[POST]http://econome-20.nantes.grid5000.fr:30080/tools.descartes.teastore.webui/category?page=1&category=6&number=30,106239663675362,106266754117269
[POST]http://econome-20.nantes.grid5000.fr:30080/tools.descartes.teastore.webui/category?page=1&category=3&number=30,106238161595584,106266810585287
[POST]http://econome-20.nantes.grid5000.fr:30080/tools.descartes.teastore.webui/category?page=1&category=3&number=30,106239191764122,106266816534848
[POST]http://econome-20.nantes.grid5000.fr:30080/tools.descartes.teastore.webui/category?page=1&category=5&number=30,106225574403045,106266841545287
[POST]http://econome-20.nantes.grid5000.fr:30080/tools.descartes.teastore.webui/category?page=1&category=6&number=30,106237167056946,106266890669306
[POST]http://econome-20.nantes.grid5000.fr:30080/tools.descartes.teastore.webui/category?page=1&category=3&number=30,106240158435403,106266897089786
[POST]http://econome-20.nantes.grid5000.fr:30080/tools.descartes.teastore.webui/category?page=1&category=6&number=30,106239165478302,106266926508752
[POST]http://econome-20.nantes.grid5000.fr:30080/tools.descartes.teastore.webui/category?page=1&category=4&number=30,106241142693800,106266926614272
[POST]http://econome-20.nantes.grid5000.fr:30080/tools.descartes.teastore.webui/category?page=1&category=2&number=30,106240161260057,106266937523690
[POST]http://econome-20.nantes.grid5000.fr:30080/tools.descartes.teastore.webui/category?page=1&category=5&number=30,106242142933297,106266961106577
[POST]http://econome-20.nantes.grid5000.fr:30080/tools.descartes.teastore.webui/category?page=1&category=3&number=30,106238126563801,106266974223985
[POST]http://econome-20.nantes.grid5000.fr:30080/tools.descartes.teastore.webui/category?page=1&category=6&number=30,106240151417963,106267031855827
[POST]http://econome-20.nantes.grid5000.fr:30080/tools.descartes.teastore.webui/category?page=1&category=4&number=30,106239131411934,106267051997959
[POST]http://econome-20.nantes.grid5000.fr:30080/tools.descartes.teastore.webui/category?page=1&category=2&number=30,106236771947180,106267112266128
[POST]http://econome-20.nantes.grid5000.fr:30080/tools.descartes.teastore.webui/category?page=1&category=3&number=30,106237196222943,106267192857706
[POST]http://econome-20.nantes.grid5000.fr:30080/tools.descartes.teastore.webui/category?page=1&category=4&number=30,106238153905717,106267199540797
[POST]http://econome-20.nantes.grid5000.fr:30080/tools.descartes.teastore.webui/category?page=1&category=4&number=30,106238171267394,106267247722965
[POST]http://econome-20.nantes.grid5000.fr:30080/tools.descartes.teastore.webui/category?page=1&category=5&number=30,106242142746462,106267254241838
[POST]http://econome-20.nantes.grid5000.fr:30080/tools.descartes.teastore.webui/category?page=1&category=3&number=30,106244656412197,106267282318727
[POST]http://econome-20.nantes.grid5000.fr:30080/tools.descartes.teastore.webui/category?page=1&category=5&number=30,106227107414022,106267306542753
[POST]http://econome-20.nantes.grid5000.fr:30080/tools.descartes.teastore.webui/category?page=1&category=3&number=30,106239161024055,106267317135884
[POST]http://econome-20.nantes.grid5000.fr:30080/tools.descartes.teastore.webui/category?page=1&category=5&number=30,106242156015839,106267317822068
[POST]http://econome-20.nantes.grid5000.fr:30080/tools.descartes.teastore.webui/category?page=1&category=2&number=30,106243677376621,106267345719353
[POST]http://econome-20.nantes.grid5000.fr:30080/tools.descartes.teastore.webui/category?page=1&category=4&number=30,106243141737428,106267346027880
[POST]http://econome-20.nantes.grid5000.fr:30080/tools.descartes.teastore.webui/category?page=1&category=6&number=30,106241164590142,106267352428205
[POST]http://econome-20.nantes.grid5000.fr:30080/tools.descartes.teastore.webui/category?page=1&category=6&number=30,106238149880190,106267361024391
[POST]http://econome-20.nantes.grid5000.fr:30080/tools.descartes.teastore.webui/category?page=1&category=6&number=30,106239657341933,106267373485767
[POST]http://econome-20.nantes.grid5000.fr:30080/tools.descartes.teastore.webui/category?page=1&category=5&number=30,106240143635053,106267374104475
[POST]http://econome-20.nantes.grid5000.fr:30080/tools.descartes.teastore.webui/category?page=1&category=5&number=30,106239156918004,106267376931931
[POST]http://econome-20.nantes.grid5000.fr:30080/tools.descartes.teastore.webui/category?page=1&category=6&number=30,106239208064737,106267382006700
[POST]http://econome-20.nantes.grid5000.fr:30080/tools.descartes.teastore.webui/category?page=1&category=4&number=30,106237621543355,106267416490996
[POST]http://econome-20.nantes.grid5000.fr:30080/tools.descartes.teastore.webui/category?page=1&category=6&number=30,106244655624310,106267438842928
[POST]http://econome-20.nantes.grid5000.fr:30080/tools.descartes.teastore.webui/category?page=1&category=5&number=30,106243693306738,106267456490452
[POST]http://econome-20.nantes.grid5000.fr:30080/tools.descartes.teastore.webui/category?page=1&category=5&number=30,106241636208803,106267456884784
[POST]http://econome-20.nantes.grid5000.fr:30080/tools.descartes.teastore.webui/category?page=1&category=4&number=30,106240672044353,106267465610269
[POST]http://econome-20.nantes.grid5000.fr:30080/tools.descartes.teastore.webui/category?page=1&category=5&number=30,106237152596902,106267470854906
[POST]http://econome-20.nantes.grid5000.fr:30080/tools.descartes.teastore.webui/category?page=1&category=6&number=30,106243153869565,106267485359582
[POST]http://econome-20.nantes.grid5000.fr:30080/tools.descartes.teastore.webui/category?page=1&category=6&number=30,106239673764299,106267502473435
[POST]http://econome-20.nantes.grid5000.fr:30080/tools.descartes.teastore.webui/category?page=1&category=3&number=30,106239157298001,106267502565181
[POST]http://econome-20.nantes.grid5000.fr:30080/tools.descartes.teastore.webui/category?page=1&category=3&number=30,106239987704752,106267519898974
[POST]http://econome-20.nantes.grid5000.fr:30080/tools.descartes.teastore.webui/category?page=1&category=5&number=30,106242642844186,106267529586255
[POST]http://econome-20.nantes.grid5000.fr:30080/tools.descartes.teastore.webui/category?page=1&category=2&number=30,106243681265657,106267568111812
[POST]http://econome-20.nantes.grid5000.fr:30080/tools.descartes.teastore.webui/category?page=1&category=5&number=30,106237128985661,106267592494987
[POST]http://econome-20.nantes.grid5000.fr:30080/tools.descartes.teastore.webui/category?page=1&category=4&number=30,106243660243244,106267602618217
[POST]http://econome-20.nantes.grid5000.fr:30080/tools.descartes.teastore.webui/category?page=1&category=6&number=30,106237174969289,106267602621432
[POST]http://econome-20.nantes.grid5000.fr:30080/tools.descartes.teastore.webui/category?page=1&category=4&number=30,106238127505786,106267621553252
[POST]http://econome-20.nantes.grid5000.fr:30080/tools.descartes.teastore.webui/category?page=1&category=5&number=30,106244149859457,106267653973635
[POST]http://econome-20.nantes.grid5000.fr:30080/tools.descartes.teastore.webui/category?page=1&category=2&number=30,106226106945193,106267660460832
[POST]http://econome-20.nantes.grid5000.fr:30080/tools.descartes.teastore.webui/category?page=1&category=2&number=30,106243649378400,106267672886414
[POST]http://econome-20.nantes.grid5000.fr:30080/tools.descartes.teastore.webui/category?page=1&category=5&number=30,106244672201441,106267676182062
[POST]http://econome-20.nantes.grid5000.fr:30080/tools.descartes.teastore.webui/category?page=1&category=4&number=30,106237211254399,106267676451247
[POST]http://econome-20.nantes.grid5000.fr:30080/tools.descartes.teastore.webui/category?page=1&category=6&number=30,106227580863061,106267715112029
[POST]http://econome-20.nantes.grid5000.fr:30080/tools.descartes.teastore.webui/category?page=1&category=3&number=30,106236983815851,106267735082243
[POST]http://econome-20.nantes.grid5000.fr:30080/tools.descartes.teastore.webui/category?page=1&category=5&number=30,106240665469368,106267749122177
[POST]http://econome-20.nantes.grid5000.fr:30080/tools.descartes.teastore.webui/category?page=1&category=3&number=30,106241634715283,106267824299919
[POST]http://econome-20.nantes.grid5000.fr:30080/tools.descartes.teastore.webui/category?page=1&category=4&number=30,106243670068694,106267825804029
[POST]http://econome-20.nantes.grid5000.fr:30080/tools.descartes.teastore.webui/category?page=1&category=2&number=30,106244186391616,106267843688603
[POST]http://econome-20.nantes.grid5000.fr:30080/tools.descartes.teastore.webui/category?page=1&category=5&number=30,106239169973187,106267848422552
[POST]http://econome-20.nantes.grid5000.fr:30080/tools.descartes.teastore.webui/category?page=1&category=4&number=30,106240179237607,106267848807869
[POST]http://econome-20.nantes.grid5000.fr:30080/tools.descartes.teastore.webui/category?page=1&category=2&number=30,106244148550042,106267855213514
[POST]http://econome-20.nantes.grid5000.fr:30080/tools.descartes.teastore.webui/category?page=1&category=6&number=30,106236648926950,106267898784094
[POST]http://econome-20.nantes.grid5000.fr:30080/tools.descartes.teastore.webui/category?page=1&category=4&number=30,106239174054475,106267906539490
[POST]http://econome-20.nantes.grid5000.fr:30080/tools.descartes.teastore.webui/category?page=1&category=6&number=30,106240636184470,106267913159779
[POST]http://econome-20.nantes.grid5000.fr:30080/tools.descartes.teastore.webui/category?page=1&category=2&number=30,106245161367869,106267919009455
[POST]http://econome-20.nantes.grid5000.fr:30080/tools.descartes.teastore.webui/category?page=1&category=4&number=30,106244682961971,106267923720671
[POST]http://econome-20.nantes.grid5000.fr:30080/tools.descartes.teastore.webui/category?page=1&category=3&number=30,106239186143060,106267965773846
[POST]http://econome-20.nantes.grid5000.fr:30080/tools.descartes.teastore.webui/category?page=1&category=3&number=30,106244162305453,106267993805689
[POST]http://econome-20.nantes.grid5000.fr:30080/tools.descartes.teastore.webui/category?page=1&category=5&number=30,106244718580608,106267997205995
[POST]http://econome-20.nantes.grid5000.fr:30080/tools.descartes.teastore.webui/category?page=1&category=2&number=30,106245155458469,106268018171537
[POST]http://econome-20.nantes.grid5000.fr:30080/tools.descartes.teastore.webui/category?page=1&category=5&number=30,106237629591224,106268019584994
[POST]http://econome-20.nantes.grid5000.fr:30080/tools.descartes.teastore.webui/category?page=1&category=4&number=30,106237615668138,106268020776037
[POST]http://econome-20.nantes.grid5000.fr:30080/tools.descartes.teastore.webui/category?page=1&category=6&number=30,106240144567757,106268022504822
[POST]http://econome-20.nantes.grid5000.fr:30080/tools.descartes.teastore.webui/category?page=1&category=3&number=30,106242376273198,106268024985956
[POST]http://econome-20.nantes.grid5000.fr:30080/tools.descartes.teastore.webui/category?page=1&category=4&number=30,106255247869658,106268052146738
[POST]http://econome-20.nantes.grid5000.fr:30080/tools.descartes.teastore.webui/category?page=1&category=4&number=30,106238175062559,106268082394916
[POST]http://econome-20.nantes.grid5000.fr:30080/tools.descartes.teastore.webui/category?page=1&category=5&number=30,106246204676568,106268112995707
[POST]http://econome-20.nantes.grid5000.fr:30080/tools.descartes.teastore.webui/category?page=1&category=3&number=30,106245661737219,106268117896596
[POST]http://econome-20.nantes.grid5000.fr:30080/tools.descartes.teastore.webui/category?page=1&category=4&number=30,106241164189181,106268140213907
[POST]http://econome-20.nantes.grid5000.fr:30080/tools.descartes.teastore.webui/category?page=1&category=4&number=30,106257327756186,106268142708397
[POST]http://econome-20.nantes.grid5000.fr:30080/tools.descartes.teastore.webui/category?page=1&category=4&number=30,106244685702402,106268179383894
[POST]http://econome-20.nantes.grid5000.fr:30080/tools.descartes.teastore.webui/category?page=1&category=6&number=30,106240166433769,106268185275378
[POST]http://econome-20.nantes.grid5000.fr:30080/tools.descartes.teastore.webui/category?page=1&category=2&number=30,106245673750485,106268200736601
[POST]http://econome-20.nantes.grid5000.fr:30080/tools.descartes.teastore.webui/category?page=1&category=3&number=30,106244726044480,106268248926290
[POST]http://econome-20.nantes.grid5000.fr:30080/tools.descartes.teastore.webui/category?page=1&category=4&number=30,106255233525146,106268262442772
[POST]http://econome-20.nantes.grid5000.fr:30080/tools.descartes.teastore.webui/category?page=1&category=6&number=30,106245169098315,106268265105825
[POST]http://econome-20.nantes.grid5000.fr:30080/tools.descartes.teastore.webui/category?page=1&category=5&number=30,106237488457370,106268313246460
[POST]http://econome-20.nantes.grid5000.fr:30080/tools.descartes.teastore.webui/category?page=1&category=2&number=30,106246666697975,106268314928651
[POST]http://econome-20.nantes.grid5000.fr:30080/tools.descartes.teastore.webui/category?page=1&category=3&number=30,106245687138385,106268342610288
[POST]http://econome-20.nantes.grid5000.fr:30080/tools.descartes.teastore.webui/category?page=1&category=5&number=30,106246191296135,106268342789605
[POST]http://econome-20.nantes.grid5000.fr:30080/tools.descartes.teastore.webui/category?page=1&category=2&number=30,106245692877863,106268348933297
[POST]http://econome-20.nantes.grid5000.fr:30080/tools.descartes.teastore.webui/category?page=1&category=6&number=30,106255236302544,106268468588414
[POST]http://econome-20.nantes.grid5000.fr:30080/tools.descartes.teastore.webui/category?page=1&category=6&number=30,106246661585755,106268482845059
[POST]http://econome-20.nantes.grid5000.fr:30080/tools.descartes.teastore.webui/category?page=1&category=6&number=30,106244691265652,106268521531882
[POST]http://econome-20.nantes.grid5000.fr:30080/tools.descartes.teastore.webui/category?page=1&category=6&number=30,106255826431446,106268536205195
[POST]http://econome-20.nantes.grid5000.fr:30080/tools.descartes.teastore.webui/category?page=1&category=4&number=30,106245688775447,106268541969595
[POST]http://econome-20.nantes.grid5000.fr:30080/tools.descartes.teastore.webui/category?page=1&category=2&number=30,106246164048518,106268542517038
[POST]http://econome-20.nantes.grid5000.fr:30080/tools.descartes.teastore.webui/category?page=1&category=5&number=30,106246679675345,106268545626422
[POST]http://econome-20.nantes.grid5000.fr:30080/tools.descartes.teastore.webui/category?page=1&category=3&number=30,106244730286300,106268565150463
[POST]http://econome-20.nantes.grid5000.fr:30080/tools.descartes.teastore.webui/category?page=1&category=4&number=30,106246198133364,106268640107565
[POST]http://econome-20.nantes.grid5000.fr:30080/tools.descartes.teastore.webui/category?page=1&category=4&number=30,106246178793667,106268670499462
[POST]http://econome-20.nantes.grid5000.fr:30080/tools.descartes.teastore.webui/category?page=1&category=5&number=30,106244716348144,106268692064865
[POST]http://econome-20.nantes.grid5000.fr:30080/tools.descartes.teastore.webui/category?page=1&category=2&number=30,106245682663988,106268704796597
[POST]http://econome-20.nantes.grid5000.fr:30080/tools.descartes.teastore.webui/category?page=1&category=5&number=30,106255916428421,106268720822959
[POST]http://econome-20.nantes.grid5000.fr:30080/tools.descartes.teastore.webui/category?page=1&category=6&number=30,106245661107772,106268735648033
[POST]http://econome-20.nantes.grid5000.fr:30080/tools.descartes.teastore.webui/category?page=1&category=4&number=30,106257925201337,106268747921734
[POST]http://econome-20.nantes.grid5000.fr:30080/tools.descartes.teastore.webui/category?page=1&category=6&number=30,106254733976901,106268767190185
[POST]http://econome-20.nantes.grid5000.fr:30080/tools.descartes.teastore.webui/category?page=1&category=4&number=30,106246662753870,106268840062874
[POST]http://econome-20.nantes.grid5000.fr:30080/tools.descartes.teastore.webui/category?page=1&category=2&number=30,106246186918951,106268845840188
[POST]http://econome-20.nantes.grid5000.fr:30080/tools.descartes.teastore.webui/category?page=1&category=5&number=30,106246175124034,106268945642938
[POST]http://econome-20.nantes.grid5000.fr:30080/tools.descartes.teastore.webui/category?page=1&category=2&number=30,106245665413141,106268946097520
[POST]http://econome-20.nantes.grid5000.fr:30080/tools.descartes.teastore.webui/category?page=1&category=2&number=30,106246202464151,106268972352985
[POST]http://econome-20.nantes.grid5000.fr:30080/tools.descartes.teastore.webui/category?page=1&category=4&number=30,106254735764655,106269017858877
[POST]http://econome-20.nantes.grid5000.fr:30080/tools.descartes.teastore.webui/category?page=1&category=6&number=30,106257418379201,106269026016048
[POST]http://econome-20.nantes.grid5000.fr:30080/tools.descartes.teastore.webui/category?page=1&category=5&number=30,106244716575007,106269037073728
[POST]http://econome-20.nantes.grid5000.fr:30080/tools.descartes.teastore.webui/category?page=1&category=4&number=30,106245154638255,106269054554387
[POST]http://econome-20.nantes.grid5000.fr:30080/tools.descartes.teastore.webui/category?page=1&category=3&number=30,106254734818316,106269064195510
[POST]http://econome-20.nantes.grid5000.fr:30080/tools.descartes.teastore.webui/category?page=1&category=3&number=30,106244691470950,106269162101162
[POST]http://econome-20.nantes.grid5000.fr:30080/tools.descartes.teastore.webui/category?page=1&category=6&number=30,106256036870045,106269168455552
[POST]http://econome-20.nantes.grid5000.fr:30080/tools.descartes.teastore.webui/category?page=1&category=6&number=30,106244722888795,106269168603703
[POST]http://econome-20.nantes.grid5000.fr:30080/tools.descartes.teastore.webui/category?page=1&category=5&number=30,106255825163150,106269192198030
[POST]http://econome-20.nantes.grid5000.fr:30080/tools.descartes.teastore.webui/category?page=1&category=3&number=30,106255827232594,106269259561936
[POST]http://econome-20.nantes.grid5000.fr:30080/tools.descartes.teastore.webui/category?page=1&category=4&number=30,106256420747512,106269283945232
[POST]http://econome-20.nantes.grid5000.fr:30080/tools.descartes.teastore.webui/category?page=1&category=2&number=30,106246160095177,106269313566125
[POST]http://econome-20.nantes.grid5000.fr:30080/tools.descartes.teastore.webui/category?page=1&category=4&number=30,106246158775859,106269342177430
[POST]http://econome-20.nantes.grid5000.fr:30080/tools.descartes.teastore.webui/category?page=1&category=6&number=30,106256020194114,106269355729270
[POST]http://econome-20.nantes.grid5000.fr:30080/tools.descartes.teastore.webui/category?page=1&category=6&number=30,106256037148490,106269409734961
[POST]http://econome-20.nantes.grid5000.fr:30080/tools.descartes.teastore.webui/category?page=1&category=5&number=30,106256021071785,106269464131822
[POST]http://econome-20.nantes.grid5000.fr:30080/tools.descartes.teastore.webui/category?page=1&category=3&number=30,106255919998504,106269465804021
[POST]http://econome-20.nantes.grid5000.fr:30080/tools.descartes.teastore.webui/category?page=1&category=4&number=30,106255917242764,106269513083816
[POST]http://econome-20.nantes.grid5000.fr:30080/tools.descartes.teastore.webui/category?page=1&category=4&number=30,106228085794424,106269597278445
[POST]http://econome-20.nantes.grid5000.fr:30080/tools.descartes.teastore.webui/category?page=1&category=2&number=30,106255232465234,106269638141054
[POST]http://econome-20.nantes.grid5000.fr:30080/tools.descartes.teastore.webui/category?page=1&category=5&number=30,106256018752022,106269645434366
[POST]http://econome-20.nantes.grid5000.fr:30080/tools.descartes.teastore.webui/category?page=1&category=4&number=30,106239201939836,106269695539418
[POST]http://econome-20.nantes.grid5000.fr:30080/tools.descartes.teastore.webui/category?page=1&category=3&number=30,106241636887168,106269697461971
[POST]http://econome-20.nantes.grid5000.fr:30080/tools.descartes.teastore.webui/category?page=1&category=5&number=30,106239206532059,106269871326237
[POST]http://econome-20.nantes.grid5000.fr:30080/tools.descartes.teastore.webui/category?page=1&category=3&number=30,106238218956487,106269901290870
[POST]http://econome-20.nantes.grid5000.fr:30080/tools.descartes.teastore.webui/category?page=1&category=5&number=30,106241657765574,106269955604275
[POST]http://econome-20.nantes.grid5000.fr:30080/tools.descartes.teastore.webui/category?page=1&category=4&number=30,106237181809862,106269955616303
[POST]http://econome-20.nantes.grid5000.fr:30080/tools.descartes.teastore.webui/category?page=1&category=4&number=30,106241676156902,106269955888439
[POST]http://econome-20.nantes.grid5000.fr:30080/tools.descartes.teastore.webui/category?page=1&category=3&number=30,106243158782503,106269961145381
[POST]http://econome-20.nantes.grid5000.fr:30080/tools.descartes.teastore.webui/category?page=1&category=6&number=30,106237206771957,106270089680356
[POST]http://econome-20.nantes.grid5000.fr:30080/tools.descartes.teastore.webui/category?page=1&category=4&number=30,106237207085074,106270167132586
[POST]http://econome-20.nantes.grid5000.fr:30080/tools.descartes.teastore.webui/category?page=1&category=3&number=30,106242643626053,106270206860933
[POST]http://econome-20.nantes.grid5000.fr:30080/tools.descartes.teastore.webui/category?page=1&category=6&number=30,106239147324372,106270215117419
[POST]http://econome-20.nantes.grid5000.fr:30080/tools.descartes.teastore.webui/category?page=1&category=2&number=30,106243140905443,106270254148787
[POST]http://econome-20.nantes.grid5000.fr:30080/tools.descartes.teastore.webui/category?page=1&category=5&number=30,106227082271460,106270359675863
[POST]http://econome-20.nantes.grid5000.fr:30080/tools.descartes.teastore.webui/category?page=1&category=3&number=30,106237200787251,106270372768522
[POST]http://econome-20.nantes.grid5000.fr:30080/tools.descartes.teastore.webui/category?page=1&category=4&number=30,106227617563982,106270496390804
[POST]http://econome-20.nantes.grid5000.fr:30080/tools.descartes.teastore.webui/category?page=1&category=3&number=30,106237176983082,106270507988674
[POST]http://econome-20.nantes.grid5000.fr:30080/tools.descartes.teastore.webui/category?page=1&category=3&number=30,106237216123096,106270508050320
[POST]http://econome-20.nantes.grid5000.fr:30080/tools.descartes.teastore.webui/category?page=1&category=4&number=30,106240172237551,106270515513249
[POST]http://econome-20.nantes.grid5000.fr:30080/tools.descartes.teastore.webui/category?page=1&category=6&number=30,106240667492954,106270542627931
[POST]http://econome-20.nantes.grid5000.fr:30080/tools.descartes.teastore.webui/category?page=1&category=6&number=30,106227605175310,106270635635608
[POST]http://econome-20.nantes.grid5000.fr:30080/tools.descartes.teastore.webui/category?page=1&category=2&number=30,106241663383102,106270669346245
[POST]http://econome-20.nantes.grid5000.fr:30080/tools.descartes.teastore.webui/category?page=1&category=2&number=30,106226605091393,106270688287399
[POST]http://econome-20.nantes.grid5000.fr:30080/tools.descartes.teastore.webui/category?page=1&category=4&number=30,106238130931799,106270689811844
[POST]http://econome-20.nantes.grid5000.fr:30080/tools.descartes.teastore.webui/category?page=1&category=2&number=30,106237185942757,106270689822116
[POST]http://econome-20.nantes.grid5000.fr:30080/tools.descartes.teastore.webui/category?page=1&category=5&number=30,106240176398778,106270724296229
[POST]http://econome-20.nantes.grid5000.fr:30080/tools.descartes.teastore.webui/category?page=1&category=4&number=30,106240659422208,106270752641656
[POST]http://econome-20.nantes.grid5000.fr:30080/tools.descartes.teastore.webui/category?page=1&category=2&number=30,106239659321731,106270803778726
[POST]http://econome-20.nantes.grid5000.fr:30080/tools.descartes.teastore.webui/category?page=1&category=6&number=30,106244149264089,106270820833740
[POST]http://econome-20.nantes.grid5000.fr:30080/tools.descartes.teastore.webui/category?page=1&category=4&number=30,106236986959947,106270923000028
[POST]http://econome-20.nantes.grid5000.fr:30080/tools.descartes.teastore.webui/category?page=1&category=2&number=30,106243648444979,106270951519069
[POST]http://econome-20.nantes.grid5000.fr:30080/tools.descartes.teastore.webui/category?page=1&category=6&number=30,106239671861165,106270965944968
[POST]http://econome-20.nantes.grid5000.fr:30080/tools.descartes.teastore.webui/category?page=1&category=3&number=30,106239668124619,106270983242255
[POST]http://econome-20.nantes.grid5000.fr:30080/tools.descartes.teastore.webui/category?page=1&category=5&number=30,106226079902256,106271001827608
[POST]http://econome-20.nantes.grid5000.fr:30080/tools.descartes.teastore.webui/category?page=1&category=3&number=30,106239786307199,106271011903016
[POST]http://econome-20.nantes.grid5000.fr:30080/tools.descartes.teastore.webui/category?page=1&category=6&number=30,106242155749879,106271116802842
[POST]http://econome-20.nantes.grid5000.fr:30080/tools.descartes.teastore.webui/category?page=1&category=4&number=30,106237168675919,106271127620308
[POST]http://econome-20.nantes.grid5000.fr:30080/tools.descartes.teastore.webui/category?page=1&category=4&number=30,106227093753825,106271138523804
[POST]http://econome-20.nantes.grid5000.fr:30080/tools.descartes.teastore.webui/category?page=1&category=6&number=30,106241653324522,106271187364155
[POST]http://econome-20.nantes.grid5000.fr:30080/tools.descartes.teastore.webui/category?page=1&category=5&number=30,106227101502324,106271244261897
[POST]http://econome-20.nantes.grid5000.fr:30080/tools.descartes.teastore.webui/category?page=1&category=2&number=30,106239180600425,106271293949685
[POST]http://econome-20.nantes.grid5000.fr:30080/tools.descartes.teastore.webui/category?page=1&category=6&number=30,106241290937078,106271315358787
[POST]http://econome-20.nantes.grid5000.fr:30080/tools.descartes.teastore.webui/category?page=1&category=5&number=30,106240188997312,106271316951515
[POST]http://econome-20.nantes.grid5000.fr:30080/tools.descartes.teastore.webui/category?page=1&category=2&number=30,106239197851981,106271321208992
[POST]http://econome-20.nantes.grid5000.fr:30080/tools.descartes.teastore.webui/category?page=1&category=5&number=30,106239195929039,106271416197155
[POST]http://econome-20.nantes.grid5000.fr:30080/tools.descartes.teastore.webui/category?page=1&category=6&number=30,106239175986322,106271439162357
[POST]http://econome-20.nantes.grid5000.fr:30080/tools.descartes.teastore.webui/category?page=1&category=2&number=30,106237113585329,106271444441273
[POST]http://econome-20.nantes.grid5000.fr:30080/tools.descartes.teastore.webui/category?page=1&category=2&number=30,106239212223931,106271502601398
[POST]http://econome-20.nantes.grid5000.fr:30080/tools.descartes.teastore.webui/category?page=1&category=5&number=30,106240637772169,106271502722357
[POST]http://econome-20.nantes.grid5000.fr:30080/tools.descartes.teastore.webui/category?page=1&category=2&number=30,106237143338451,106271520086309
[POST]http://econome-20.nantes.grid5000.fr:30080/tools.descartes.teastore.webui/category?page=1&category=4&number=30,106236636987654,106271526552441
[POST]http://econome-20.nantes.grid5000.fr:30080/tools.descartes.teastore.webui/category?page=1&category=6&number=30,106240659175925,106271543392570
[POST]http://econome-20.nantes.grid5000.fr:30080/tools.descartes.teastore.webui/category?page=1&category=3&number=30,106244679101163,106271607365697
[POST]http://econome-20.nantes.grid5000.fr:30080/tools.descartes.teastore.webui/category?page=1&category=4&number=30,106226600475177,106271681936966
[POST]http://econome-20.nantes.grid5000.fr:30080/tools.descartes.teastore.webui/category?page=1&category=2&number=30,106241645204499,106271715033724
[POST]http://econome-20.nantes.grid5000.fr:30080/tools.descartes.teastore.webui/category?page=1&category=4&number=30,106243650122800,106271715705105
[POST]http://econome-20.nantes.grid5000.fr:30080/tools.descartes.teastore.webui/category?page=1&category=5&number=30,106244657271993,106271719094727
[POST]http://econome-20.nantes.grid5000.fr:30080/tools.descartes.teastore.webui/category?page=1&category=3&number=30,106240638551282,106271723028781
[POST]http://econome-20.nantes.grid5000.fr:30080/tools.descartes.teastore.webui/category?page=1&category=3&number=30,106237620515179,106271792678193
[POST]http://econome-20.nantes.grid5000.fr:30080/tools.descartes.teastore.webui/category?page=1&category=4&number=30,106243139070380,106271894971657
[POST]http://econome-20.nantes.grid5000.fr:30080/tools.descartes.teastore.webui/category?page=1&category=5&number=30,106236645769492,106271906107559
[POST]http://econome-20.nantes.grid5000.fr:30080/tools.descartes.teastore.webui/category?page=1&category=3&number=30,106237148223915,106271914443010
[POST]http://econome-20.nantes.grid5000.fr:30080/tools.descartes.teastore.webui/category?page=1&category=2&number=30,106237112797535,106271967973293
[POST]http://econome-20.nantes.grid5000.fr:30080/tools.descartes.teastore.webui/category?page=1&category=5&number=30,106242142554278,106272015551776
[POST]http://econome-20.nantes.grid5000.fr:30080/tools.descartes.teastore.webui/category?page=1&category=4&number=30,106237220474507,106272018822022
[POST]http://econome-20.nantes.grid5000.fr:30080/tools.descartes.teastore.webui/category?page=1&category=5&number=30,106243674404982,106272019200409
[POST]http://econome-20.nantes.grid5000.fr:30080/tools.descartes.teastore.webui/category?page=1&category=4&number=30,106237140109085,106272048875164
[POST]http://econome-20.nantes.grid5000.fr:30080/tools.descartes.teastore.webui/category?page=1&category=2&number=30,106244170536185,106272049863540
[POST]http://econome-20.nantes.grid5000.fr:30080/tools.descartes.teastore.webui/category?page=1&category=4&number=30,106227081628407,106272088691810
[POST]http://econome-20.nantes.grid5000.fr:30080/tools.descartes.teastore.webui/category?page=1&category=5&number=30,106243685232684,106272090713719
[POST]http://econome-20.nantes.grid5000.fr:30080/tools.descartes.teastore.webui/category?page=1&category=2&number=30,106238167114751,106272161902845
[POST]http://econome-20.nantes.grid5000.fr:30080/tools.descartes.teastore.webui/category?page=1&category=6&number=30,106241448962901,106272190811434
[POST]http://econome-20.nantes.grid5000.fr:30080/tools.descartes.teastore.webui/category?page=1&category=4&number=30,106243689125899,106272204988462
[POST]http://econome-20.nantes.grid5000.fr:30080/tools.descartes.teastore.webui/category?page=1&category=2&number=30,106242162385368,106272232765846
[POST]http://econome-20.nantes.grid5000.fr:30080/tools.descartes.teastore.webui/category?page=1&category=3&number=30,106240185040600,106272255292332
[POST]http://econome-20.nantes.grid5000.fr:30080/tools.descartes.teastore.webui/category?page=1&category=2&number=30,106239132390396,106272304410264
[POST]http://econome-20.nantes.grid5000.fr:30080/tools.descartes.teastore.webui/category?page=1&category=2&number=30,106227111857338,106272415782992
[POST]http://econome-20.nantes.grid5000.fr:30080/tools.descartes.teastore.webui/category?page=1&category=5&number=30,106244174755984,106272477828398
[POST]http://econome-20.nantes.grid5000.fr:30080/tools.descartes.teastore.webui/category?page=1&category=2&number=30,106236619767414,106272505381041
[POST]http://econome-20.nantes.grid5000.fr:30080/tools.descartes.teastore.webui/category?page=1&category=2&number=30,106242298996581,106272584320453
[POST]http://econome-20.nantes.grid5000.fr:30080/tools.descartes.teastore.webui/category?page=1&category=2&number=30,106227083153276,106272615057352
[POST]http://econome-20.nantes.grid5000.fr:30080/tools.descartes.teastore.webui/category?page=1&category=5&number=30,106240650419174,106272641915514
[POST]http://econome-20.nantes.grid5000.fr:30080/tools.descartes.teastore.webui/category?page=1&category=3&number=30,106241148601830,106272651182542
[POST]http://econome-20.nantes.grid5000.fr:30080/tools.descartes.teastore.webui/category?page=1&category=2&number=30,106237191908329,106272679178923
[POST]http://econome-20.nantes.grid5000.fr:30080/tools.descartes.teastore.webui/category?page=1&category=5&number=30,106238143203996,106272707830480
[POST]http://econome-20.nantes.grid5000.fr:30080/tools.descartes.teastore.webui/category?page=1&category=5&number=30,106226579989621,106272714525630
[POST]http://econome-20.nantes.grid5000.fr:30080/tools.descartes.teastore.webui/category?page=1&category=2&number=30,106226091437459,106272736649330
[POST]http://econome-20.nantes.grid5000.fr:30080/tools.descartes.teastore.webui/category?page=1&category=4&number=30,106241659369959,106272762895673
[POST]http://econome-20.nantes.grid5000.fr:30080/tools.descartes.teastore.webui/category?page=1&category=5&number=30,106227612984428,106272805348832
[POST]http://econome-20.nantes.grid5000.fr:30080/tools.descartes.teastore.webui/category?page=1&category=2&number=30,106237115380868,106272822752734
[POST]http://econome-20.nantes.grid5000.fr:30080/tools.descartes.teastore.webui/category?page=1&category=2&number=30,106238177032767,106272833448021
[POST]http://econome-20.nantes.grid5000.fr:30080/tools.descartes.teastore.webui/category?page=1&category=4&number=30,106239638430630,106272925203897
[POST]http://econome-20.nantes.grid5000.fr:30080/tools.descartes.teastore.webui/category?page=1&category=5&number=30,106227617273393,106272928094036
[POST]http://econome-20.nantes.grid5000.fr:30080/tools.descartes.teastore.webui/category?page=1&category=4&number=30,106227588791692,106272941210213
[POST]http://econome-20.nantes.grid5000.fr:30080/tools.descartes.teastore.webui/category?page=1&category=2&number=30,106240183042369,106272982248988
[POST]http://econome-20.nantes.grid5000.fr:30080/tools.descartes.teastore.webui/category?page=1&category=2&number=30,106236620824743,106273001929474
[POST]http://econome-20.nantes.grid5000.fr:30080/tools.descartes.teastore.webui/category?page=1&category=6&number=30,106239652038560,106273058236617
[POST]http://econome-20.nantes.grid5000.fr:30080/tools.descartes.teastore.webui/category?page=1&category=2&number=30,106226600089611,106273101888790
[POST]http://econome-20.nantes.grid5000.fr:30080/tools.descartes.teastore.webui/category?page=1&category=3&number=30,106239637534672,106273105138360
[POST]http://econome-20.nantes.grid5000.fr:30080/tools.descartes.teastore.webui/category?page=1&category=2&number=30,106237611443017,106273113804437
[POST]http://econome-20.nantes.grid5000.fr:30080/tools.descartes.teastore.webui/category?page=1&category=5&number=30,106226591584518,106273189241613
[POST]http://econome-20.nantes.grid5000.fr:30080/tools.descartes.teastore.webui/category?page=1&category=5&number=30,106239139716622,106273201077218
[POST]http://econome-20.nantes.grid5000.fr:30080/tools.descartes.teastore.webui/category?page=1&category=3&number=30,106225091641979,106273201228879
[POST]http://econome-20.nantes.grid5000.fr:30080/tools.descartes.teastore.webui/category?page=1&category=3&number=30,106240344122738,106273203538921
[POST]http://econome-20.nantes.grid5000.fr:30080/tools.descartes.teastore.webui/category?page=1&category=2&number=30,106241497467985,106273261455541
[POST]http://econome-20.nantes.grid5000.fr:30080/tools.descartes.teastore.webui/category?page=1&category=5&number=30,106227595176494,106273311190148
[POST]http://econome-20.nantes.grid5000.fr:30080/tools.descartes.teastore.webui/category?page=1&category=2&number=30,106237187754900,106273327137267
[POST]http://econome-20.nantes.grid5000.fr:30080/tools.descartes.teastore.webui/category?page=1&category=4&number=30,106240193631760,106273327891727
[POST]http://econome-20.nantes.grid5000.fr:30080/tools.descartes.teastore.webui/category?page=1&category=2&number=30,106225592778166,106273422108980
[POST]http://econome-20.nantes.grid5000.fr:30080/tools.descartes.teastore.webui/category?page=1&category=3&number=30,106228084740083,106273495521051
[POST]http://econome-20.nantes.grid5000.fr:30080/tools.descartes.teastore.webui/category?page=1&category=4&number=30,106226071545851,106273509167678
[POST]http://econome-20.nantes.grid5000.fr:30080/tools.descartes.teastore.webui/category?page=1&category=2&number=30,106243162684048,106273524786008
[POST]http://econome-20.nantes.grid5000.fr:30080/tools.descartes.teastore.webui/category?page=1&category=3&number=30,106226102378585,106273537665934
[POST]http://econome-20.nantes.grid5000.fr:30080/tools.descartes.teastore.webui/category?page=1&category=5&number=30,106225087724092,106273563659916
[POST]http://econome-20.nantes.grid5000.fr:30080/tools.descartes.teastore.webui/category?page=1&category=4&number=30,106239643231240,106273640415823
[POST]http://econome-20.nantes.grid5000.fr:30080/tools.descartes.teastore.webui/category?page=1&category=3&number=30,106225605395896,106273640650093
[POST]http://econome-20.nantes.grid5000.fr:30080/tools.descartes.teastore.webui/category?page=1&category=2&number=30,106228095375249,106273697380955
[POST]http://econome-20.nantes.grid5000.fr:30080/tools.descartes.teastore.webui/category?page=1&category=6&number=30,106226567664892,106273755728260
[POST]http://econome-20.nantes.grid5000.fr:30080/tools.descartes.teastore.webui/category?page=1&category=4&number=30,106241143879426,106273797924597
[POST]http://econome-20.nantes.grid5000.fr:30080/tools.descartes.teastore.webui/category?page=1&category=6&number=30,106236621726327,106273855136696
[POST]http://econome-20.nantes.grid5000.fr:30080/tools.descartes.teastore.webui/category?page=1&category=5&number=30,106236984863118,106274075033314
[POST]http://econome-20.nantes.grid5000.fr:30080/tools.descartes.teastore.webui/category?page=1&category=3&number=30,106226609634254,106274129657651
[POST]http://econome-20.nantes.grid5000.fr:30080/tools.descartes.teastore.webui/category?page=1&category=2&number=30,106224561130758,106274159336999
http://econome-20.nantes.grid5000.fr:30080/tools.descartes.teastore.webui/product?id=307,106272015934867,106295109110774
http://econome-20.nantes.grid5000.fr:30080/tools.descartes.teastore.webui/product?id=32,106268315256476,106295115398373
http://econome-20.nantes.grid5000.fr:30080/tools.descartes.teastore.webui/product?id=131,106267503017747,106295126099785
http://econome-20.nantes.grid5000.fr:30080/tools.descartes.teastore.webui/product?id=424,106270542945660,106295149413637
http://econome-20.nantes.grid5000.fr:30080/tools.descartes.teastore.webui/product?id=323,106268545797682,106295155956100
http://econome-20.nantes.grid5000.fr:30080/tools.descartes.teastore.webui/product?id=430,106268536458625,106295159874960
http://econome-20.nantes.grid5000.fr:30080/tools.descartes.teastore.webui/product?id=207,106267622334787,106295160778373
http://econome-20.nantes.grid5000.fr:30080/tools.descartes.teastore.webui/product?id=221,106268670839098,106295162422440
http://econome-20.nantes.grid5000.fr:30080/tools.descartes.teastore.webui/product?id=419,106268521781503,106295168201812
http://econome-20.nantes.grid5000.fr:30080/tools.descartes.teastore.webui/product?id=33,106270804148064,106295193375527
http://econome-20.nantes.grid5000.fr:30080/tools.descartes.teastore.webui/product?id=207,106271716246423,106295197190684
http://econome-20.nantes.grid5000.fr:30080/tools.descartes.teastore.webui/product?id=235,106270515680675,106295222433486
http://econome-20.nantes.grid5000.fr:30080/tools.descartes.teastore.webui/product?id=113,106268249299372,106295225078277
http://econome-20.nantes.grid5000.fr:30080/tools.descartes.teastore.webui/product?id=133,106271914568973,106295227749600
http://econome-20.nantes.grid5000.fr:30080/tools.descartes.teastore.webui/product?id=224,106272019068764,106295230277577
http://econome-20.nantes.grid5000.fr:30080/tools.descartes.teastore.webui/product?id=233,106267416595439,106295232449381
http://econome-20.nantes.grid5000.fr:30080/tools.descartes.teastore.webui/product?id=18,106271444625200,106295242538164
http://econome-20.nantes.grid5000.fr:30080/tools.descartes.teastore.webui/product?id=427,106270635934803,106295250070390
http://econome-20.nantes.grid5000.fr:30080/tools.descartes.teastore.webui/product?id=133,106271792909972,106295255151036
http://econome-20.nantes.grid5000.fr:30080/tools.descartes.teastore.webui/product?id=228,106269342496671,106295260020814
http://econome-20.nantes.grid5000.fr:30080/tools.descartes.teastore.webui/product?id=35,106268349172809,106295260063743
http://econome-20.nantes.grid5000.fr:30080/tools.descartes.teastore.webui/product?id=131,106267824726036,106295260139262
http://econome-20.nantes.grid5000.fr:30080/tools.descartes.teastore.webui/product?id=19,106269638376068,106295284687934
http://econome-20.nantes.grid5000.fr:30080/tools.descartes.teastore.webui/product?id=221,106269955866768,106295286827212
http://econome-20.nantes.grid5000.fr:30080/tools.descartes.teastore.webui/product?id=433,106269026077596,106295290104598
http://econome-20.nantes.grid5000.fr:30080/tools.descartes.teastore.webui/product?id=209,106268022145580,106295291543925
http://econome-20.nantes.grid5000.fr:30080/tools.descartes.teastore.webui/product?id=216,106267248042420,106295301335124
http://econome-20.nantes.grid5000.fr:30080/tools.descartes.teastore.webui/product?id=213,106268640446853,106295319177802
http://econome-20.nantes.grid5000.fr:30080/tools.descartes.teastore.webui/product?id=208,106271682316797,106295319265940
http://econome-20.nantes.grid5000.fr:30080/tools.descartes.teastore.webui/product?id=118,106269162305062,106295322755618
http://econome-20.nantes.grid5000.fr:30080/tools.descartes.teastore.webui/product?id=31,106271520290704,106295325175754
http://econome-20.nantes.grid5000.fr:30080/tools.descartes.teastore.webui/product?id=430,106270966326187,106295343759584
http://econome-20.nantes.grid5000.fr:30080/tools.descartes.teastore.webui/product?id=410,106271187722749,106295362209917
http://econome-20.nantes.grid5000.fr:30080/tools.descartes.teastore.webui/product?id=312,106269464511780,106295372093116
http://econome-20.nantes.grid5000.fr:30080/tools.descartes.teastore.webui/product?id=226,106269956076552,106295372119062
http://econome-20.nantes.grid5000.fr:30080/tools.descartes.teastore.webui/product?id=113,106268025775679,106295376075814
http://econome-20.nantes.grid5000.fr:30080/tools.descartes.teastore.webui/product?id=313,106267457039023,106295376260070
http://econome-20.nantes.grid5000.fr:30080/tools.descartes.teastore.webui/product?id=26,106271968233481,106295387521426
http://econome-20.nantes.grid5000.fr:30080/tools.descartes.teastore.webui/product?id=314,106267254471288,106295388346227
http://econome-20.nantes.grid5000.fr:30080/tools.descartes.teastore.webui/product?id=436,106270089877021,106295392450004
http://econome-20.nantes.grid5000.fr:30080/tools.descartes.teastore.webui/product?id=228,106267849604920,106295395038752
http://econome-20.nantes.grid5000.fr:30080/tools.descartes.teastore.webui/product?id=117,106266816836541,106295400903793
http://econome-20.nantes.grid5000.fr:30080/tools.descartes.teastore.webui/product?id=126,106266974461837,106295481096876
http://econome-20.nantes.grid5000.fr:30080/tools.descartes.teastore.webui/product?id=108,106270983484761,106295481790292
http://econome-20.nantes.grid5000.fr:30080/tools.descartes.teastore.webui/product?id=420,106271117060403,106295483265557
http://econome-20.nantes.grid5000.fr:30080/tools.descartes.teastore.webui/product?id=114,106267317303725,106295484732748
http://econome-20.nantes.grid5000.fr:30080/tools.descartes.teastore.webui/product?id=435,106267032049101,106295485732861
http://econome-20.nantes.grid5000.fr:30080/tools.descartes.teastore.webui/product?id=133,106270508238421,106295511926431
http://econome-20.nantes.grid5000.fr:30080/tools.descartes.teastore.webui/product?id=433,106268265360736,106295515840959
http://econome-20.nantes.grid5000.fr:30080/tools.descartes.teastore.webui/product?id=430,106267361132794,106295524643470
http://econome-20.nantes.grid5000.fr:30080/tools.descartes.teastore.webui/product?id=219,106267827090513,106295538734875
http://econome-20.nantes.grid5000.fr:30080/tools.descartes.teastore.webui/product?id=424,106268023399256,106295553806018
http://econome-20.nantes.grid5000.fr:30080/tools.descartes.teastore.webui/product?id=235,106267052335233,106295557193873
http://econome-20.nantes.grid5000.fr:30080/tools.descartes.teastore.webui/product?id=321,106270359895686,106295589755355
http://econome-20.nantes.grid5000.fr:30080/tools.descartes.teastore.webui/product?id=115,106268565400452,106295589862136
http://econome-20.nantes.grid5000.fr:30080/tools.descartes.teastore.webui/product?id=419,106267485744054,106295603924564
http://econome-20.nantes.grid5000.fr:30080/tools.descartes.teastore.webui/product?id=422,106268185494675,106295603943292
http://econome-20.nantes.grid5000.fr:30080/tools.descartes.teastore.webui/product?id=427,106267899535215,106295604435490
http://econome-20.nantes.grid5000.fr:30080/tools.descartes.teastore.webui/product?id=32,106267919653748,106295623506384
http://econome-20.nantes.grid5000.fr:30080/tools.descartes.teastore.webui/product?id=316,106267530012336,106295632107657
http://econome-20.nantes.grid5000.fr:30080/tools.descartes.teastore.webui/product?id=421,106271315651049,106295650953145
http://econome-20.nantes.grid5000.fr:30080/tools.descartes.teastore.webui/product?id=14,106272050077502,106295658729293
http://econome-20.nantes.grid5000.fr:30080/tools.descartes.teastore.webui/product?id=322,106268113403146,106295658831337
http://econome-20.nantes.grid5000.fr:30080/tools.descartes.teastore.webui/product?id=327,106271416272177,106295676121384
http://econome-20.nantes.grid5000.fr:30080/tools.descartes.teastore.webui/product?id=16,106266937656522,106295676672363
http://econome-20.nantes.grid5000.fr:30080/tools.descartes.teastore.webui/product?id=108,106269697728816,106295679473245
http://econome-20.nantes.grid5000.fr:30080/tools.descartes.teastore.webui/product?id=421,106269168601717,106295679700497
http://econome-20.nantes.grid5000.fr:30080/tools.descartes.teastore.webui/product?id=130,106269064330750,106295686980691
http://econome-20.nantes.grid5000.fr:30080/tools.descartes.teastore.webui/product?id=108,106267994362837,106295687024548
http://econome-20.nantes.grid5000.fr:30080/tools.descartes.teastore.webui/product?id=421,106269168793508,106295688978878
http://econome-20.nantes.grid5000.fr:30080/tools.descartes.teastore.webui/product?id=219,106270690031487,106295689702032
http://econome-20.nantes.grid5000.fr:30080/tools.descartes.teastore.webui/product?id=420,106271439469888,106295693232039
http://econome-20.nantes.grid5000.fr:30080/tools.descartes.teastore.webui/product?id=319,106266961355398,106295696031178
http://econome-20.nantes.grid5000.fr:30080/tools.descartes.teastore.webui/product?id=128,106269961333429,106295699895868
http://econome-20.nantes.grid5000.fr:30080/tools.descartes.teastore.webui/product?id=217,106268748096483,106295706882489
http://econome-20.nantes.grid5000.fr:30080/tools.descartes.teastore.webui/product?id=12,106267661064367,106295710663201
http://econome-20.nantes.grid5000.fr:30080/tools.descartes.teastore.webui/product?id=16,106271715347123,106295710769511
http://econome-20.nantes.grid5000.fr:30080/tools.descartes.teastore.webui/product?id=14,106271502855465,106295720511616
http://econome-20.nantes.grid5000.fr:30080/tools.descartes.teastore.webui/product?id=24,106268846076120,106295721148196
http://econome-20.nantes.grid5000.fr:30080/tools.descartes.teastore.webui/product?id=123,106268118143500,106295722284970
http://econome-20.nantes.grid5000.fr:30080/tools.descartes.teastore.webui/product?id=125,106269466116415,106295732059040
http://econome-20.nantes.grid5000.fr:30080/tools.descartes.teastore.webui/product?id=36,106268542679883,106295750832962
http://econome-20.nantes.grid5000.fr:30080/tools.descartes.teastore.webui/product?id=417,106267715782148,106295752593349
http://econome-20.nantes.grid5000.fr:30080/tools.descartes.teastore.webui/product?id=428,106267438981344,106295754723945
http://econome-20.nantes.grid5000.fr:30080/tools.descartes.teastore.webui/product?id=316,106269037474654,106295762619257
http://econome-20.nantes.grid5000.fr:30080/tools.descartes.teastore.webui/product?id=307,106269871618176,106295762641299
http://econome-20.nantes.grid5000.fr:30080/tools.descartes.teastore.webui/product?id=134,106271607661809,106295781039772
http://econome-20.nantes.grid5000.fr:30080/tools.descartes.teastore.webui/product?id=228,106271895214997,106295781607302
http://econome-20.nantes.grid5000.fr:30080/tools.descartes.teastore.webui/product?id=328,106269955785693,106295793634417
http://econome-20.nantes.grid5000.fr:30080/tools.descartes.teastore.webui/product?id=36,106270690081192,106295798409021
http://econome-20.nantes.grid5000.fr:30080/tools.descartes.teastore.webui/product?id=330,106267677053641,106295812658195
http://econome-20.nantes.grid5000.fr:30080/tools.descartes.teastore.webui/product?id=315,106268721120452,106295812672919
http://econome-20.nantes.grid5000.fr:30080/tools.descartes.teastore.webui/product?id=19,106267844395338,106295812705617
http://econome-20.nantes.grid5000.fr:30080/tools.descartes.teastore.webui/product?id=411,106269410085327,106295814227476
http://econome-20.nantes.grid5000.fr:30080/tools.descartes.teastore.webui/product?id=420,106266890960234,106295832292520
http://econome-20.nantes.grid5000.fr:30080/tools.descartes.teastore.webui/product?id=14,106270669620718,106295832300843
http://econome-20.nantes.grid5000.fr:30080/tools.descartes.teastore.webui/product?id=218,106268840378354,106295839680762
http://econome-20.nantes.grid5000.fr:30080/tools.descartes.teastore.webui/product?id=330,106267471182684,106295839746967
http://econome-20.nantes.grid5000.fr:30080/tools.descartes.teastore.webui/product?id=14,106267345909296,106295841863346
http://econome-20.nantes.grid5000.fr:30080/tools.descartes.teastore.webui/product?id=411,106266754350537,106295841996027
http://econome-20.nantes.grid5000.fr:30080/tools.descartes.teastore.webui/product?id=416,106267373841030,106295849319615
http://econome-20.nantes.grid5000.fr:30080/tools.descartes.teastore.webui/product?id=213,106272049204453,106295849407853
http://econome-20.nantes.grid5000.fr:30080/tools.descartes.teastore.webui/product?id=32,106267855666861,106295849412509
http://econome-20.nantes.grid5000.fr:30080/tools.descartes.teastore.webui/product?id=321,106269645590623,106295853719185
http://econome-20.nantes.grid5000.fr:30080/tools.descartes.teastore.webui/product?id=228,106268143135570,106295856250872
http://econome-20.nantes.grid5000.fr:30080/tools.descartes.teastore.webui/product?id=410,106270821287637,106295865666851
http://econome-20.nantes.grid5000.fr:30080/tools.descartes.teastore.webui/product?id=26,106268972675529,106295866332867
http://econome-20.nantes.grid5000.fr:30080/tools.descartes.teastore.webui/product?id=427,106267352887968,106295866683307
http://econome-20.nantes.grid5000.fr:30080/tools.descartes.teastore.webui/product?id=421,106268483124550,106295869881905
http://econome-20.nantes.grid5000.fr:30080/tools.descartes.teastore.webui/product?id=407,106268735906028,106295873165074
http://econome-20.nantes.grid5000.fr:30080/tools.descartes.teastore.webui/product?id=228,106271138688244,106295877707146
http://econome-20.nantes.grid5000.fr:30080/tools.descartes.teastore.webui/product?id=111,106267735789194,106295877806415
http://econome-20.nantes.grid5000.fr:30080/tools.descartes.teastore.webui/product?id=24,106270951793438,106295894334073
http://econome-20.nantes.grid5000.fr:30080/tools.descartes.teastore.webui/product?id=314,106267592959288,106295894362023
http://econome-20.nantes.grid5000.fr:30080/tools.descartes.teastore.webui/product?id=323,106267749693726,106295894823380
http://econome-20.nantes.grid5000.fr:30080/tools.descartes.teastore.webui/product?id=220,106269513436817,106295897770535
http://econome-20.nantes.grid5000.fr:30080/tools.descartes.teastore.webui/product?id=318,106267849044207,106295901697313
http://econome-20.nantes.grid5000.fr:30080/tools.descartes.teastore.webui/product?id=334,106268343062835,106295905765605
http://econome-20.nantes.grid5000.fr:30080/tools.descartes.teastore.webui/product?id=427,106266926593702,106295923937735
http://econome-20.nantes.grid5000.fr:30080/tools.descartes.teastore.webui/product?id=314,106271719469101,106295927567010
http://econome-20.nantes.grid5000.fr:30080/tools.descartes.teastore.webui/product?id=132,106270207154221,106295927756392
http://econome-20.nantes.grid5000.fr:30080/tools.descartes.teastore.webui/product?id=28,106268201029766,106295933889002
http://econome-20.nantes.grid5000.fr:30080/tools.descartes.teastore.webui/product?id=213,106267924078026,106295937539607
http://econome-20.nantes.grid5000.fr:30080/tools.descartes.teastore.webui/product?id=311,106267318040499,106295953164034
http://econome-20.nantes.grid5000.fr:30080/tools.descartes.teastore.webui/product?id=215,106268542233396,106295956135857
http://econome-20.nantes.grid5000.fr:30080/tools.descartes.teastore.webui/product?id=136,106266811024376,106295964964690
http://econome-20.nantes.grid5000.fr:30080/tools.descartes.teastore.webui/product?id=408,106271543648548,106295965115177
http://econome-20.nantes.grid5000.fr:30080/tools.descartes.teastore.webui/product?id=324,106267377106616,106295981882969
http://econome-20.nantes.grid5000.fr:30080/tools.descartes.teastore.webui/product?id=214,106270167253255,106295994658809
http://econome-20.nantes.grid5000.fr:30080/tools.descartes.teastore.webui/product?id=218,106267677296796,106296013584068
http://econome-20.nantes.grid5000.fr:30080/tools.descartes.teastore.webui/product?id=321,106268020679438,106296017366441
http://econome-20.nantes.grid5000.fr:30080/tools.descartes.teastore.webui/product?id=416,106270215317520,106296019830789
http://econome-20.nantes.grid5000.fr:30080/tools.descartes.teastore.webui/product?id=212,106269054818546,106296021553715
http://econome-20.nantes.grid5000.fr:30080/tools.descartes.teastore.webui/product?id=214,106268083327067,106296021953375
http://econome-20.nantes.grid5000.fr:30080/tools.descartes.teastore.webui/product?id=425,106267382098184,106296039369647
http://econome-20.nantes.grid5000.fr:30080/tools.descartes.teastore.webui/product?id=334,106270724569817,106296039507952
http://econome-20.nantes.grid5000.fr:30080/tools.descartes.teastore.webui/product?id=328,106271317546869,106296040800298
http://econome-20.nantes.grid5000.fr:30080/tools.descartes.teastore.webui/product?id=9,106267673452130,106296049951521
http://econome-20.nantes.grid5000.fr:30080/tools.descartes.teastore.webui/product?id=325,106271244617059,106296055873290
http://econome-20.nantes.grid5000.fr:30080/tools.descartes.teastore.webui/product?id=23,106267568858614,106296068862195
http://econome-20.nantes.grid5000.fr:30080/tools.descartes.teastore.webui/product?id=107,106271012060006,106296069147454
http://econome-20.nantes.grid5000.fr:30080/tools.descartes.teastore.webui/product?id=207,106266926743606,106296069475190
http://econome-20.nantes.grid5000.fr:30080/tools.descartes.teastore.webui/product?id=107,106267282723062,106296074082787
http://econome-20.nantes.grid5000.fr:30080/tools.descartes.teastore.webui/product?id=419,106268468820924,106296078166541
http://econome-20.nantes.grid5000.fr:30080/tools.descartes.teastore.webui/product?id=219,106269597641423,106296078529734
http://econome-20.nantes.grid5000.fr:30080/tools.descartes.teastore.webui/product?id=214,106267603515442,106296084955336
http://econome-20.nantes.grid5000.fr:30080/tools.descartes.teastore.webui/product?id=16,106271294249282,106296096536540
http://econome-20.nantes.grid5000.fr:30080/tools.descartes.teastore.webui/product?id=218,106268140538650,106296096575639
http://econome-20.nantes.grid5000.fr:30080/tools.descartes.teastore.webui/product?id=211,106270753047825,106296096888440
http://econome-20.nantes.grid5000.fr:30080/tools.descartes.teastore.webui/product?id=412,106267502940314,106296097299493
http://econome-20.nantes.grid5000.fr:30080/tools.descartes.teastore.webui/product?id=423,106267913676668,106296107980832
http://econome-20.nantes.grid5000.fr:30080/tools.descartes.teastore.webui/product?id=409,106267603609921,106296108074296
http://econome-20.nantes.grid5000.fr:30080/tools.descartes.teastore.webui/product?id=109,106267966614230,106296109926532
http://econome-20.nantes.grid5000.fr:30080/tools.descartes.teastore.webui/product?id=221,106267907158065,106296125600048
http://econome-20.nantes.grid5000.fr:30080/tools.descartes.teastore.webui/product?id=112,106269259760182,106296125637565
http://econome-20.nantes.grid5000.fr:30080/tools.descartes.teastore.webui/product?id=222,106267465826791,106296137261960
http://econome-20.nantes.grid5000.fr:30080/tools.descartes.teastore.webui/product?id=15,106266705481249,106296139736874
http://econome-20.nantes.grid5000.fr:30080/tools.descartes.teastore.webui/product?id=311,106271002285204,106296140109616
http://econome-20.nantes.grid5000.fr:30080/tools.descartes.teastore.webui/product?id=321,106267998026559,106296156643293
http://econome-20.nantes.grid5000.fr:30080/tools.descartes.teastore.webui/product?id=314,106266841846234,106296167360788
http://econome-20.nantes.grid5000.fr:30080/tools.descartes.teastore.webui/product?id=29,106271321443349,106296167772768
http://econome-20.nantes.grid5000.fr:30080/tools.descartes.teastore.webui/product?id=207,106269018160209,106296185680178
http://econome-20.nantes.grid5000.fr:30080/tools.descartes.teastore.webui/product?id=314,106271503123497,106296192378707
http://econome-20.nantes.grid5000.fr:30080/tools.descartes.teastore.webui/product?id=136,106268342920283,106296213531315
http://econome-20.nantes.grid5000.fr:30080/tools.descartes.teastore.webui/product?id=217,106268053104710,106296225609412
http://econome-20.nantes.grid5000.fr:30080/tools.descartes.teastore.webui/product?id=324,106267654737319,106296225962398
http://econome-20.nantes.grid5000.fr:30080/tools.descartes.teastore.webui/product?id=312,106267306741536,106296226175069
http://econome-20.nantes.grid5000.fr:30080/tools.descartes.teastore.webui/product?id=318,106268945967045,106296241524790
http://econome-20.nantes.grid5000.fr:30080/tools.descartes.teastore.webui/product?id=326,106268313562823,106296252215507
http://econome-20.nantes.grid5000.fr:30080/tools.descartes.teastore.webui/product?id=13,106267112622700,106296279076511
http://econome-20.nantes.grid5000.fr:30080/tools.descartes.teastore.webui/product?id=215,106271526709274,106296309727782
http://econome-20.nantes.grid5000.fr:30080/tools.descartes.teastore.webui/product?id=132,106267193215717,106296309918194
http://econome-20.nantes.grid5000.fr:30080/tools.descartes.teastore.webui/product?id=215,106269284279344,106296309982959
http://econome-20.nantes.grid5000.fr:30080/tools.descartes.teastore.webui/product?id=213,106267199798541,106296328253950
http://econome-20.nantes.grid5000.fr:30080/tools.descartes.teastore.webui/product?id=211,106269695922349,106296356428202
http://econome-20.nantes.grid5000.fr:30080/tools.descartes.teastore.webui/product?id=319,106271906274869,106296366872540
http://econome-20.nantes.grid5000.fr:30080/tools.descartes.teastore.webui/product?id=131,106271723243771,106296417228463
http://econome-20.nantes.grid5000.fr:30080/tools.descartes.teastore.webui/product?id=332,106267456667848,106296449488426
http://econome-20.nantes.grid5000.fr:30080/tools.descartes.teastore.webui/product?id=223,106270923450918,106296504911260
http://econome-20.nantes.grid5000.fr:30080/tools.descartes.teastore.webui/product?id=133,106270373110046,106296978933393
http://econome-20.nantes.grid5000.fr:30080/tools.descartes.teastore.webui/product?id=28,106268018895699,106297007868372
http://econome-20.nantes.grid5000.fr:30080/tools.descartes.teastore.webui/product?id=134,106267520463416,106297064328561
http://econome-20.nantes.grid5000.fr:30080/tools.descartes.teastore.webui/product?id=215,106267346330926,106297073137744
http://econome-20.nantes.grid5000.fr:30080/tools.descartes.teastore.webui/product?id=130,106266897313346,106297101384558
http://econome-20.nantes.grid5000.fr:30080/tools.descartes.teastore.webui/product?id=18,106270254451607,106297102065064
http://econome-20.nantes.grid5000.fr:30080/tools.descartes.teastore.webui/product?id=308,106267374235083,106297102091776
http://econome-20.nantes.grid5000.fr:30080/tools.descartes.teastore.webui/product?id=111,106269901674367,106297152114616
http://econome-20.nantes.grid5000.fr:30080/tools.descartes.teastore.webui/product?id=208,106270496691146,106297158460496
http://econome-20.nantes.grid5000.fr:30080/tools.descartes.teastore.webui/product?id=219,106268262654437,106297181773703
http://econome-20.nantes.grid5000.fr:30080/tools.descartes.teastore.webui/product?id=107,106270508178237,106297187451534
http://econome-20.nantes.grid5000.fr:30080/tools.descartes.teastore.webui/product?id=226,106271127863914,106297187592235
http://econome-20.nantes.grid5000.fr:30080/tools.descartes.teastore.webui/product?id=7,106268946483001,106297210272672
http://econome-20.nantes.grid5000.fr:30080/tools.descartes.teastore.webui/product?id=26,106268705093677,106297210649743
http://econome-20.nantes.grid5000.fr:30080/tools.descartes.teastore.webui/product?id=415,106269355972848,106297229293964
http://econome-20.nantes.grid5000.fr:30080/tools.descartes.teastore.webui/product?id=314,106269192463528,106297233463682
http://econome-20.nantes.grid5000.fr:30080/tools.descartes.teastore.webui/product?id=311,106268692311085,106297267366802
http://econome-20.nantes.grid5000.fr:30080/tools.descartes.teastore.webui/product?id=232,106268179733184,106297267486697
http://econome-20.nantes.grid5000.fr:30080/tools.descartes.teastore.webui/product?id=308,106272714705921,106297304348568
http://econome-20.nantes.grid5000.fr:30080/tools.descartes.teastore.webui/product?id=31,106269313839035,106297369314329
http://econome-20.nantes.grid5000.fr:30080/tools.descartes.teastore.webui/product?id=130,106273203721329,106297390128169
http://econome-20.nantes.grid5000.fr:30080/tools.descartes.teastore.webui/product?id=31,106273261822530,106297390194556
http://econome-20.nantes.grid5000.fr:30080/tools.descartes.teastore.webui/product?id=313,106273189535706,106297404580687
http://econome-20.nantes.grid5000.fr:30080/tools.descartes.teastore.webui/product?id=308,106272928428077,106297404758069
http://econome-20.nantes.grid5000.fr:30080/tools.descartes.teastore.webui/product?id=109,106274130047458,106297441628338
http://econome-20.nantes.grid5000.fr:30080/tools.descartes.teastore.webui/product?id=32,106273525048417,106297507663760
http://econome-20.nantes.grid5000.fr:30080/tools.descartes.teastore.webui/product?id=14,106272833658598,106297508032689
http://econome-20.nantes.grid5000.fr:30080/tools.descartes.teastore.webui/product?id=424,106268767521821,106297508045363
http://econome-20.nantes.grid5000.fr:30080/tools.descartes.teastore.webui/product?id=8,106274159679591,106297549725699
http://econome-20.nantes.grid5000.fr:30080/tools.descartes.teastore.webui/product?id=36,106272505672099,106297549795288
http://econome-20.nantes.grid5000.fr:30080/tools.descartes.teastore.webui/product?id=36,106273102312639,106297564385118
http://econome-20.nantes.grid5000.fr:30080/tools.descartes.teastore.webui/product?id=317,106272642317261,106297578221260
http://econome-20.nantes.grid5000.fr:30080/tools.descartes.teastore.webui/product?id=33,106270688454499,106297591666459
http://econome-20.nantes.grid5000.fr:30080/tools.descartes.teastore.webui/product?id=318,106273563951297,106297605972909
http://econome-20.nantes.grid5000.fr:30080/tools.descartes.teastore.webui/product?id=20,106272584629877,106297606111199
http://econome-20.nantes.grid5000.fr:30080/tools.descartes.teastore.webui/product?id=9,106273113976096,106297618481202
http://econome-20.nantes.grid5000.fr:30080/tools.descartes.teastore.webui/product?id=319,106272708128443,106297717815181
http://econome-20.nantes.grid5000.fr:30080/tools.descartes.teastore.webui/product?id=420,106273855514333,106297720900423
http://econome-20.nantes.grid5000.fr:30080/tools.descartes.teastore.webui/product?id=18,106273422313873,106297734583560
http://econome-20.nantes.grid5000.fr:30080/tools.descartes.teastore.webui/product?id=417,106273755944647,106297748572984
http://econome-20.nantes.grid5000.fr:30080/tools.descartes.teastore.webui/product?id=10,106273697721519,106297791116333
http://econome-20.nantes.grid5000.fr:30080/tools.descartes.teastore.webui/product?id=118,106272651421650,106297811371985
http://econome-20.nantes.grid5000.fr:30080/tools.descartes.teastore.webui/product?id=321,106272090988639,106297866586165
http://econome-20.nantes.grid5000.fr:30080/tools.descartes.teastore.webui/product?id=12,106273327400727,106297866698793
http://econome-20.nantes.grid5000.fr:30080/tools.descartes.teastore.webui/product?id=107,106273201448870,106297933709688
http://econome-20.nantes.grid5000.fr:30080/tools.descartes.teastore.webui/product?id=425,106272191196825,106297951733386
http://econome-20.nantes.grid5000.fr:30080/tools.descartes.teastore.webui/product?id=116,106273537930331,106297962298179
http://econome-20.nantes.grid5000.fr:30080/tools.descartes.teastore.webui/product?id=22,106273002407042,106297962353337
http://econome-20.nantes.grid5000.fr:30080/tools.descartes.teastore.webui/product?id=215,106272088984811,106297979054316
http://econome-20.nantes.grid5000.fr:30080/tools.descartes.teastore.webui/product?id=119,106273495819808,106297979099586
http://econome-20.nantes.grid5000.fr:30080/tools.descartes.teastore.webui/product?id=122,106272255664523,106297997480674
http://econome-20.nantes.grid5000.fr:30080/tools.descartes.teastore.webui/product?id=227,106272763426603,106298012353058
http://econome-20.nantes.grid5000.fr:30080/tools.descartes.teastore.webui/product?id=218,106272205338401,106298017168589
http://econome-20.nantes.grid5000.fr:30080/tools.descartes.teastore.webui/product?id=20,106272823047201,106298021155178
http://econome-20.nantes.grid5000.fr:30080/tools.descartes.teastore.webui/product?id=20,106272982524735,106298053452743
http://econome-20.nantes.grid5000.fr:30080/tools.descartes.teastore.webui/product?id=225,106272941486883,106298146393460
http://econome-20.nantes.grid5000.fr:30080/tools.descartes.teastore.webui/product?id=217,106273798194856,106298188710023
http://econome-20.nantes.grid5000.fr:30080/tools.descartes.teastore.webui/product?id=329,106272478074037,106298214339754
http://econome-20.nantes.grid5000.fr:30080/tools.descartes.teastore.webui/product?id=207,106273328219284,106298216972135
http://econome-20.nantes.grid5000.fr:30080/tools.descartes.teastore.webui/product?id=234,106273509500035,106298305194548
http://econome-20.nantes.grid5000.fr:30080/tools.descartes.teastore.webui/product?id=320,106272805669481,106298305239198
http://econome-20.nantes.grid5000.fr:30080/tools.descartes.teastore.webui/product?id=209,106273640861297,106298321260584
http://econome-20.nantes.grid5000.fr:30080/tools.descartes.teastore.webui/product?id=9,106272736902498,106298388121770
http://econome-20.nantes.grid5000.fr:30080/tools.descartes.teastore.webui/product?id=236,106272925537889,106298439285264
http://econome-20.nantes.grid5000.fr:30080/tools.descartes.teastore.webui/product?id=416,106273058617344,106298472161289
http://econome-20.nantes.grid5000.fr:30080/tools.descartes.teastore.webui/product?id=15,106272416067922,106298483297819
http://econome-20.nantes.grid5000.fr:30080/tools.descartes.teastore.webui/product?id=28,106272233131822,106298515489998
http://econome-20.nantes.grid5000.fr:30080/tools.descartes.teastore.webui/product?id=20,106272304661159,106298704749854
http://econome-20.nantes.grid5000.fr:30080/tools.descartes.teastore.webui/product?id=310,106273311552643,106298716403934
http://econome-20.nantes.grid5000.fr:30080/tools.descartes.teastore.webui/product?id=320,106273201245333,106298744773538
http://econome-20.nantes.grid5000.fr:30080/tools.descartes.teastore.webui/product?id=124,106273105397943,106298839131798
http://econome-20.nantes.grid5000.fr:30080/tools.descartes.teastore.webui/product?id=324,106272019416877,106298868653400
http://econome-20.nantes.grid5000.fr:30080/tools.descartes.teastore.webui/product?id=24,106272679498816,106298889760916
http://econome-20.nantes.grid5000.fr:30080/tools.descartes.teastore.webui/product?id=8,106272615233277,106298896896527
http://econome-20.nantes.grid5000.fr:30080/tools.descartes.teastore.webui/product?id=9,106272162306142,106298926753754
http://econome-20.nantes.grid5000.fr:30080/tools.descartes.teastore.webui/product?id=310,106274075310230,106298983386571
http://econome-20.nantes.grid5000.fr:30080/tools.descartes.teastore.webui/product?id=134,106273641238696,106299095826761
[POST]http://econome-20.nantes.grid5000.fr:30080/tools.descartes.teastore.webui/cartAction?addToCart=&productid=409,106296108216868,106313488588784
[POST]http://econome-20.nantes.grid5000.fr:30080/tools.descartes.teastore.webui/cartAction?addToCart=&productid=415,106297229384249,106313488892580
[POST]http://econome-20.nantes.grid5000.fr:30080/tools.descartes.teastore.webui/cartAction?addToCart=&productid=411,106295842037413,106313520563131
[POST]http://econome-20.nantes.grid5000.fr:30080/tools.descartes.teastore.webui/cartAction?addToCart=&productid=334,106295905904954,106313544084832
[POST]http://econome-20.nantes.grid5000.fr:30080/tools.descartes.teastore.webui/cartAction?addToCart=&productid=421,106297016628177,106313551073656
[POST]http://econome-20.nantes.grid5000.fr:30080/tools.descartes.teastore.webui/cartAction?addToCart=&productid=208,106295319446900,106313551535199
[POST]http://econome-20.nantes.grid5000.fr:30080/tools.descartes.teastore.webui/cartAction?addToCart=&productid=28,106298515683313,106313551679239
[POST]http://econome-20.nantes.grid5000.fr:30080/tools.descartes.teastore.webui/cartAction?addToCart=&productid=308,106297404926063,106313552061834
[POST]http://econome-20.nantes.grid5000.fr:30080/tools.descartes.teastore.webui/cartAction?addToCart=&productid=36,106295798484787,106313578149904
[POST]http://econome-20.nantes.grid5000.fr:30080/tools.descartes.teastore.webui/cartAction?addToCart=&productid=23,106296068986237,106313579791033
[POST]http://econome-20.nantes.grid5000.fr:30080/tools.descartes.teastore.webui/cartAction?addToCart=&productid=424,106296805142613,106313580666015
[POST]http://econome-20.nantes.grid5000.fr:30080/tools.descartes.teastore.webui/cartAction?addToCart=&productid=7,106297210366549,106313582714889
[POST]http://econome-20.nantes.grid5000.fr:30080/tools.descartes.teastore.webui/cartAction?addToCart=&productid=118,106297811524088,106313582787553
[POST]http://econome-20.nantes.grid5000.fr:30080/tools.descartes.teastore.webui/cartAction?addToCart=&productid=313,106295376429885,106313606692421
[POST]http://econome-20.nantes.grid5000.fr:30080/tools.descartes.teastore.webui/cartAction?addToCart=&productid=136,106295965040664,106313608913375
[POST]http://econome-20.nantes.grid5000.fr:30080/tools.descartes.teastore.webui/cartAction?addToCart=&productid=9,106296050114662,106313610232600
[POST]http://econome-20.nantes.grid5000.fr:30080/tools.descartes.teastore.webui/cartAction?addToCart=&productid=207,106298217076390,106313612663574
[POST]http://econome-20.nantes.grid5000.fr:30080/tools.descartes.teastore.webui/cartAction?addToCart=&productid=14,106297508115647,106313617977607
[POST]http://econome-20.nantes.grid5000.fr:30080/tools.descartes.teastore.webui/cartAction?addToCart=&productid=232,106297267654061,106313646797060
[POST]http://econome-20.nantes.grid5000.fr:30080/tools.descartes.teastore.webui/cartAction?addToCart=&productid=10,106297791281471,106313649659551
[POST]http://econome-20.nantes.grid5000.fr:30080/tools.descartes.teastore.webui/cartAction?addToCart=&productid=214,106295994751045,106313649729193
[POST]http://econome-20.nantes.grid5000.fr:30080/tools.descartes.teastore.webui/cartAction?addToCart=&productid=319,106297718026851,106313650020484
[POST]http://econome-20.nantes.grid5000.fr:30080/tools.descartes.teastore.webui/cartAction?addToCart=&productid=319,106295696147705,106313650826702
[POST]http://econome-20.nantes.grid5000.fr:30080/tools.descartes.teastore.webui/cartAction?addToCart=&productid=320,106298744946846,106313650829937
[POST]http://econome-20.nantes.grid5000.fr:30080/tools.descartes.teastore.webui/cartAction?addToCart=&productid=325,106296056054812,106313662570663
[POST]http://econome-20.nantes.grid5000.fr:30080/tools.descartes.teastore.webui/cartAction?addToCart=&productid=15,106296139888057,106313662586358
[POST]http://econome-20.nantes.grid5000.fr:30080/tools.descartes.teastore.webui/cartAction?addToCart=&productid=128,106296921692322,106313666582040
[POST]http://econome-20.nantes.grid5000.fr:30080/tools.descartes.teastore.webui/cartAction?addToCart=&productid=29,106296167910570,106313669138073
[POST]http://econome-20.nantes.grid5000.fr:30080/tools.descartes.teastore.webui/cartAction?addToCart=&productid=113,106297627714535,106313669307186
[POST]http://econome-20.nantes.grid5000.fr:30080/tools.descartes.teastore.webui/cartAction?addToCart=&productid=32,106297122077284,106313671483691
[POST]http://econome-20.nantes.grid5000.fr:30080/tools.descartes.teastore.webui/cartAction?addToCart=&productid=218,106296096737111,106313671567300
[POST]http://econome-20.nantes.grid5000.fr:30080/tools.descartes.teastore.webui/cartAction?addToCart=&productid=32,106297507783881,106313671758159
[POST]http://econome-20.nantes.grid5000.fr:30080/tools.descartes.teastore.webui/cartAction?addToCart=&productid=217,106296225771311,106313672190668
[POST]http://econome-20.nantes.grid5000.fr:30080/tools.descartes.teastore.webui/cartAction?addToCart=&productid=419,106295168286881,106313672801514
[POST]http://econome-20.nantes.grid5000.fr:30080/tools.descartes.teastore.webui/cartAction?addToCart=&productid=213,106295937657447,106313672847690
[POST]http://econome-20.nantes.grid5000.fr:30080/tools.descartes.teastore.webui/cartAction?addToCart=&productid=328,106296040931975,106313676185712
[POST]http://econome-20.nantes.grid5000.fr:30080/tools.descartes.teastore.webui/cartAction?addToCart=&productid=211,106296356642406,106313676286737
[POST]http://econome-20.nantes.grid5000.fr:30080/tools.descartes.teastore.webui/cartAction?addToCart=&productid=16,106295710920588,106313677668723
[POST]http://econome-20.nantes.grid5000.fr:30080/tools.descartes.teastore.webui/cartAction?addToCart=&productid=8,106297549777235,106313693284361
[POST]http://econome-20.nantes.grid5000.fr:30080/tools.descartes.teastore.webui/cartAction?addToCart=&productid=211,106296097158620,106313696277136
[POST]http://econome-20.nantes.grid5000.fr:30080/tools.descartes.teastore.webui/cartAction?addToCart=&productid=318,106295901774705,106313704018469
[POST]http://econome-20.nantes.grid5000.fr:30080/tools.descartes.teastore.webui/cartAction?addToCart=&productid=26,106295866361286,106313704394729
[POST]http://econome-20.nantes.grid5000.fr:30080/tools.descartes.teastore.webui/cartAction?addToCart=&productid=32,106295849451474,106313704657806
[POST]http://econome-20.nantes.grid5000.fr:30080/tools.descartes.teastore.webui/cartAction?addToCart=&productid=430,106297520143880,106313705361338
[POST]http://econome-20.nantes.grid5000.fr:30080/tools.descartes.teastore.webui/cartAction?addToCart=&productid=28,106295934023286,106313720292734
[POST]http://econome-20.nantes.grid5000.fr:30080/tools.descartes.teastore.webui/cartAction?addToCart=&productid=219,106297181939697,106313729373809
[POST]http://econome-20.nantes.grid5000.fr:30080/tools.descartes.teastore.webui/cartAction?addToCart=&productid=108,106297420474922,106313729451304
[POST]http://econome-20.nantes.grid5000.fr:30080/tools.descartes.teastore.webui/cartAction?addToCart=&productid=208,106297158632807,106313729451476
[POST]http://econome-20.nantes.grid5000.fr:30080/tools.descartes.teastore.webui/cartAction?addToCart=&productid=219,106296078740748,106313732471785
[POST]http://econome-20.nantes.grid5000.fr:30080/tools.descartes.teastore.webui/cartAction?addToCart=&productid=315,106295812734639,106313732498114
[POST]http://econome-20.nantes.grid5000.fr:30080/tools.descartes.teastore.webui/cartAction?addToCart=&productid=224,106297025709944,106313739249773
[POST]http://econome-20.nantes.grid5000.fr:30080/tools.descartes.teastore.webui/cartAction?addToCart=&productid=133,106295512074095,106313742177650
[POST]http://econome-20.nantes.grid5000.fr:30080/tools.descartes.teastore.webui/cartAction?addToCart=&productid=133,106295255242158,106313743961123
[POST]http://econome-20.nantes.grid5000.fr:30080/tools.descartes.teastore.webui/cartAction?addToCart=&productid=421,106295689130816,106313748994423
[POST]http://econome-20.nantes.grid5000.fr:30080/tools.descartes.teastore.webui/cartAction?addToCart=&productid=16,106297537475053,106313751314541
[POST]http://econome-20.nantes.grid5000.fr:30080/tools.descartes.teastore.webui/cartAction?addToCart=&productid=410,106295865717568,106313753124974
[POST]http://econome-20.nantes.grid5000.fr:30080/tools.descartes.teastore.webui/cartAction?addToCart=&productid=14,106295720722947,106313755281466
[POST]http://econome-20.nantes.grid5000.fr:30080/tools.descartes.teastore.webui/cartAction?addToCart=&productid=424,106297508119689,106313760062143
[POST]http://econome-20.nantes.grid5000.fr:30080/tools.descartes.teastore.webui/cartAction?addToCart=&productid=423,106296108137355,106313769087723
[POST]http://econome-20.nantes.grid5000.fr:30080/tools.descartes.teastore.webui/cartAction?addToCart=&productid=314,106295927695787,106313771277281
[POST]http://econome-20.nantes.grid5000.fr:30080/tools.descartes.teastore.webui/cartAction?addToCart=&productid=321,106295853751608,106313779099976
[POST]http://econome-20.nantes.grid5000.fr:30080/tools.descartes.teastore.webui/cartAction?addToCart=&productid=321,106296017529754,106313784683359
[POST]http://econome-20.nantes.grid5000.fr:30080/tools.descartes.teastore.webui/cartAction?addToCart=&productid=109,106296110055317,106313785512421
[POST]http://econome-20.nantes.grid5000.fr:30080/tools.descartes.teastore.webui/cartAction?addToCart=&productid=420,106295832350426,106313786709066
[POST]http://econome-20.nantes.grid5000.fr:30080/tools.descartes.teastore.webui/cartAction?addToCart=&productid=218,106296013750301,106313798186020
[POST]http://econome-20.nantes.grid5000.fr:30080/tools.descartes.teastore.webui/cartAction?addToCart=&productid=12,106296248155643,106313803835780
[POST]http://econome-20.nantes.grid5000.fr:30080/tools.descartes.teastore.webui/cartAction?addToCart=&productid=13,106296279236377,106313805597751
[POST]http://econome-20.nantes.grid5000.fr:30080/tools.descartes.teastore.webui/cartAction?addToCart=&productid=131,106296417380396,106313805599642
[POST]http://econome-20.nantes.grid5000.fr:30080/tools.descartes.teastore.webui/cartAction?addToCart=&productid=427,106295866724483,106313811856625
[POST]http://econome-20.nantes.grid5000.fr:30080/tools.descartes.teastore.webui/cartAction?addToCart=&productid=316,106297051273482,106313811900717
[POST]http://econome-20.nantes.grid5000.fr:30080/tools.descartes.teastore.webui/cartAction?addToCart=&productid=314,106296192530129,106313822057752
[POST]http://econome-20.nantes.grid5000.fr:30080/tools.descartes.teastore.webui/cartAction?addToCart=&productid=213,106295849460900,106313822284122
[POST]http://econome-20.nantes.grid5000.fr:30080/tools.descartes.teastore.webui/cartAction?addToCart=&productid=133,106296979106413,106313825161613
[POST]http://econome-20.nantes.grid5000.fr:30080/tools.descartes.teastore.webui/cartAction?addToCart=&productid=14,106295841927633,106313829883718
[POST]http://econome-20.nantes.grid5000.fr:30080/tools.descartes.teastore.webui/cartAction?addToCart=&productid=321,106296119249245,106313848798377
[POST]http://econome-20.nantes.grid5000.fr:30080/tools.descartes.teastore.webui/cartAction?addToCart=&productid=28,106297007969425,106313848937307
[POST]http://econome-20.nantes.grid5000.fr:30080/tools.descartes.teastore.webui/cartAction?addToCart=&productid=318,106296241661433,106313869816314
[POST]http://econome-20.nantes.grid5000.fr:30080/tools.descartes.teastore.webui/cartAction?addToCart=&productid=321,106296156773397,106313876136568
[POST]http://econome-20.nantes.grid5000.fr:30080/tools.descartes.teastore.webui/cartAction?addToCart=&productid=319,106296367080271,106313892568672
[POST]http://econome-20.nantes.grid5000.fr:30080/tools.descartes.teastore.webui/cartAction?addToCart=&productid=16,106296096730353,106313923131428
[POST]http://econome-20.nantes.grid5000.fr:30080/tools.descartes.teastore.webui/cartAction?addToCart=&productid=24,106295894389794,106313927056929
[POST]http://econome-20.nantes.grid5000.fr:30080/tools.descartes.teastore.webui/cartAction?addToCart=&productid=408,106295965208071,106313929895299
[POST]http://econome-20.nantes.grid5000.fr:30080/tools.descartes.teastore.webui/cartAction?addToCart=&productid=322,106297221955637,106313942571648
[POST]http://econome-20.nantes.grid5000.fr:30080/tools.descartes.teastore.webui/cartAction?addToCart=&productid=14,106297321787316,106313942622936
[POST]http://econome-20.nantes.grid5000.fr:30080/tools.descartes.teastore.webui/cartAction?addToCart=&productid=20,106297606264137,106313949513772
[POST]http://econome-20.nantes.grid5000.fr:30080/tools.descartes.teastore.webui/cartAction?addToCart=&productid=314,106297233566791,106313954458939
[POST]http://econome-20.nantes.grid5000.fr:30080/tools.descartes.teastore.webui/cartAction?addToCart=&productid=107,106297933786998,106313956331235
[POST]http://econome-20.nantes.grid5000.fr:30080/tools.descartes.teastore.webui/cartAction?addToCart=&productid=228,106295856314590,106313956446054
[POST]http://econome-20.nantes.grid5000.fr:30080/tools.descartes.teastore.webui/cartAction?addToCart=&productid=318,106297606093822,106313957039584
[POST]http://econome-20.nantes.grid5000.fr:30080/tools.descartes.teastore.webui/cartAction?addToCart=&productid=19,106297619368324,106313958427202
[POST]http://econome-20.nantes.grid5000.fr:30080/tools.descartes.teastore.webui/cartAction?addToCart=&productid=421,106295869923179,106313958442185
[POST]http://econome-20.nantes.grid5000.fr:30080/tools.descartes.teastore.webui/cartAction?addToCart=&productid=433,106297328462933,106313967496810
[POST]http://econome-20.nantes.grid5000.fr:30080/tools.descartes.teastore.webui/cartAction?addToCart=&productid=235,106295557373410,106313984950911
[POST]http://econome-20.nantes.grid5000.fr:30080/tools.descartes.teastore.webui/cartAction?addToCart=&productid=134,106299095925193,106313987076250
[POST]http://econome-20.nantes.grid5000.fr:30080/tools.descartes.teastore.webui/cartAction?addToCart=&productid=221,106296125742304,106313987214236
[POST]http://econome-20.nantes.grid5000.fr:30080/tools.descartes.teastore.webui/cartAction?addToCart=&productid=332,106296449701498,106313987431059
[POST]http://econome-20.nantes.grid5000.fr:30080/tools.descartes.teastore.webui/cartAction?addToCart=&productid=117,106297520882552,106314000863421
[POST]http://econome-20.nantes.grid5000.fr:30080/tools.descartes.teastore.webui/cartAction?addToCart=&productid=312,106296226348855,106314001879094
[POST]http://econome-20.nantes.grid5000.fr:30080/tools.descartes.teastore.webui/cartAction?addToCart=&productid=311,106295953247437,106314007875621
[POST]http://econome-20.nantes.grid5000.fr:30080/tools.descartes.teastore.webui/cartAction?addToCart=&productid=314,106295894413106,106314014114393
[POST]http://econome-20.nantes.grid5000.fr:30080/tools.descartes.teastore.webui/cartAction?addToCart=&productid=33,106297591790580,106314014257643
[POST]http://econome-20.nantes.grid5000.fr:30080/tools.descartes.teastore.webui/cartAction?addToCart=&productid=108,106295482023353,106314049025329
[POST]http://econome-20.nantes.grid5000.fr:30080/tools.descartes.teastore.webui/cartAction?addToCart=&productid=416,106295849354852,106314068044080
[POST]http://econome-20.nantes.grid5000.fr:30080/tools.descartes.teastore.webui/cartAction?addToCart=&productid=108,106295687150559,106314068101860
[POST]http://econome-20.nantes.grid5000.fr:30080/tools.descartes.teastore.webui/cartAction?addToCart=&productid=19,106295812740870,106314102294966
[POST]http://econome-20.nantes.grid5000.fr:30080/tools.descartes.teastore.webui/cartAction?addToCart=&productid=109,106297441779959,106314151100914
[POST]http://econome-20.nantes.grid5000.fr:30080/tools.descartes.teastore.webui/cartAction?addToCart=&productid=222,106296137392862,106314178700597
[POST]http://econome-20.nantes.grid5000.fr:30080/tools.descartes.teastore.webui/cartAction?addToCart=&productid=326,106296252256618,106314183291829
[POST]http://econome-20.nantes.grid5000.fr:30080/tools.descartes.teastore.webui/cartAction?addToCart=&productid=116,106297962336616,106314245547360
[POST]http://econome-20.nantes.grid5000.fr:30080/tools.descartes.teastore.webui/cartAction?addToCart=&productid=8,106298897040812,106314344295367
[POST]http://econome-20.nantes.grid5000.fr:30080/tools.descartes.teastore.webui/cartAction?addToCart=&productid=215,106297073385324,106314352074667
[POST]http://econome-20.nantes.grid5000.fr:30080/tools.descartes.teastore.webui/cartAction?addToCart=&productid=310,106298716541471,106314352510603
[POST]http://econome-20.nantes.grid5000.fr:30080/tools.descartes.teastore.webui/cartAction?addToCart=&productid=308,106297102266577,106314379157727
[POST]http://econome-20.nantes.grid5000.fr:30080/tools.descartes.teastore.webui/cartAction?addToCart=&productid=107,106296069294604,106314397360972
[POST]http://econome-20.nantes.grid5000.fr:30080/tools.descartes.teastore.webui/cartAction?addToCart=&productid=32,106297470407862,106314428032639
[POST]http://econome-20.nantes.grid5000.fr:30080/tools.descartes.teastore.webui/cartAction?addToCart=&productid=308,106297304517293,106314448587891
[POST]http://econome-20.nantes.grid5000.fr:30080/tools.descartes.teastore.webui/cartAction?addToCart=&productid=221,106295286980772,106314448610370
[POST]http://econome-20.nantes.grid5000.fr:30080/tools.descartes.teastore.webui/cartAction?addToCart=&productid=131,106297976046668,106314476448959
[POST]http://econome-20.nantes.grid5000.fr:30080/tools.descartes.teastore.webui/cartAction?addToCart=&productid=111,106297152263817,106314478454134
[POST]http://econome-20.nantes.grid5000.fr:30080/tools.descartes.teastore.webui/cartAction?addToCart=&productid=314,106295388506468,106314484576286
[POST]http://econome-20.nantes.grid5000.fr:30080/tools.descartes.teastore.webui/cartAction?addToCart=&productid=215,106295956197028,106314512541184
[POST]http://econome-20.nantes.grid5000.fr:30080/tools.descartes.teastore.webui/cartAction?addToCart=&productid=207,106297618938850,106314545751752
[POST]http://econome-20.nantes.grid5000.fr:30080/tools.descartes.teastore.webui/cartAction?addToCart=&productid=18,106297102224074,106314546098847
[POST]http://econome-20.nantes.grid5000.fr:30080/tools.descartes.teastore.webui/cartAction?addToCart=&productid=420,106297931857298,106314546388071
[POST]http://econome-20.nantes.grid5000.fr:30080/tools.descartes.teastore.webui/cartAction?addToCart=&productid=430,106297606782216,106314550026415
[POST]http://econome-20.nantes.grid5000.fr:30080/tools.descartes.teastore.webui/cartAction?addToCart=&productid=214,106296085105927,106314575164208
[POST]http://econome-20.nantes.grid5000.fr:30080/tools.descartes.teastore.webui/cartAction?addToCart=&productid=420,106297721108924,106314575268796
[POST]http://econome-20.nantes.grid5000.fr:30080/tools.descartes.teastore.webui/cartAction?addToCart=&productid=427,106295924158484,106314676317988
[POST]http://econome-20.nantes.grid5000.fr:30080/tools.descartes.teastore.webui/cartAction?addToCart=&productid=209,106298321389036,106314745752562
[POST]http://econome-20.nantes.grid5000.fr:30080/tools.descartes.teastore.webui/cartAction?addToCart=&productid=107,106297187568172,106314871695269
[POST]http://econome-20.nantes.grid5000.fr:30080/tools.descartes.teastore.webui/cartAction?addToCart=&productid=311,106297267483046,106314952659623
[POST]http://econome-20.nantes.grid5000.fr:30080/tools.descartes.teastore.webui/cartAction?addToCart=&productid=425,106297951770676,106314975194983
[POST]http://econome-20.nantes.grid5000.fr:30080/tools.descartes.teastore.webui/cartAction?addToCart=&productid=221,106297025492562,106314978510543
[POST]http://econome-20.nantes.grid5000.fr:30080/tools.descartes.teastore.webui/cartAction?addToCart=&productid=226,106297187769147,106314980333320
[POST]http://econome-20.nantes.grid5000.fr:30080/tools.descartes.teastore.webui/cartAction?addToCart=&productid=422,106297351777111,106315829930843
http://econome-20.nantes.grid5000.fr:30080/tools.descartes.teastore.webui/category?page=1&category=6,106313769236917,106316445170449
http://econome-20.nantes.grid5000.fr:30080/tools.descartes.teastore.webui/category?page=1&category=3,106313805738533,106316845893276
http://econome-20.nantes.grid5000.fr:30080/tools.descartes.teastore.webui/category?page=1&category=4,106313646914401,106316849944876
http://econome-20.nantes.grid5000.fr:30080/tools.descartes.teastore.webui/category?page=1&category=4,106313732584801,106316947028653
http://econome-20.nantes.grid5000.fr:30080/tools.descartes.teastore.webui/category?page=1&category=6,106313749122593,106316949764831
http://econome-20.nantes.grid5000.fr:30080/tools.descartes.teastore.webui/category?page=1&category=3,106313729593691,106316949844439
http://econome-20.nantes.grid5000.fr:30080/tools.descartes.teastore.webui/category?page=1&category=4,106313649826272,106316949891868
http://econome-20.nantes.grid5000.fr:30080/tools.descartes.teastore.webui/category?page=1&category=4,106313729594826,106316949960647
http://econome-20.nantes.grid5000.fr:30080/tools.descartes.teastore.webui/category?page=1&category=5,106313822160109,106316978622572
http://econome-20.nantes.grid5000.fr:30080/tools.descartes.teastore.webui/category?page=1&category=5,106313662675035,106316978718743
http://econome-20.nantes.grid5000.fr:30080/tools.descartes.teastore.webui/category?page=1&category=4,106313729475757,106316978811997
http://econome-20.nantes.grid5000.fr:30080/tools.descartes.teastore.webui/category?page=1&category=2,106313662708857,106317046311292
http://econome-20.nantes.grid5000.fr:30080/tools.descartes.teastore.webui/category?page=1&category=6,106313705480518,106317046340910
http://econome-20.nantes.grid5000.fr:30080/tools.descartes.teastore.webui/category?page=1&category=3,106313582925569,106317046351783
http://econome-20.nantes.grid5000.fr:30080/tools.descartes.teastore.webui/category?page=1&category=6,106313520658619,106317048834175
http://econome-20.nantes.grid5000.fr:30080/tools.descartes.teastore.webui/category?page=1&category=2,106313551804214,106317050236620
http://econome-20.nantes.grid5000.fr:30080/tools.descartes.teastore.webui/category?page=1&category=5,106313544226960,106317050498985
http://econome-20.nantes.grid5000.fr:30080/tools.descartes.teastore.webui/category?page=1&category=6,106313580777159,106317050546660
http://econome-20.nantes.grid5000.fr:30080/tools.descartes.teastore.webui/category?page=1&category=6,106313488740689,106317079566478
http://econome-20.nantes.grid5000.fr:30080/tools.descartes.teastore.webui/category?page=1&category=6,106313551192054,106317079721355
[POST]http://econome-20.nantes.grid5000.fr:30080/tools.descartes.teastore.webui/cartAction?addToCart=&productid=24,106297947925691,106317109322478
[POST]http://econome-20.nantes.grid5000.fr:30080/tools.descartes.teastore.webui/cartAction?addToCart=&productid=112,106296125755129,106317109493485
http://econome-20.nantes.grid5000.fr:30080/tools.descartes.teastore.webui/category?page=1&category=4,106313672992227,106317167428960
http://econome-20.nantes.grid5000.fr:30080/tools.descartes.teastore.webui/category?page=1&category=2,106313720387052,106317210254668
http://econome-20.nantes.grid5000.fr:30080/tools.descartes.teastore.webui/category?page=1&category=4,106313671670366,106317210784270
http://econome-20.nantes.grid5000.fr:30080/tools.descartes.teastore.webui/category?page=1&category=2,106313693403435,106317242961081
http://econome-20.nantes.grid5000.fr:30080/tools.descartes.teastore.webui/category?page=1&category=3,106313742286898,106317263170969
http://econome-20.nantes.grid5000.fr:30080/tools.descartes.teastore.webui/category?page=1&category=5,106313784802387,106317271337088
http://econome-20.nantes.grid5000.fr:30080/tools.descartes.teastore.webui/category?page=1&category=4,106313672284607,106317282486938
http://econome-20.nantes.grid5000.fr:30080/tools.descartes.teastore.webui/category?page=1&category=3,106313785612532,106317291869932
http://econome-20.nantes.grid5000.fr:30080/tools.descartes.teastore.webui/category?page=1&category=5,106313704118025,106317299724709
http://econome-20.nantes.grid5000.fr:30080/tools.descartes.teastore.webui/category?page=1&category=2,106313704745565,106317320110725
[POST]http://econome-20.nantes.grid5000.fr:30080/tools.descartes.teastore.webui/cartAction?addToCart=&productid=26,106297210716087,106317321195121
http://econome-20.nantes.grid5000.fr:30080/tools.descartes.teastore.webui/category?page=1&category=5,106313606841773,106317321258739
http://econome-20.nantes.grid5000.fr:30080/tools.descartes.teastore.webui/category?page=1&category=5,106313650938752,106317324730671
http://econome-20.nantes.grid5000.fr:30080/tools.descartes.teastore.webui/category?page=1&category=3,106313669441586,106317343022631
http://econome-20.nantes.grid5000.fr:30080/tools.descartes.teastore.webui/category?page=1&category=6,106313489096704,106317343599278
http://econome-20.nantes.grid5000.fr:30080/tools.descartes.teastore.webui/category?page=1&category=2,106313677765898,106317402506985
http://econome-20.nantes.grid5000.fr:30080/tools.descartes.teastore.webui/category?page=1&category=2,106313610319290,106317409376078
http://econome-20.nantes.grid5000.fr:30080/tools.descartes.teastore.webui/category?page=1&category=4,106313696400322,106317414199655
http://econome-20.nantes.grid5000.fr:30080/tools.descartes.teastore.webui/category?page=1&category=5,106313552181460,106317436609493
http://econome-20.nantes.grid5000.fr:30080/tools.descartes.teastore.webui/category?page=1&category=3,106313609049997,106317469922752
http://econome-20.nantes.grid5000.fr:30080/tools.descartes.teastore.webui/category?page=1&category=2,106313649791527,106317544575043
http://econome-20.nantes.grid5000.fr:30080/tools.descartes.teastore.webui/category?page=1&category=2,106313704521968,106317574960961
http://econome-20.nantes.grid5000.fr:30080/tools.descartes.teastore.webui/category?page=1&category=3,106313666714744,106317580063383
http://econome-20.nantes.grid5000.fr:30080/tools.descartes.teastore.webui/category?page=1&category=2,106313578253418,106317657946995
http://econome-20.nantes.grid5000.fr:30080/tools.descartes.teastore.webui/category?page=1&category=4,106313739334322,106317658202612
http://econome-20.nantes.grid5000.fr:30080/tools.descartes.teastore.webui/category?page=1&category=2,106313579920473,106317669774833
http://econome-20.nantes.grid5000.fr:30080/tools.descartes.teastore.webui/category?page=1&category=2,106313669308460,106317687954955
http://econome-20.nantes.grid5000.fr:30080/tools.descartes.teastore.webui/category?page=1&category=2,106313582796828,106317743819854
[POST]http://econome-20.nantes.grid5000.fr:30080/tools.descartes.teastore.webui/cartAction?addToCart=&productid=435,106295485870714,106317772717551
[POST]http://econome-20.nantes.grid5000.fr:30080/tools.descartes.teastore.webui/cartAction?addToCart=&productid=125,106297919800919,106317845114163
[POST]http://econome-20.nantes.grid5000.fr:30080/tools.descartes.teastore.webui/cartAction?addToCart=&productid=15,106298483481671,106317852494019
http://econome-20.nantes.grid5000.fr:30080/tools.descartes.teastore.webui/category?page=1&category=4,106313798297282,106317870894532
[POST]http://econome-20.nantes.grid5000.fr:30080/tools.descartes.teastore.webui/cartAction?addToCart=&productid=419,106296078307308,106317878082614
[POST]http://econome-20.nantes.grid5000.fr:30080/tools.descartes.teastore.webui/cartAction?addToCart=&productid=132,106296310309269,106317899072213
[POST]http://econome-20.nantes.grid5000.fr:30080/tools.descartes.teastore.webui/cartAction?addToCart=&productid=134,106295781197569,106318000868989
[POST]http://econome-20.nantes.grid5000.fr:30080/tools.descartes.teastore.webui/cartAction?addToCart=&productid=416,106296019964319,106318039205291
[POST]http://econome-20.nantes.grid5000.fr:30080/tools.descartes.teastore.webui/cartAction?addToCart=&productid=9,106297618579019,106318052716088
http://econome-20.nantes.grid5000.fr:30080/tools.descartes.teastore.webui/category?page=1&category=5,106313650916739,106318081026125
http://econome-20.nantes.grid5000.fr:30080/tools.descartes.teastore.webui/category?page=1&category=2,106313671578042,106318099837738
[POST]http://econome-20.nantes.grid5000.fr:30080/tools.descartes.teastore.webui/cartAction?addToCart=&productid=115,106297222356480,106318225702534
[POST]http://econome-20.nantes.grid5000.fr:30080/tools.descartes.teastore.webui/cartAction?addToCart=&productid=228,106295260099789,106318252071189
http://econome-20.nantes.grid5000.fr:30080/tools.descartes.teastore.webui/category?page=1&category=3,106313825244455,106318323090938
http://econome-20.nantes.grid5000.fr:30080/tools.descartes.teastore.webui/category?page=1&category=4,106313676412309,106318348047549
http://econome-20.nantes.grid5000.fr:30080/tools.descartes.teastore.webui/category?page=1&category=5,106313779200436,106318349900428
http://econome-20.nantes.grid5000.fr:30080/tools.descartes.teastore.webui/category?page=1&category=4,106313822353568,106318353223152
http://econome-20.nantes.grid5000.fr:30080/tools.descartes.teastore.webui/category?page=1&category=6,106313760173315,106318353516596
http://econome-20.nantes.grid5000.fr:30080/tools.descartes.teastore.webui/category?page=1&category=5,106313848913104,106318353525476
http://econome-20.nantes.grid5000.fr:30080/tools.descartes.teastore.webui/category?page=1&category=2,106313671901500,106318354123770
http://econome-20.nantes.grid5000.fr:30080/tools.descartes.teastore.webui/category?page=1&category=4,106313551662158,106318354217806
http://econome-20.nantes.grid5000.fr:30080/tools.descartes.teastore.webui/category?page=1&category=2,106313830069154,106318356963511
http://econome-20.nantes.grid5000.fr:30080/tools.descartes.teastore.webui/category?page=1&category=6,106313811948982,106318364785064
http://econome-20.nantes.grid5000.fr:30080/tools.descartes.teastore.webui/category?page=1&category=6,106313786791318,106318383422910
http://econome-20.nantes.grid5000.fr:30080/tools.descartes.teastore.webui/category?page=1&category=4,106313612787955,106318384154531
http://econome-20.nantes.grid5000.fr:30080/tools.descartes.teastore.webui/category?page=1&category=2,106313849037112,106318441631535
[POST]http://econome-20.nantes.grid5000.fr:30080/tools.descartes.teastore.webui/cartAction?addToCart=&productid=133,106295227828050,106318447400644
http://econome-20.nantes.grid5000.fr:30080/tools.descartes.teastore.webui/category?page=1&category=2,106313618075845,106318505524115
[POST]http://econome-20.nantes.grid5000.fr:30080/tools.descartes.teastore.webui/cartAction?addToCart=&productid=420,106295693358130,106318526097837
http://econome-20.nantes.grid5000.fr:30080/tools.descartes.teastore.webui/category?page=1&category=6,106313672918144,106318533747574
[POST]http://econome-20.nantes.grid5000.fr:30080/tools.descartes.teastore.webui/cartAction?addToCart=&productid=136,106296213707678,106318545086485
[POST]http://econome-20.nantes.grid5000.fr:30080/tools.descartes.teastore.webui/cartAction?addToCart=&productid=218,106298017328057,106318546352793
[POST]http://econome-20.nantes.grid5000.fr:30080/tools.descartes.teastore.webui/cartAction?addToCart=&productid=20,106298053606288,106318551310857
[POST]http://econome-20.nantes.grid5000.fr:30080/tools.descartes.teastore.webui/cartAction?addToCart=&productid=207,106297817902272,106318551972288
[POST]http://econome-20.nantes.grid5000.fr:30080/tools.descartes.teastore.webui/cartAction?addToCart=&productid=236,106298439492727,106318552333519
http://econome-20.nantes.grid5000.fr:30080/tools.descartes.teastore.webui/category?page=1&category=2,106313755447131,106318559791074
[POST]http://econome-20.nantes.grid5000.fr:30080/tools.descartes.teastore.webui/cartAction?addToCart=&productid=311,106296140250930,106318576505657
[POST]http://econome-20.nantes.grid5000.fr:30080/tools.descartes.teastore.webui/cartAction?addToCart=&productid=416,106298472349298,106318579039886
[POST]http://econome-20.nantes.grid5000.fr:30080/tools.descartes.teastore.webui/cartAction?addToCart=&productid=209,106297817040715,106318579084734
[POST]http://econome-20.nantes.grid5000.fr:30080/tools.descartes.teastore.webui/cartAction?addToCart=&productid=312,106297322469312,106318607431432
http://econome-20.nantes.grid5000.fr:30080/tools.descartes.teastore.webui/category?page=1&category=2,106313751453002,106318720307719
[POST]http://econome-20.nantes.grid5000.fr:30080/tools.descartes.teastore.webui/cartAction?addToCart=&productid=18,106297734707590,106318732922332
http://econome-20.nantes.grid5000.fr:30080/tools.descartes.teastore.webui/category?page=1&category=5,106313876204983,106318732950435
[POST]http://econome-20.nantes.grid5000.fr:30080/tools.descartes.teastore.webui/cartAction?addToCart=&productid=213,106297720211521,106318733076785
[POST]http://econome-20.nantes.grid5000.fr:30080/tools.descartes.teastore.webui/cartAction?addToCart=&productid=119,106297979192104,106318743857110
[POST]http://econome-20.nantes.grid5000.fr:30080/tools.descartes.teastore.webui/cartAction?addToCart=&productid=20,106298704934998,106318754847953
[POST]http://econome-20.nantes.grid5000.fr:30080/tools.descartes.teastore.webui/cartAction?addToCart=&productid=310,106298983549984,106318773844296
[POST]http://econome-20.nantes.grid5000.fr:30080/tools.descartes.teastore.webui/cartAction?addToCart=&productid=213,106296328455022,106318782609271
http://econome-20.nantes.grid5000.fr:30080/tools.descartes.teastore.webui/category?page=1&category=5,106313676263633,106318790644605
[POST]http://econome-20.nantes.grid5000.fr:30080/tools.descartes.teastore.webui/cartAction?addToCart=&productid=26,106297916270225,106318802755553
[POST]http://econome-20.nantes.grid5000.fr:30080/tools.descartes.teastore.webui/cartAction?addToCart=&productid=22,106297962391869,106318809719411
http://econome-20.nantes.grid5000.fr:30080/tools.descartes.teastore.webui/category?page=1&category=5,106313869935656,106318964900295
http://econome-20.nantes.grid5000.fr:30080/tools.descartes.teastore.webui/category?page=1&category=2,106313805700769,106318977965478
http://econome-20.nantes.grid5000.fr:30080/tools.descartes.teastore.webui/category?page=1&category=5,106313771375555,106319008318216
http://econome-20.nantes.grid5000.fr:30080/tools.descartes.teastore.webui/category?page=1&category=5,106314448703840,106319051041681
http://econome-20.nantes.grid5000.fr:30080/tools.descartes.teastore.webui/category?page=1&category=6,106313753237716,106319092460211
http://econome-20.nantes.grid5000.fr:30080/tools.descartes.teastore.webui/category?page=1&category=2,106314344418452,106319110549343
http://econome-20.nantes.grid5000.fr:30080/tools.descartes.teastore.webui/category?page=1&category=5,106313812127480,106319140703450
http://econome-20.nantes.grid5000.fr:30080/tools.descartes.teastore.webui/category?page=1&category=2,106313923278529,106319172162122
[POST]http://econome-20.nantes.grid5000.fr:30080/tools.descartes.teastore.webui/cartAction?addToCart=&productid=220,106295897845537,106319172692960
[POST]http://econome-20.nantes.grid5000.fr:30080/tools.descartes.teastore.webui/cartAction?addToCart=&productid=118,106297026016186,106319207846508
http://econome-20.nantes.grid5000.fr:30080/tools.descartes.teastore.webui/category?page=1&category=5,106314379236600,106319257760738
http://econome-20.nantes.grid5000.fr:30080/tools.descartes.teastore.webui/category?page=1&category=3,106313744139561,106319258368935
[POST]http://econome-20.nantes.grid5000.fr:30080/tools.descartes.teastore.webui/cartAction?addToCart=&productid=20,106298021254756,106319265908188
http://econome-20.nantes.grid5000.fr:30080/tools.descartes.teastore.webui/category?page=1&category=4,106314575307865,106319285939698
http://econome-20.nantes.grid5000.fr:30080/tools.descartes.teastore.webui/category?page=1&category=2,106314546191017,106319314303317
http://econome-20.nantes.grid5000.fr:30080/tools.descartes.teastore.webui/category?page=1&category=5,106314183431538,106319314440495
http://econome-20.nantes.grid5000.fr:30080/tools.descartes.teastore.webui/category?page=1&category=5,106313650133978,106319318717387
[POST]http://econome-20.nantes.grid5000.fr:30080/tools.descartes.teastore.webui/cartAction?addToCart=&productid=327,106297317284163,106319350625544
[POST]http://econome-20.nantes.grid5000.fr:30080/tools.descartes.teastore.webui/cartAction?addToCart=&productid=219,106295538913414,106319355256496
[POST]http://econome-20.nantes.grid5000.fr:30080/tools.descartes.teastore.webui/cartAction?addToCart=&productid=324,106298868823879,106319355271640
http://econome-20.nantes.grid5000.fr:30080/tools.descartes.teastore.webui/category?page=1&category=5,106313732637851,106319370609572
[POST]http://econome-20.nantes.grid5000.fr:30080/tools.descartes.teastore.webui/cartAction?addToCart=&productid=417,106297748656379,106319418453041
http://econome-20.nantes.grid5000.fr:30080/tools.descartes.teastore.webui/category?page=1&category=3,106314068251767,106319429035740
http://econome-20.nantes.grid5000.fr:30080/tools.descartes.teastore.webui/category?page=1&category=6,106314575425555,106319485913038
http://econome-20.nantes.grid5000.fr:30080/tools.descartes.teastore.webui/category?page=1&category=4,106314545858752,106319507666979
http://econome-20.nantes.grid5000.fr:30080/tools.descartes.teastore.webui/category?page=1&category=4,106314448755960,106319519841225
http://econome-20.nantes.grid5000.fr:30080/tools.descartes.teastore.webui/category?page=1&category=3,106314049145756,106319565461650
http://econome-20.nantes.grid5000.fr:30080/tools.descartes.teastore.webui/category?page=1&category=5,106314008092139,106319565763330
[POST]http://econome-20.nantes.grid5000.fr:30080/tools.descartes.teastore.webui/cartAction?addToCart=&productid=223,106296505138903,106319570844700
http://econome-20.nantes.grid5000.fr:30080/tools.descartes.teastore.webui/category?page=1&category=6,106314975296820,106319575340401
[POST]http://econome-20.nantes.grid5000.fr:30080/tools.descartes.teastore.webui/cartAction?addToCart=&productid=225,106298146578786,106319648612528
[POST]http://econome-20.nantes.grid5000.fr:30080/tools.descartes.teastore.webui/cartAction?addToCart=&productid=123,106296805825721,106319678900154
http://econome-20.nantes.grid5000.fr:30080/tools.descartes.teastore.webui/category?page=1&category=6,106314550108210,106319744899495
http://econome-20.nantes.grid5000.fr:30080/tools.descartes.teastore.webui/category?page=1&category=5,106313954592151,106319748683308
[POST]http://econome-20.nantes.grid5000.fr:30080/tools.descartes.teastore.webui/cartAction?addToCart=&productid=31,106295325287373,106319773298806
http://econome-20.nantes.grid5000.fr:30080/tools.descartes.teastore.webui/category?page=1&category=2,106313803954011,106319802460291
[POST]http://econome-20.nantes.grid5000.fr:30080/tools.descartes.teastore.webui/cartAction?addToCart=&productid=234,106298305366315,106319848751710
[POST]http://econome-20.nantes.grid5000.fr:30080/tools.descartes.teastore.webui/cartAction?addToCart=&productid=424,106295149554715,106319960260164
http://econome-20.nantes.grid5000.fr:30080/tools.descartes.teastore.webui/category?page=1&category=6,106314546479867,106319960357412
[POST]http://econome-20.nantes.grid5000.fr:30080/tools.descartes.teastore.webui/cartAction?addToCart=&productid=134,106297064390459,106319969501967
http://econome-20.nantes.grid5000.fr:30080/tools.descartes.teastore.webui/category?page=1&category=3,106314871847361,106319976767361
[POST]http://econome-20.nantes.grid5000.fr:30080/tools.descartes.teastore.webui/cartAction?addToCart=&productid=217,106298188848450,106319979723930
[POST]http://econome-20.nantes.grid5000.fr:30080/tools.descartes.teastore.webui/cartAction?addToCart=&productid=425,106296039548232,106320029283525
[POST]http://econome-20.nantes.grid5000.fr:30080/tools.descartes.teastore.webui/cartAction?addToCart=&productid=226,106296921030447,106320041033745
[POST]http://econome-20.nantes.grid5000.fr:30080/tools.descartes.teastore.webui/cartAction?addToCart=&productid=130,106297390312369,106320248539683
[POST]http://econome-20.nantes.grid5000.fr:30080/tools.descartes.teastore.webui/cartAction?addToCart=&productid=427,106297819851754,106320248707727
http://econome-20.nantes.grid5000.fr:30080/tools.descartes.teastore.webui/category?page=1&category=3,106314476580765,106320381289372
http://econome-20.nantes.grid5000.fr:30080/tools.descartes.teastore.webui/category?page=4&category=2,106317050482551,106320452243135
http://econome-20.nantes.grid5000.fr:30080/tools.descartes.teastore.webui/category?page=4&category=6,106317079850406,106320455298909
http://econome-20.nantes.grid5000.fr:30080/tools.descartes.teastore.webui/category?page=1&category=6,106313967646503,106320482645817
http://econome-20.nantes.grid5000.fr:30080/tools.descartes.teastore.webui/category?page=1&category=4,106314178854830,106320510689947
http://econome-20.nantes.grid5000.fr:30080/tools.descartes.teastore.webui/category?page=1&category=3,106314397442427,106320518954719
[POST]http://econome-20.nantes.grid5000.fr:30080/tools.descartes.teastore.webui/cartAction?addToCart=&productid=427,106297921110238,106320522183948
http://econome-20.nantes.grid5000.fr:30080/tools.descartes.teastore.webui/category?page=1&category=4,106314978623820,106320552843072
http://econome-20.nantes.grid5000.fr:30080/tools.descartes.teastore.webui/category?page=1&category=3,106313956473799,106320578832645
[POST]http://econome-20.nantes.grid5000.fr:30080/tools.descartes.teastore.webui/cartAction?addToCart=&productid=430,106295343869001,106320613452557
[POST]http://econome-20.nantes.grid5000.fr:30080/tools.descartes.teastore.webui/cartAction?addToCart=&productid=410,106297345753901,106320613895509
http://econome-20.nantes.grid5000.fr:30080/tools.descartes.teastore.webui/category?page=4&category=6,106316445495457,106320624836192
http://econome-20.nantes.grid5000.fr:30080/tools.descartes.teastore.webui/category?page=1&category=3,106314478551958,106320631283831
[POST]http://econome-20.nantes.grid5000.fr:30080/tools.descartes.teastore.webui/cartAction?addToCart=&productid=132,106295927935224,106320634424009
http://econome-20.nantes.grid5000.fr:30080/tools.descartes.teastore.webui/category?page=1&category=3,106314001036088,106320643640378
http://econome-20.nantes.grid5000.fr:30080/tools.descartes.teastore.webui/category?page=1&category=5,106313957164155,106320644756263
http://econome-20.nantes.grid5000.fr:30080/tools.descartes.teastore.webui/category?page=4&category=3,106317263462233,106320655377009
[POST]http://econome-20.nantes.grid5000.fr:30080/tools.descartes.teastore.webui/cartAction?addToCart=&productid=433,106295515980662,106320678117291
http://econome-20.nantes.grid5000.fr:30080/tools.descartes.teastore.webui/category?page=1&category=5,106313892705356,106320683101119
http://econome-20.nantes.grid5000.fr:30080/tools.descartes.teastore.webui/category?page=1&category=4,106313985082463,106320704911937
http://econome-20.nantes.grid5000.fr:30080/tools.descartes.teastore.webui/category?page=1&category=2,106314014367362,106320705695984
[POST]http://econome-20.nantes.grid5000.fr:30080/tools.descartes.teastore.webui/cartAction?addToCart=&productid=215,106296310211527,106320739219065
[POST]http://econome-20.nantes.grid5000.fr:30080/tools.descartes.teastore.webui/cartAction?addToCart=&productid=323,106295156209938,106320772736214
http://econome-20.nantes.grid5000.fr:30080/tools.descartes.teastore.webui/category?page=1&category=3,106314245619280,106320827453922
http://econome-20.nantes.grid5000.fr:30080/tools.descartes.teastore.webui/category?page=1&category=4,106313987349985,106320856354144
[POST]http://econome-20.nantes.grid5000.fr:30080/tools.descartes.teastore.webui/cartAction?addToCart=&productid=324,106296226163845,106320874975802
http://econome-20.nantes.grid5000.fr:30080/tools.descartes.teastore.webui/category?page=1&category=4,106314352180975,106320885044073
http://econome-20.nantes.grid5000.fr:30080/tools.descartes.teastore.webui/category?page=1&category=5,106313987583011,106320957730033
http://econome-20.nantes.grid5000.fr:30080/tools.descartes.teastore.webui/category?page=1&category=4,106316850392793,106320978122802
http://econome-20.nantes.grid5000.fr:30080/tools.descartes.teastore.webui/category?page=1&category=3,106314151237516,106320980546248
http://econome-20.nantes.grid5000.fr:30080/tools.descartes.teastore.webui/category?page=1&category=5,106317299927293,106321005753958
http://econome-20.nantes.grid5000.fr:30080/tools.descartes.teastore.webui/category?page=1&category=2,106317320330131,106321009601003
[POST]http://econome-20.nantes.grid5000.fr:30080/tools.descartes.teastore.webui/cartAction?addToCart=&productid=419,106297618542933,106321010232521
[POST]http://econome-20.nantes.grid5000.fr:30080/tools.descartes.teastore.webui/cartAction?addToCart=&productid=227,106298012523505,106321019766169
[POST]http://econome-20.nantes.grid5000.fr:30080/tools.descartes.teastore.webui/cartAction?addToCart=&productid=412,106296097446851,106321033279335
[POST]http://econome-20.nantes.grid5000.fr:30080/tools.descartes.teastore.webui/cartAction?addToCart=&productid=321,106297866686278,106321037844478
[POST]http://econome-20.nantes.grid5000.fr:30080/tools.descartes.teastore.webui/cartAction?addToCart=&productid=228,106295395168679,106321038597111
[POST]http://econome-20.nantes.grid5000.fr:30080/tools.descartes.teastore.webui/cartAction?addToCart=&productid=24,106298889911890,106321067101461
http://econome-20.nantes.grid5000.fr:30080/tools.descartes.teastore.webui/category?page=1&category=3,106313987192875,106321081921392
http://econome-20.nantes.grid5000.fr:30080/tools.descartes.teastore.webui/category?page=1&category=2,106314428186291,106321090117113
http://econome-20.nantes.grid5000.fr:30080/tools.descartes.teastore.webui/category?page=1&category=5,106314352605990,106321126279615
http://econome-20.nantes.grid5000.fr:30080/tools.descartes.teastore.webui/category?page=1&category=6,106313958549923,106321170569891
http://econome-20.nantes.grid5000.fr:30080/tools.descartes.teastore.webui/category?page=1&category=2,106314102366821,106321175872880
[POST]http://econome-20.nantes.grid5000.fr:30080/tools.descartes.teastore.webui/cartAction?addToCart=&productid=228,106295877759766,106321199490729
http://econome-20.nantes.grid5000.fr:30080/tools.descartes.teastore.webui/category?page=1&category=5,106314484740907,106321227941738
[POST]http://econome-20.nantes.grid5000.fr:30080/tools.descartes.teastore.webui/cartAction?addToCart=&productid=428,106297832723737,106321244218684
http://econome-20.nantes.grid5000.fr:30080/tools.descartes.teastore.webui/category?page=1&category=3,106316846241596,106321256863916
http://econome-20.nantes.grid5000.fr:30080/tools.descartes.teastore.webui/category?page=4&category=2,106317210540410,106321269701177
http://econome-20.nantes.grid5000.fr:30080/tools.descartes.teastore.webui/category?page=1&category=5,106314952781786,106321329282463
http://econome-20.nantes.grid5000.fr:30080/tools.descartes.teastore.webui/category?page=1&category=4,106314745903437,106321358743900
[POST]http://econome-20.nantes.grid5000.fr:30080/tools.descartes.teastore.webui/cartAction?addToCart=&productid=31,106297390373881,106321370869728
http://econome-20.nantes.grid5000.fr:30080/tools.descartes.teastore.webui/category?page=1&category=6,106315830089864,106321387314209
http://econome-20.nantes.grid5000.fr:30080/tools.descartes.teastore.webui/category?page=3&category=4,106316947472952,106321388227564
http://econome-20.nantes.grid5000.fr:30080/tools.descartes.teastore.webui/category?page=4&category=2,106317409594096,106321395451222
http://econome-20.nantes.grid5000.fr:30080/tools.descartes.teastore.webui/category?page=1&category=3,106317470214545,106321406606403
http://econome-20.nantes.grid5000.fr:30080/tools.descartes.teastore.webui/category?page=1&category=3,106317046732895,106321408559281
http://econome-20.nantes.grid5000.fr:30080/tools.descartes.teastore.webui/category?page=1&category=6,106313930066182,106321434735789
http://econome-20.nantes.grid5000.fr:30080/tools.descartes.teastore.webui/category?page=1&category=2,106318551392556,106321445112271
http://econome-20.nantes.grid5000.fr:30080/tools.descartes.teastore.webui/category?page=1&category=2,106317109459965,106321445352155
http://econome-20.nantes.grid5000.fr:30080/tools.descartes.teastore.webui/category?page=1&category=2,106313958566820,106321455339790
http://econome-20.nantes.grid5000.fr:30080/tools.descartes.teastore.webui/category?page=1&category=2,106317243331438,106321455476880
http://econome-20.nantes.grid5000.fr:30080/tools.descartes.teastore.webui/category?page=1&category=3,106318000965096,106321515317718
http://econome-20.nantes.grid5000.fr:30080/tools.descartes.teastore.webui/category?page=1&category=2,106318809845949,106321572398783
http://econome-20.nantes.grid5000.fr:30080/tools.descartes.teastore.webui/category?page=1&category=5,106313942654960,106321635039743
http://econome-20.nantes.grid5000.fr:30080/tools.descartes.teastore.webui/category?page=1&category=3,106317109609306,106321659351032
http://econome-20.nantes.grid5000.fr:30080/tools.descartes.teastore.webui/category?page=1&category=6,106317080030015,106321688369499
http://econome-20.nantes.grid5000.fr:30080/tools.descartes.teastore.webui/category?page=1&category=5,106314002062051,106321717402527
http://econome-20.nantes.grid5000.fr:30080/tools.descartes.teastore.webui/category?page=1&category=6,106318039251608,106321742782701
[POST]http://econome-20.nantes.grid5000.fr:30080/tools.descartes.teastore.webui/cartAction?addToCart=&productid=36,106296243174259,106321836185437
[POST]http://econome-20.nantes.grid5000.fr:30080/tools.descartes.teastore.webui/cartAction?addToCart=&productid=215,106296309945323,106321854389638
http://econome-20.nantes.grid5000.fr:30080/tools.descartes.teastore.webui/category?page=3&category=4,106317414525429,106321862910273
[POST]http://econome-20.nantes.grid5000.fr:30080/tools.descartes.teastore.webui/cartAction?addToCart=&productid=328,106295793748546,106321863052734
http://econome-20.nantes.grid5000.fr:30080/tools.descartes.teastore.webui/category?page=1&category=4,106314980471809,106321863245672
http://econome-20.nantes.grid5000.fr:30080/tools.descartes.teastore.webui/category?page=1&category=2,106313927204442,106321863268875
http://econome-20.nantes.grid5000.fr:30080/tools.descartes.teastore.webui/category?page=1&category=6,106314676407775,106321919253153
[POST]http://econome-20.nantes.grid5000.fr:30080/tools.descartes.teastore.webui/cartAction?addToCart=&productid=216,106297748752044,106321937966052
[POST]http://econome-20.nantes.grid5000.fr:30080/tools.descartes.teastore.webui/cartAction?addToCart=&productid=33,106297646975586,106321938050764
[POST]http://econome-20.nantes.grid5000.fr:30080/tools.descartes.teastore.webui/cartAction?addToCart=&productid=215,106297979155877,106321947729645
[POST]http://econome-20.nantes.grid5000.fr:30080/tools.descartes.teastore.webui/cartAction?addToCart=&productid=212,106296021735833,106322022154477
[POST]http://econome-20.nantes.grid5000.fr:30080/tools.descartes.teastore.webui/cartAction?addToCart=&productid=14,106295832363961,106322030761521
[POST]http://econome-20.nantes.grid5000.fr:30080/tools.descartes.teastore.webui/cartAction?addToCart=&productid=217,106296927255624,106322080853992
http://econome-20.nantes.grid5000.fr:30080/tools.descartes.teastore.webui/category?page=4&category=5,106317321623115,106322087500575
[POST]http://econome-20.nantes.grid5000.fr:30080/tools.descartes.teastore.webui/cartAction?addToCart=&productid=324,106295981921447,106322137787282
[POST]http://econome-20.nantes.grid5000.fr:30080/tools.descartes.teastore.webui/cartAction?addToCart=&productid=207,106296185858118,106322137996828
[POST]http://econome-20.nantes.grid5000.fr:30080/tools.descartes.teastore.webui/cartAction?addToCart=&productid=219,106295689887023,106322147780840
[POST]http://econome-20.nantes.grid5000.fr:30080/tools.descartes.teastore.webui/cartAction?addToCart=&productid=122,106297997610602,106322177836684
http://econome-20.nantes.grid5000.fr:30080/tools.descartes.teastore.webui/category?page=4&category=2,106319172367198,106322201727764
http://econome-20.nantes.grid5000.fr:30080/tools.descartes.teastore.webui/category?page=4&category=5,106317436980574,106322201812324
http://econome-20.nantes.grid5000.fr:30080/tools.descartes.teastore.webui/category?page=1&category=2,106318733130022,106322222832746
[POST]http://econome-20.nantes.grid5000.fr:30080/tools.descartes.teastore.webui/cartAction?addToCart=&productid=35,106296956532656,106322232555202
[POST]http://econome-20.nantes.grid5000.fr:30080/tools.descartes.teastore.webui/cartAction?addToCart=&productid=111,106295877835645,106322232593548
[POST]http://econome-20.nantes.grid5000.fr:30080/tools.descartes.teastore.webui/cartAction?addToCart=&productid=36,106297564443718,106322247112412
http://econome-20.nantes.grid5000.fr:30080/tools.descartes.teastore.webui/category?page=1&category=5,106319350666426,106322249480556
http://econome-20.nantes.grid5000.fr:30080/tools.descartes.teastore.webui/category?page=4&category=4,106316979107684,106322298664944
http://econome-20.nantes.grid5000.fr:30080/tools.descartes.teastore.webui/category?page=3&category=2,106317575194767,106322332217701
http://econome-20.nantes.grid5000.fr:30080/tools.descartes.teastore.webui/category?page=1&category=2,106319314373382,106322332308100
http://econome-20.nantes.grid5000.fr:30080/tools.descartes.teastore.webui/category?page=1&category=3,106318447554545,106322347084918
[POST]http://econome-20.nantes.grid5000.fr:30080/tools.descartes.teastore.webui/cartAction?addToCart=&productid=233,106295232523942,106322352879323
http://econome-20.nantes.grid5000.fr:30080/tools.descartes.teastore.webui/category?page=1&category=4,106318552109591,106322375322632
http://econome-20.nantes.grid5000.fr:30080/tools.descartes.teastore.webui/category?page=4&category=5,106319008597537,106322403642403
http://econome-20.nantes.grid5000.fr:30080/tools.descartes.teastore.webui/category?page=3&category=4,106316950259005,106322434053591
[POST]http://econome-20.nantes.grid5000.fr:30080/tools.descartes.teastore.webui/cartAction?addToCart=&productid=18,106295242688283,106322453234049
http://econome-20.nantes.grid5000.fr:30080/tools.descartes.teastore.webui/category?page=1&category=3,106318743991587,106322471965453
[POST]http://econome-20.nantes.grid5000.fr:30080/tools.descartes.teastore.webui/cartAction?addToCart=&productid=130,106297101589637,106322475992046
http://econome-20.nantes.grid5000.fr:30080/tools.descartes.teastore.webui/category?page=1&category=2,106319773428571,106322532047222
http://econome-20.nantes.grid5000.fr:30080/tools.descartes.teastore.webui/category?page=1&category=2,106318754978380,106322541232799
http://econome-20.nantes.grid5000.fr:30080/tools.descartes.teastore.webui/category?page=3&category=2,106317402771361,106322541245211
[POST]http://econome-20.nantes.grid5000.fr:30080/tools.descartes.teastore.webui/cartAction?addToCart=&productid=307,106297529671976,106322549150620
[POST]http://econome-20.nantes.grid5000.fr:30080/tools.descartes.teastore.webui/cartAction?addToCart=&productid=9,106298388276470,106322549183566
http://econome-20.nantes.grid5000.fr:30080/tools.descartes.teastore.webui/category?page=3&category=2,106317670066088,106322582839565
http://econome-20.nantes.grid5000.fr:30080/tools.descartes.teastore.webui/category?page=4&category=3,106319429337663,106322616116155
http://econome-20.nantes.grid5000.fr:30080/tools.descartes.teastore.webui/category?page=1&category=4,106318252204190,106322627112372
http://econome-20.nantes.grid5000.fr:30080/tools.descartes.teastore.webui/category?page=1&category=4,106318353514293,106322644160938
http://econome-20.nantes.grid5000.fr:30080/tools.descartes.teastore.webui/category?page=1&category=6,106317772818504,106322644168563
[POST]http://econome-20.nantes.grid5000.fr:30080/tools.descartes.teastore.webui/cartAction?addToCart=&productid=36,106297549840764,106322651569203
http://econome-20.nantes.grid5000.fr:30080/tools.descartes.teastore.webui/category?page=4&category=4,106319286029840,106322736606066
http://econome-20.nantes.grid5000.fr:30080/tools.descartes.teastore.webui/category?page=1&category=4,106318782690699,106322749263498
[POST]http://econome-20.nantes.grid5000.fr:30080/tools.descartes.teastore.webui/cartAction?addToCart=&productid=407,106295873205818,106322772757648
[POST]http://econome-20.nantes.grid5000.fr:30080/tools.descartes.teastore.webui/cartAction?addToCart=&productid=334,106296039717108,106322783579734
http://econome-20.nantes.grid5000.fr:30080/tools.descartes.teastore.webui/category?page=1&category=3,106319258437348,106322799366312
http://econome-20.nantes.grid5000.fr:30080/tools.descartes.teastore.webui/category?page=4&category=2,106318354463343,106322837841053
http://econome-20.nantes.grid5000.fr:30080/tools.descartes.teastore.webui/category?page=1&category=6,106319418588693,106322867525028
http://econome-20.nantes.grid5000.fr:30080/tools.descartes.teastore.webui/category?page=1&category=4,106319172799266,106322881220014
http://econome-20.nantes.grid5000.fr:30080/tools.descartes.teastore.webui/category?page=1&category=4,106314512652003,106322922356165
[POST]http://econome-20.nantes.grid5000.fr:30080/tools.descartes.teastore.webui/cartAction?addToCart=&productid=329,106298214468142,106322947475145
http://econome-20.nantes.grid5000.fr:30080/tools.descartes.teastore.webui/category?page=1&category=5,106314014214738,106322950271350
http://econome-20.nantes.grid5000.fr:30080/tools.descartes.teastore.webui/category?page=4&category=5,106318733295876,106322970381649
http://econome-20.nantes.grid5000.fr:30080/tools.descartes.teastore.webui/category?page=1&category=3,106320248877620,106322978990455
http://econome-20.nantes.grid5000.fr:30080/tools.descartes.teastore.webui/category?page=1&category=3,106317899204207,106322979116231
http://econome-20.nantes.grid5000.fr:30080/tools.descartes.teastore.webui/category?page=4&category=2,106318560140590,106322999651302
http://econome-20.nantes.grid5000.fr:30080/tools.descartes.teastore.webui/category?page=4&category=5,106319318786998,106323007115071
[POST]http://econome-20.nantes.grid5000.fr:30080/tools.descartes.teastore.webui/cartAction?addToCart=&productid=9,106298926951847,106323009345190
http://econome-20.nantes.grid5000.fr:30080/tools.descartes.teastore.webui/category?page=1&category=6,106316950023531,106323050168983
http://econome-20.nantes.grid5000.fr:30080/tools.descartes.teastore.webui/category?page=1&category=4,106318552411895,106323055754838
[POST]http://econome-20.nantes.grid5000.fr:30080/tools.descartes.teastore.webui/cartAction?addToCart=&productid=421,106297345628061,106323060628370
http://econome-20.nantes.grid5000.fr:30080/tools.descartes.teastore.webui/category?page=1&category=6,106320029544194,106323060699266
http://econome-20.nantes.grid5000.fr:30080/tools.descartes.teastore.webui/category?page=1&category=2,106318802889544,106323113525467
http://econome-20.nantes.grid5000.fr:30080/tools.descartes.teastore.webui/category?page=4&category=2,106317744087323,106323134380558
http://econome-20.nantes.grid5000.fr:30080/tools.descartes.teastore.webui/category?page=4&category=4,106316950281137,106323134411079
http://econome-20.nantes.grid5000.fr:30080/tools.descartes.teastore.webui/category?page=1&category=4,106319848872142,106323163170225
[POST]http://econome-20.nantes.grid5000.fr:30080/tools.descartes.teastore.webui/cartAction?addToCart=&productid=214,106296022164866,106323181801452
http://econome-20.nantes.grid5000.fr:30080/tools.descartes.teastore.webui/category?page=1&category=4,106318579228409,106323191100043
http://econome-20.nantes.grid5000.fr:30080/tools.descartes.teastore.webui/category?page=1&category=2,106319265934194,106323197794643
http://econome-20.nantes.grid5000.fr:30080/tools.descartes.teastore.webui/category?page=1&category=4,106318733212942,106323254823815
http://econome-20.nantes.grid5000.fr:30080/tools.descartes.teastore.webui/category?page=1&category=6,106318365042413,106323254892231
http://econome-20.nantes.grid5000.fr:30080/tools.descartes.teastore.webui/category?page=1&category=6,106317878179924,106323263426091
http://econome-20.nantes.grid5000.fr:30080/tools.descartes.teastore.webui/category?page=1&category=3,106318545184734,106323293756068
http://econome-20.nantes.grid5000.fr:30080/tools.descartes.teastore.webui/category?page=4&category=6,106320483577873,106323312095120
http://econome-20.nantes.grid5000.fr:30080/tools.descartes.teastore.webui/category?page=4&category=5,106319141120379,106323350411043
http://econome-20.nantes.grid5000.fr:30080/tools.descartes.teastore.webui/category?page=1&category=3,106317845360647,106323353023655
http://econome-20.nantes.grid5000.fr:30080/tools.descartes.teastore.webui/category?page=1&category=6,106320248949952,106323365355940
[POST]http://econome-20.nantes.grid5000.fr:30080/tools.descartes.teastore.webui/cartAction?addToCart=&productid=320,106298305420391,106323367925222
[POST]http://econome-20.nantes.grid5000.fr:30080/tools.descartes.teastore.webui/cartAction?addToCart=&productid=307,106297719498635,106323372634487
http://econome-20.nantes.grid5000.fr:30080/tools.descartes.teastore.webui/category?page=1&category=5,106318081368313,106323373071063
http://econome-20.nantes.grid5000.fr:30080/tools.descartes.teastore.webui/category?page=1&category=2,106313949630415,106323376347627
http://econome-20.nantes.grid5000.fr:30080/tools.descartes.teastore.webui/category?page=1&category=5,106318607540505,106323396233888
[POST]http://econome-20.nantes.grid5000.fr:30080/tools.descartes.teastore.webui/cartAction?addToCart=&productid=107,106296074227845,106323415655216
[POST]http://econome-20.nantes.grid5000.fr:30080/tools.descartes.teastore.webui/cartAction?addToCart=&productid=207,106296069661464,106323423579131
http://econome-20.nantes.grid5000.fr:30080/tools.descartes.teastore.webui/category?page=4&category=4,106319520226681,106323439924903
[POST]http://econome-20.nantes.grid5000.fr:30080/tools.descartes.teastore.webui/cartAction?addToCart=&productid=417,106295752771798,106323444116716
[POST]http://econome-20.nantes.grid5000.fr:30080/tools.descartes.teastore.webui/cartAction?addToCart=&productid=12,106297866847766,106323447577898
http://econome-20.nantes.grid5000.fr:30080/tools.descartes.teastore.webui/category?page=4&category=4,106317167757374,106323447844590
http://econome-20.nantes.grid5000.fr:30080/tools.descartes.teastore.webui/category?page=1&category=6,106320678244789,106323472247395
[POST]http://econome-20.nantes.grid5000.fr:30080/tools.descartes.teastore.webui/cartAction?addToCart=&productid=113,106295376169843,106323475561871
http://econome-20.nantes.grid5000.fr:30080/tools.descartes.teastore.webui/category?page=3&category=3,106317343219086,106323495428409
[POST]http://econome-20.nantes.grid5000.fr:30080/tools.descartes.teastore.webui/cartAction?addToCart=&productid=330,106295839820031,106323506411194
http://econome-20.nantes.grid5000.fr:30080/tools.descartes.teastore.webui/category?page=1&category=4,106319979773163,106323534714390
[POST]http://econome-20.nantes.grid5000.fr:30080/tools.descartes.teastore.webui/cartAction?addToCart=&productid=314,106296167497499,106323540981026
http://econome-20.nantes.grid5000.fr:30080/tools.descartes.teastore.webui/category?page=4&category=4,106318348474687,106323562682081
[POST]http://econome-20.nantes.grid5000.fr:30080/tools.descartes.teastore.webui/cartAction?addToCart=&productid=31,106297369399460,106323564088717
http://econome-20.nantes.grid5000.fr:30080/tools.descartes.teastore.webui/category?page=1&category=5,106320772885623,106323580608709
[POST]http://econome-20.nantes.grid5000.fr:30080/tools.descartes.teastore.webui/cartAction?addToCart=&productid=411,106295814264066,106323592552458
http://econome-20.nantes.grid5000.fr:30080/tools.descartes.teastore.webui/category?page=1&category=2,106317852600893,106323593592666
http://econome-20.nantes.grid5000.fr:30080/tools.descartes.teastore.webui/category?page=3&category=3,106316950047568,106323616161006
http://econome-20.nantes.grid5000.fr:30080/tools.descartes.teastore.webui/category?page=1&category=4,106319508131200,106323623026759
http://econome-20.nantes.grid5000.fr:30080/tools.descartes.teastore.webui/category?page=3&category=2,106317658272302,106323656180143
http://econome-20.nantes.grid5000.fr:30080/tools.descartes.teastore.webui/category?page=1&category=4,106320041139924,106323663952017
http://econome-20.nantes.grid5000.fr:30080/tools.descartes.teastore.webui/category?page=1&category=2,106318357300997,106323683764267
http://econome-20.nantes.grid5000.fr:30080/tools.descartes.teastore.webui/category?page=1&category=5,106319355319883,106323684256398
[POST]http://econome-20.nantes.grid5000.fr:30080/tools.descartes.teastore.webui/cartAction?addToCart=&productid=316,106297934936563,106323689155284
http://econome-20.nantes.grid5000.fr:30080/tools.descartes.teastore.webui/category?page=1&category=6,106320614225730,106323713073629
http://econome-20.nantes.grid5000.fr:30080/tools.descartes.teastore.webui/category?page=1&category=4,106318546463756,106323719136140
http://econome-20.nantes.grid5000.fr:30080/tools.descartes.teastore.webui/category?page=1&category=6,106318526209761,106323722729263
http://econome-20.nantes.grid5000.fr:30080/tools.descartes.teastore.webui/category?page=1&category=3,106320827795652,106323758118152
http://econome-20.nantes.grid5000.fr:30080/tools.descartes.teastore.webui/category?page=1&category=3,106319207985599,106323768230794
http://econome-20.nantes.grid5000.fr:30080/tools.descartes.teastore.webui/category?page=1&category=5,106321037946074,106323795314445
http://econome-20.nantes.grid5000.fr:30080/tools.descartes.teastore.webui/category?page=1&category=6,106318579220940,106323795387685
http://econome-20.nantes.grid5000.fr:30080/tools.descartes.teastore.webui/category?page=1&category=4,106319648738958,106323795511000
http://econome-20.nantes.grid5000.fr:30080/tools.descartes.teastore.webui/category?page=4&category=4,106318384415285,106323805243834
http://econome-20.nantes.grid5000.fr:30080/tools.descartes.teastore.webui/category?page=1&category=5,106318576625018,106323823827415
http://econome-20.nantes.grid5000.fr:30080/tools.descartes.teastore.webui/category?page=1&category=6,106317049094740,106323842287063
http://econome-20.nantes.grid5000.fr:30080/tools.descartes.teastore.webui/category?page=1&category=2,106317321329473,106323852305995
http://econome-20.nantes.grid5000.fr:30080/tools.descartes.teastore.webui/category?page=1&category=4,106313956594499,106323871809185
http://econome-20.nantes.grid5000.fr:30080/tools.descartes.teastore.webui/category?page=1&category=5,106320875166168,106323908068646
http://econome-20.nantes.grid5000.fr:30080/tools.descartes.teastore.webui/category?page=1&category=3,106321082187549,106323922793341
[POST]http://econome-20.nantes.grid5000.fr:30080/tools.descartes.teastore.webui/cartAction?addToCart=&productid=114,106295484860918,106323950853816
http://econome-20.nantes.grid5000.fr:30080/tools.descartes.teastore.webui/category?page=1&category=5,106319748954874,106323977557520
http://econome-20.nantes.grid5000.fr:30080/tools.descartes.teastore.webui/category?page=2&category=6,106317050826971,106323977676753
http://econome-20.nantes.grid5000.fr:30080/tools.descartes.teastore.webui/category?page=2&category=6,106317343889124,106323992886147
http://econome-20.nantes.grid5000.fr:30080/tools.descartes.teastore.webui/category?page=1&category=2,106321836336078,106324006668687
[POST]http://econome-20.nantes.grid5000.fr:30080/tools.descartes.teastore.webui/cartAction?addToCart=&productid=313,106297404760091,106324046895132
[POST]http://econome-20.nantes.grid5000.fr:30080/tools.descartes.teastore.webui/cartAction?addToCart=&productid=131,106295126235402,106324048386777
http://econome-20.nantes.grid5000.fr:30080/tools.descartes.teastore.webui/category?page=2&category=5,106319370680824,106324090979873
http://econome-20.nantes.grid5000.fr:30080/tools.descartes.teastore.webui/category?page=1&category=2,106322232602079,106324119429310
[POST]http://econome-20.nantes.grid5000.fr:30080/tools.descartes.teastore.webui/cartAction?addToCart=&productid=126,106295481269996,106324155706076
[POST]http://econome-20.nantes.grid5000.fr:30080/tools.descartes.teastore.webui/cartAction?addToCart=&productid=330,106295812708102,106324162104689
[POST]http://econome-20.nantes.grid5000.fr:30080/tools.descartes.teastore.webui/cartAction?addToCart=&productid=235,106295222522313,106324177161114
[POST]http://econome-20.nantes.grid5000.fr:30080/tools.descartes.teastore.webui/cartAction?addToCart=&productid=323,106295894877788,106324211673559
[POST]http://econome-20.nantes.grid5000.fr:30080/tools.descartes.teastore.webui/cartAction?addToCart=&productid=317,106297578382572,106324244443213
[POST]http://econome-20.nantes.grid5000.fr:30080/tools.descartes.teastore.webui/cartAction?addToCart=&productid=130,106295687107671,106324244483512
[POST]http://econome-20.nantes.grid5000.fr:30080/tools.descartes.teastore.webui/cartAction?addToCart=&productid=228,106295781787612,106324247862814
[POST]http://econome-20.nantes.grid5000.fr:30080/tools.descartes.teastore.webui/cartAction?addToCart=&productid=124,106298839300407,106324341911297
http://econome-20.nantes.grid5000.fr:30080/tools.descartes.teastore.webui/category?page=1&category=6,106319486264671,106324351251883
http://econome-20.nantes.grid5000.fr:30080/tools.descartes.teastore.webui/category?page=1&category=2,106321371022048,106324369230663
[POST]http://econome-20.nantes.grid5000.fr:30080/tools.descartes.teastore.webui/cartAction?addToCart=&productid=218,106295839743516,106324373855484
[POST]http://econome-20.nantes.grid5000.fr:30080/tools.descartes.teastore.webui/cartAction?addToCart=&productid=436,106296245444385,106324427730439
http://econome-20.nantes.grid5000.fr:30080/tools.descartes.teastore.webui/category?page=4&category=4,106317282752865,106324523870252
http://econome-20.nantes.grid5000.fr:30080/tools.descartes.teastore.webui/category?page=4&category=2,106321090406489,106324600059844
http://econome-20.nantes.grid5000.fr:30080/tools.descartes.teastore.webui/category?page=1&category=2,106318052810629,106324703066665
http://econome-20.nantes.grid5000.fr:30080/tools.descartes.teastore.webui/category?page=4&category=5,106319314517146,106324733730961
http://econome-20.nantes.grid5000.fr:30080/tools.descartes.teastore.webui/category?page=4&category=2,106320705950880,106324738475961
http://econome-20.nantes.grid5000.fr:30080/tools.descartes.teastore.webui/category?page=2&category=5,106318965101013,106324738723887
http://econome-20.nantes.grid5000.fr:30080/tools.descartes.teastore.webui/category?page=4&category=3,106320980817265,106324745485624
http://econome-20.nantes.grid5000.fr:30080/tools.descartes.teastore.webui/category?page=4&category=3,106320519540542,106324750055675
http://econome-20.nantes.grid5000.fr:30080/tools.descartes.teastore.webui/category?page=1&category=4,106320739336458,106324782080104
http://econome-20.nantes.grid5000.fr:30080/tools.descartes.teastore.webui/category?page=1&category=6,106314068205050,106324791540642
http://econome-20.nantes.grid5000.fr:30080/tools.descartes.teastore.webui/category?page=1&category=4,106319570995325,106324806544076
http://econome-20.nantes.grid5000.fr:30080/tools.descartes.teastore.webui/category?page=1&category=5,106321126570934,106324816259237
http://econome-20.nantes.grid5000.fr:30080/tools.descartes.teastore.webui/category?page=4&category=5,106318350165309,106324831233670
http://econome-20.nantes.grid5000.fr:30080/tools.descartes.teastore.webui/category?page=1&category=2,106321455633411,106324847854030
http://econome-20.nantes.grid5000.fr:30080/tools.descartes.teastore.webui/category?page=2&category=5,106318353856427,106324876565327
http://econome-20.nantes.grid5000.fr:30080/tools.descartes.teastore.webui/category?page=3&category=5,106316978882392,106324877477216
http://econome-20.nantes.grid5000.fr:30080/tools.descartes.teastore.webui/category?page=1&category=5,106318773964511,106324888563393
http://econome-20.nantes.grid5000.fr:30080/tools.descartes.teastore.webui/category?page=1&category=2,106313942707482,106324889805106
http://econome-20.nantes.grid5000.fr:30080/tools.descartes.teastore.webui/category?page=1&category=4,106317871164473,106324905098199
http://econome-20.nantes.grid5000.fr:30080/tools.descartes.teastore.webui/category?page=1&category=4,106322627196127,106324916522640
http://econome-20.nantes.grid5000.fr:30080/tools.descartes.teastore.webui/category?page=1&category=2,106321067288774,106324925613888
http://econome-20.nantes.grid5000.fr:30080/tools.descartes.teastore.webui/category?page=1&category=2,106322247178826,106324929897941
http://econome-20.nantes.grid5000.fr:30080/tools.descartes.teastore.webui/category?page=1&category=6,106318383672363,106324945199625
http://econome-20.nantes.grid5000.fr:30080/tools.descartes.teastore.webui/category?page=1&category=3,106319969643649,106324991219551
http://econome-20.nantes.grid5000.fr:30080/tools.descartes.teastore.webui/category?page=3&category=5,106319566090236,106325014936089
http://econome-20.nantes.grid5000.fr:30080/tools.descartes.teastore.webui/category?page=1&category=2,106322453276952,106325057761670
http://econome-20.nantes.grid5000.fr:30080/tools.descartes.teastore.webui/category?page=2&category=2,106317046690065,106325061305991
http://econome-20.nantes.grid5000.fr:30080/tools.descartes.teastore.webui/category?page=2&category=2,106319802765248,106325072385444
http://econome-20.nantes.grid5000.fr:30080/tools.descartes.teastore.webui/category?page=1&category=4,106321038695794,106325103662759
http://econome-20.nantes.grid5000.fr:30080/tools.descartes.teastore.webui/category?page=3&category=6,106318353804074,106325112476386
http://econome-20.nantes.grid5000.fr:30080/tools.descartes.teastore.webui/category?page=1&category=6,106320522423888,106325115794675
http://econome-20.nantes.grid5000.fr:30080/tools.descartes.teastore.webui/category?page=1&category=6,106321033415657,106325128610303
http://econome-20.nantes.grid5000.fr:30080/tools.descartes.teastore.webui/category?page=1&category=4,106321854627374,106325185802463
http://econome-20.nantes.grid5000.fr:30080/tools.descartes.teastore.webui/category?page=1&category=4,106321947871890,106325217724192
http://econome-20.nantes.grid5000.fr:30080/tools.descartes.teastore.webui/category?page=1&category=6,106320613708259,106325302844571
http://econome-20.nantes.grid5000.fr:30080/tools.descartes.teastore.webui/category?page=3&category=3,106322979063390,106325362163087
http://econome-20.nantes.grid5000.fr:30080/tools.descartes.teastore.webui/category?page=1&category=6,106321244347578,106325476351622
http://econome-20.nantes.grid5000.fr:30080/tools.descartes.teastore.webui/category?page=3&category=6,106319745204607,106325937955473
http://econome-20.nantes.grid5000.fr:30080/tools.descartes.teastore.webui/category?page=3&category=3,106319565752699,106325943863190
http://econome-20.nantes.grid5000.fr:30080/tools.descartes.teastore.webui/category?page=2&category=2,106318978275850,106325954053773
http://econome-20.nantes.grid5000.fr:30080/tools.descartes.teastore.webui/category?page=1&category=2,106322549210619,106325992428594
http://econome-20.nantes.grid5000.fr:30080/tools.descartes.teastore.webui/category?page=4&category=3,106322347228441,106326001783475
http://econome-20.nantes.grid5000.fr:30080/tools.descartes.teastore.webui/category?page=1&category=4,106321019865877,106326019730663
http://econome-20.nantes.grid5000.fr:30080/tools.descartes.teastore.webui/category?page=4&category=4,106321359092007,106326034553892
http://econome-20.nantes.grid5000.fr:30080/tools.descartes.teastore.webui/category?page=1&category=3,106321659633213,106326046396014
http://econome-20.nantes.grid5000.fr:30080/tools.descartes.teastore.webui/category?page=2&category=5,106321228383944,106326057603883
http://econome-20.nantes.grid5000.fr:30080/tools.descartes.teastore.webui/category?page=3&category=2,106321863590619,106326068372798
http://econome-20.nantes.grid5000.fr:30080/tools.descartes.teastore.webui/category?page=2&category=3,106317580395155,106326105406221
http://econome-20.nantes.grid5000.fr:30080/tools.descartes.teastore.webui/category?page=2&category=3,106321515684827,106326112894625
http://econome-20.nantes.grid5000.fr:30080/tools.descartes.teastore.webui/category?page=2&category=6,106322867609748,106326116914189
http://econome-20.nantes.grid5000.fr:30080/tools.descartes.teastore.webui/category?page=1&category=3,106319679082111,106326133898477
http://econome-20.nantes.grid5000.fr:30080/tools.descartes.teastore.webui/category?page=3&category=3,106320631627114,106326156022510
http://econome-20.nantes.grid5000.fr:30080/tools.descartes.teastore.webui/category?page=3&category=5,106317325021325,106326162992986
http://econome-20.nantes.grid5000.fr:30080/tools.descartes.teastore.webui/category?page=1&category=3,106323768310840,106326261514150
http://econome-20.nantes.grid5000.fr:30080/tools.descartes.teastore.webui/category?page=1&category=3,106318225814758,106326281767644
http://econome-20.nantes.grid5000.fr:30080/tools.descartes.teastore.webui/category?page=2&category=5,106320683432482,106326306388465
http://econome-20.nantes.grid5000.fr:30080/tools.descartes.teastore.webui/category?page=2&category=4,106320856703369,106326308052229
http://econome-20.nantes.grid5000.fr:30080/tools.descartes.teastore.webui/category?page=1&category=4,106320511554796,106326337154357
http://econome-20.nantes.grid5000.fr:30080/tools.descartes.teastore.webui/category?page=4&category=5,106320958156353,106326367292053
http://econome-20.nantes.grid5000.fr:30080/tools.descartes.teastore.webui/category?page=1&category=5,106323372749005,106326376549950
http://econome-20.nantes.grid5000.fr:30080/tools.descartes.teastore.webui/category?page=2&category=2,106318100137076,106326389586435
http://econome-20.nantes.grid5000.fr:30080/tools.descartes.teastore.webui/category?page=3&category=5,106321329489898,106326406232933
http://econome-20.nantes.grid5000.fr:30080/tools.descartes.teastore.webui/category?page=1&category=2,106322651607070,106326425580465
http://econome-20.nantes.grid5000.fr:30080/tools.descartes.teastore.webui/category?page=1&category=4,106322080994022,106326452849663
http://econome-20.nantes.grid5000.fr:30080/tools.descartes.teastore.webui/category?page=1&category=3,106324155846974,106326463352296
http://econome-20.nantes.grid5000.fr:30080/tools.descartes.teastore.webui/category?page=1&category=5,106321863237427,106326545289227
http://econome-20.nantes.grid5000.fr:30080/tools.descartes.teastore.webui/category?page=2&category=4,106322922443734,106326560338577
http://econome-20.nantes.grid5000.fr:30080/tools.descartes.teastore.webui/category?page=2&category=5,106323908411711,106326571121539
[POST]http://econome-20.nantes.grid5000.fr:30080/tools.descartes.teastore.webui/cartAction?addToCart=&productid=299,106322736686623,106326581282493
http://econome-20.nantes.grid5000.fr:30080/tools.descartes.teastore.webui/category?page=3&category=4,106323795646468,106326599512923
http://econome-20.nantes.grid5000.fr:30080/tools.descartes.teastore.webui/category?page=1&category=3,106322476057701,106326605908418
http://econome-20.nantes.grid5000.fr:30080/tools.descartes.teastore.webui/category?page=2&category=2,106324119670828,106326606262343
http://econome-20.nantes.grid5000.fr:30080/tools.descartes.teastore.webui/category?page=2&category=2,106318720602331,106326627348228
[POST]http://econome-20.nantes.grid5000.fr:30080/tools.descartes.teastore.webui/cartAction?addToCart=&productid=105,106321395573235,106326634936713
[POST]http://econome-20.nantes.grid5000.fr:30080/tools.descartes.teastore.webui/cartAction?addToCart=&productid=97,106321269830694,106326634949113
http://econome-20.nantes.grid5000.fr:30080/tools.descartes.teastore.webui/category?page=2&category=4,106322881337457,106326655805651
http://econome-20.nantes.grid5000.fr:30080/tools.descartes.teastore.webui/category?page=4&category=3,106322472061596,106326668260238
http://econome-20.nantes.grid5000.fr:30080/tools.descartes.teastore.webui/category?page=1&category=6,106319960378256,106326668746957
http://econome-20.nantes.grid5000.fr:30080/tools.descartes.teastore.webui/category?page=3&category=5,106323823908146,106326669050220
http://econome-20.nantes.grid5000.fr:30080/tools.descartes.teastore.webui/category?page=1&category=2,106322030910683,106326683784381
http://econome-20.nantes.grid5000.fr:30080/tools.descartes.teastore.webui/category?page=3&category=5,106317050809370,106326689251058
http://econome-20.nantes.grid5000.fr:30080/tools.descartes.teastore.webui/category?page=3&category=4,106323719355311,106326757343719
http://econome-20.nantes.grid5000.fr:30080/tools.descartes.teastore.webui/category?page=4&category=4,106323163316346,106326766821397
http://econome-20.nantes.grid5000.fr:30080/tools.descartes.teastore.webui/category?page=4&category=5,106324888709157,106326766891058
http://econome-20.nantes.grid5000.fr:30080/tools.descartes.teastore.webui/category?page=2&category=2,106319110757423,106326797078543
http://econome-20.nantes.grid5000.fr:30080/tools.descartes.teastore.webui/category?page=2&category=2,106317688255343,106326825394849
http://econome-20.nantes.grid5000.fr:30080/tools.descartes.teastore.webui/category?page=1&category=4,106322147824133,106326869144612
http://econome-20.nantes.grid5000.fr:30080/tools.descartes.teastore.webui/category?page=1&category=5,106322137832010,106326876070072
http://econome-20.nantes.grid5000.fr:30080/tools.descartes.teastore.webui/category?page=2&category=5,106317271612160,106326882289944
http://econome-20.nantes.grid5000.fr:30080/tools.descartes.teastore.webui/category?page=1&category=6,106321170858578,106326928354737
[POST]http://econome-20.nantes.grid5000.fr:30080/tools.descartes.teastore.webui/cartAction?addToCart=&productid=497,106320625211553,106326934537356
http://econome-20.nantes.grid5000.fr:30080/tools.descartes.teastore.webui/category?page=3&category=5,106319257905747,106326939125932
http://econome-20.nantes.grid5000.fr:30080/tools.descartes.teastore.webui/category?page=1&category=5,106324162237113,106326941489807
http://econome-20.nantes.grid5000.fr:30080/tools.descartes.teastore.webui/category?page=1&category=6,106323263670857,106326942257521
http://econome-20.nantes.grid5000.fr:30080/tools.descartes.teastore.webui/category?page=2&category=2,106318505811984,106326984357125
http://econome-20.nantes.grid5000.fr:30080/tools.descartes.teastore.webui/category?page=2&category=5,106316978992296,106327019380018
http://econome-20.nantes.grid5000.fr:30080/tools.descartes.teastore.webui/category?page=4&category=2,106323852430631,106327037845144
http://econome-20.nantes.grid5000.fr:30080/tools.descartes.teastore.webui/category?page=3&category=5,106321717631255,106327040969611
http://econome-20.nantes.grid5000.fr:30080/tools.descartes.teastore.webui/category?page=3&category=4,106323191195585,106327052238372
http://econome-20.nantes.grid5000.fr:30080/tools.descartes.teastore.webui/category?page=1&category=4,106322352925249,106327068911600
http://econome-20.nantes.grid5000.fr:30080/tools.descartes.teastore.webui/category?page=1&category=3,106323415778940,106327076434975
http://econome-20.nantes.grid5000.fr:30080/tools.descartes.teastore.webui/category?page=1&category=4,106324177225907,106327088418822
http://econome-20.nantes.grid5000.fr:30080/tools.descartes.teastore.webui/category?page=2&category=2,106317544873016,106327146606720
http://econome-20.nantes.grid5000.fr:30080/tools.descartes.teastore.webui/category?page=1&category=4,106321938159562,106327166653291
http://econome-20.nantes.grid5000.fr:30080/tools.descartes.teastore.webui/category?page=2&category=5,106323684547742,106327184757786
http://econome-20.nantes.grid5000.fr:30080/tools.descartes.teastore.webui/category?page=2&category=4,106318354602090,106327185127041
http://econome-20.nantes.grid5000.fr:30080/tools.descartes.teastore.webui/category?page=4&category=6,106324791864646,106327247496498
http://econome-20.nantes.grid5000.fr:30080/tools.descartes.teastore.webui/category?page=1&category=5,106322947535426,106327338866584
http://econome-20.nantes.grid5000.fr:30080/tools.descartes.teastore.webui/category?page=2&category=4,106323255262022,106327367617813
[POST]http://econome-20.nantes.grid5000.fr:30080/tools.descartes.teastore.webui/cartAction?addToCart=&productid=223,106320978448064,106327372247658
http://econome-20.nantes.grid5000.fr:30080/tools.descartes.teastore.webui/category?page=1&category=6,106321010358589,106327425871851
http://econome-20.nantes.grid5000.fr:30080/tools.descartes.teastore.webui/category?page=1&category=5,106324047048159,106327437351016
http://econome-20.nantes.grid5000.fr:30080/tools.descartes.teastore.webui/category?page=3&category=6,106325303167331,106327453617166
http://econome-20.nantes.grid5000.fr:30080/tools.descartes.teastore.webui/category?page=2&category=4,106323055838314,106327485854004
http://econome-20.nantes.grid5000.fr:30080/tools.descartes.teastore.webui/category?page=1&category=4,106323423724549,106327511491489
http://econome-20.nantes.grid5000.fr:30080/tools.descartes.teastore.webui/category?page=3&category=5,106323795425849,106327597227486
http://econome-20.nantes.grid5000.fr:30080/tools.descartes.teastore.webui/category?page=3&category=4,106325186267371,106327684933804
[POST]http://econome-20.nantes.grid5000.fr:30080/tools.descartes.teastore.webui/cartAction?addToCart=&productid=188,106323616446234,106327883398119
http://econome-20.nantes.grid5000.fr:30080/tools.descartes.teastore.webui/category?page=1&category=5,106322549178788,106327896287264
http://econome-20.nantes.grid5000.fr:30080/tools.descartes.teastore.webui/category?page=1&category=6,106323444225741,106327896511907
http://econome-20.nantes.grid5000.fr:30080/tools.descartes.teastore.webui/category?page=4&category=3,106322979237063,106327946062862
http://econome-20.nantes.grid5000.fr:30080/tools.descartes.teastore.webui/category?page=2&category=3,106323293969874,106328030909302
http://econome-20.nantes.grid5000.fr:30080/tools.descartes.teastore.webui/category?page=2&category=6,106319960483348,106328046656857
http://econome-20.nantes.grid5000.fr:30080/tools.descartes.teastore.webui/category?page=2&category=5,106319051328844,106328100849444
http://econome-20.nantes.grid5000.fr:30080/tools.descartes.teastore.webui/category?page=1&category=3,106320634547104,106328188353904
http://econome-20.nantes.grid5000.fr:30080/tools.descartes.teastore.webui/category?page=3&category=3,106320381949191,106328189058459
http://econome-20.nantes.grid5000.fr:30080/tools.descartes.teastore.webui/category?page=4&category=2,106324369301091,106328234836630
http://econome-20.nantes.grid5000.fr:30080/tools.descartes.teastore.webui/category?page=3&category=2,106324007042725,106328257693456
http://econome-20.nantes.grid5000.fr:30080/tools.descartes.teastore.webui/category?page=4&category=2,106322532126002,106328275252564
http://econome-20.nantes.grid5000.fr:30080/tools.descartes.teastore.webui/category?page=1&category=3,106323475680070,106328289942194
http://econome-20.nantes.grid5000.fr:30080/tools.descartes.teastore.webui/category?page=1&category=3,106324048560717,106328319434413
http://econome-20.nantes.grid5000.fr:30080/tools.descartes.teastore.webui/category?page=3&category=5,106318790928578,106328347782434
http://econome-20.nantes.grid5000.fr:30080/tools.descartes.teastore.webui/category?page=3&category=6,106317046657809,106328348086076
http://econome-20.nantes.grid5000.fr:30080/tools.descartes.teastore.webui/category?page=2&category=6,106319575606097,106328348115901
http://econome-20.nantes.grid5000.fr:30080/tools.descartes.teastore.webui/category?page=1&category=4,106319355280881,106328407065446
[POST]http://econome-20.nantes.grid5000.fr:30080/tools.descartes.teastore.webui/cartAction?addToCart=&productid=34,106321009867171,106328448385389
[POST]http://econome-20.nantes.grid5000.fr:30080/tools.descartes.teastore.webui/cartAction?addToCart=&productid=133,106321406850455,106328477249040
http://econome-20.nantes.grid5000.fr:30080/tools.descartes.teastore.webui/category?page=1&category=5,106323368074950,106328494239968
http://econome-20.nantes.grid5000.fr:30080/tools.descartes.teastore.webui/category?page=2&category=5,106320645025530,106328494419190
http://econome-20.nantes.grid5000.fr:30080/tools.descartes.teastore.webui/category?page=2&category=2,106324889890953,106328522832855
http://econome-20.nantes.grid5000.fr:30080/tools.descartes.teastore.webui/category?page=2&category=4,106317211222433,106328554862764
http://econome-20.nantes.grid5000.fr:30080/tools.descartes.teastore.webui/category?page=2&category=2,106318441903218,106328559497315
http://econome-20.nantes.grid5000.fr:30080/tools.descartes.teastore.webui/category?page=3&category=4,106320705231239,106328608478749
http://econome-20.nantes.grid5000.fr:30080/tools.descartes.teastore.webui/category?page=1&category=3,106322232650166,106328633761367
http://econome-20.nantes.grid5000.fr:30080/tools.descartes.teastore.webui/category?page=4&category=6,106323060764492,106328715473975
http://econome-20.nantes.grid5000.fr:30080/tools.descartes.teastore.webui/category?page=1&category=6,106323060654780,106328718277874
http://econome-20.nantes.grid5000.fr:30080/tools.descartes.teastore.webui/category?page=1&category=5,106322950380081,106328722950294
http://econome-20.nantes.grid5000.fr:30080/tools.descartes.teastore.webui/category?page=1&category=4,106324247896305,106328726359391
[POST]http://econome-20.nantes.grid5000.fr:30080/tools.descartes.teastore.webui/cartAction?addToCart=&productid=77,106322541330685,106328750863227
[POST]http://econome-20.nantes.grid5000.fr:30080/tools.descartes.teastore.webui/cartAction?addToCart=&productid=29,106321455825962,106328750885006
http://econome-20.nantes.grid5000.fr:30080/tools.descartes.teastore.webui/category?page=1&category=3,106324244510804,106328777897394
http://econome-20.nantes.grid5000.fr:30080/tools.descartes.teastore.webui/category?page=3&category=6,106318533997514,106328781879084
http://econome-20.nantes.grid5000.fr:30080/tools.descartes.teastore.webui/category?page=1&category=2,106323009375322,106328782958536
http://econome-20.nantes.grid5000.fr:30080/tools.descartes.teastore.webui/category?page=1&category=5,106322783634258,106328782957520
http://econome-20.nantes.grid5000.fr:30080/tools.descartes.teastore.webui/category?page=1&category=6,106321919581827,106328810999335
http://econome-20.nantes.grid5000.fr:30080/tools.descartes.teastore.webui/category?page=2&category=2,106322222974759,106328811226250
http://econome-20.nantes.grid5000.fr:30080/tools.descartes.teastore.webui/category?page=3&category=6,106325128799296,106328853133940
http://econome-20.nantes.grid5000.fr:30080/tools.descartes.teastore.webui/category?page=1&category=2,106321938232992,106328898693725
http://econome-20.nantes.grid5000.fr:30080/tools.descartes.teastore.webui/category?page=1&category=6,106322772814011,106328928064409
http://econome-20.nantes.grid5000.fr:30080/tools.descartes.teastore.webui/category?page=3&category=4,106320885428322,106328955325514
http://econome-20.nantes.grid5000.fr:30080/tools.descartes.teastore.webui/category?page=1&category=4,106323181856707,106328964785434
http://econome-20.nantes.grid5000.fr:30080/tools.descartes.teastore.webui/category?page=2&category=4,106317658544408,106328964874556
http://econome-20.nantes.grid5000.fr:30080/tools.descartes.teastore.webui/category?page=4&category=2,106323113614433,106329012421946
http://econome-20.nantes.grid5000.fr:30080/tools.descartes.teastore.webui/category?page=4&category=2,106324930279528,106329043908193
http://econome-20.nantes.grid5000.fr:30080/tools.descartes.teastore.webui/category?page=3&category=2,106321572721743,106329062271826
http://econome-20.nantes.grid5000.fr:30080/tools.descartes.teastore.webui/category?page=4&category=6,106325116102099,106329073511014
http://econome-20.nantes.grid5000.fr:30080/tools.descartes.teastore.webui/category?page=4&category=6,106323795461747,106329091262981
http://econome-20.nantes.grid5000.fr:30080/tools.descartes.teastore.webui/category?page=2&category=4,106321863641585,106329103741826
http://econome-20.nantes.grid5000.fr:30080/tools.descartes.teastore.webui/category?page=3&category=4,106324782437448,106329132494636
http://econome-20.nantes.grid5000.fr:30080/tools.descartes.teastore.webui/category?page=3&category=4,106325218099043,106329150542085
http://econome-20.nantes.grid5000.fr:30080/tools.descartes.teastore.webui/category?page=3&category=3,106319976918851,106329150641407
http://econome-20.nantes.grid5000.fr:30080/tools.descartes.teastore.webui/category?page=3&category=5,106321635432750,106329151081651
[POST]http://econome-20.nantes.grid5000.fr:30080/tools.descartes.teastore.webui/cartAction?addToCart=&productid=332,106323977982200,106329151363245
http://econome-20.nantes.grid5000.fr:30080/tools.descartes.teastore.webui/category?page=3&category=3,106323353297532,106329151894561
[POST]http://econome-20.nantes.grid5000.fr:30080/tools.descartes.teastore.webui/cartAction?addToCart=&productid=124,106321257145920,106329191037754
http://econome-20.nantes.grid5000.fr:30080/tools.descartes.teastore.webui/category?page=3&category=3,106320579504916,106329204471722
http://econome-20.nantes.grid5000.fr:30080/tools.descartes.teastore.webui/category?page=2&category=6,106325476688171,106329222068751
[POST]http://econome-20.nantes.grid5000.fr:30080/tools.descartes.teastore.webui/cartAction?addToCart=&productid=327,106324816676973,106329248607302
http://econome-20.nantes.grid5000.fr:30080/tools.descartes.teastore.webui/category?page=1&category=2,106323564138188,106329253669017
http://econome-20.nantes.grid5000.fr:30080/tools.descartes.teastore.webui/category?page=2&category=2,106323197863215,106329260899095
http://econome-20.nantes.grid5000.fr:30080/tools.descartes.teastore.webui/category?page=1&category=4,106325104031645,106329283388962
http://econome-20.nantes.grid5000.fr:30080/tools.descartes.teastore.webui/category?page=2&category=6,106323472509965,106329289591294
http://econome-20.nantes.grid5000.fr:30080/tools.descartes.teastore.webui/category?page=3&category=2,106324703196731,106329312209493
http://econome-20.nantes.grid5000.fr:30080/tools.descartes.teastore.webui/category?page=1&category=3,106324991498402,106329317959377
http://econome-20.nantes.grid5000.fr:30080/tools.descartes.teastore.webui/category?page=2&category=3,106318323355030,106329348532024
http://econome-20.nantes.grid5000.fr:30080/tools.descartes.teastore.webui/category?page=2&category=3,106320643896470,106329373010962
http://econome-20.nantes.grid5000.fr:30080/tools.descartes.teastore.webui/category?page=1&category=5,106326545684945,106329376777523
http://econome-20.nantes.grid5000.fr:30080/tools.descartes.teastore.webui/category?page=2&category=4,106320553851297,106329378732415
http://econome-20.nantes.grid5000.fr:30080/tools.descartes.teastore.webui/category?page=2&category=6,106323722955669,106329429497749
http://econome-20.nantes.grid5000.fr:30080/tools.descartes.teastore.webui/category?page=2&category=3,106317292199917,106329440803149
[POST]http://econome-20.nantes.grid5000.fr:30080/tools.descartes.teastore.webui/cartAction?addToCart=&productid=105,106320452679201,106329443673639
[POST]http://econome-20.nantes.grid5000.fr:30080/tools.descartes.teastore.webui/cartAction?addToCart=&productid=106,106322201781290,106329445664218
http://econome-20.nantes.grid5000.fr:30080/tools.descartes.teastore.webui/category?page=1&category=3,106324341962933,106329477021398
http://econome-20.nantes.grid5000.fr:30080/tools.descartes.teastore.webui/category?page=3&category=6,106321387621774,106329483643671
http://econome-20.nantes.grid5000.fr:30080/tools.descartes.teastore.webui/category?page=3&category=2,106321176303838,106329494316618
http://econome-20.nantes.grid5000.fr:30080/tools.descartes.teastore.webui/category?page=2&category=2,106322541368343,106329532999435
http://econome-20.nantes.grid5000.fr:30080/tools.descartes.teastore.webui/category?page=3&category=2,106321445411935,106329547959514
http://econome-20.nantes.grid5000.fr:30080/tools.descartes.teastore.webui/category?page=1&category=3,106322177893491,106329549886736
http://econome-20.nantes.grid5000.fr:30080/tools.descartes.teastore.webui/category?page=2&category=6,106323365636645,106329560118067
http://econome-20.nantes.grid5000.fr:30080/tools.descartes.teastore.webui/category?page=2&category=6,106319092662657,106329571079862
[POST]http://econome-20.nantes.grid5000.fr:30080/tools.descartes.teastore.webui/cartAction?addToCart=&productid=367,106325015356679,106329581658317
http://econome-20.nantes.grid5000.fr:30080/tools.descartes.teastore.webui/category?page=1&category=4,106322022330161,106329582584092
http://econome-20.nantes.grid5000.fr:30080/tools.descartes.teastore.webui/category?page=1&category=4,106321199628693,106329587464884
http://econome-20.nantes.grid5000.fr:30080/tools.descartes.teastore.webui/category?page=3&category=4,106324806946180,106329665020775
http://econome-20.nantes.grid5000.fr:30080/tools.descartes.teastore.webui/category?page=1&category=2,106323593962426,106329668637885
http://econome-20.nantes.grid5000.fr:30080/tools.descartes.teastore.webui/category?page=1&category=5,106324244510259,106329668743814
http://econome-20.nantes.grid5000.fr:30080/tools.descartes.teastore.webui/category?page=1&category=6,106322644313474,106329756246779
http://econome-20.nantes.grid5000.fr:30080/tools.descartes.teastore.webui/category?page=3&category=2,106323376633246,106329760425791
http://econome-20.nantes.grid5000.fr:30080/tools.descartes.teastore.webui/category?page=2&category=2,106321445724042,106329761521026
http://econome-20.nantes.grid5000.fr:30080/tools.descartes.teastore.webui/category?page=1&category=3,106326463572316,106329763494879
http://econome-20.nantes.grid5000.fr:30080/tools.descartes.teastore.webui/category?page=2&category=4,106326019886365,106329785214505
http://econome-20.nantes.grid5000.fr:30080/tools.descartes.teastore.webui/category?page=2&category=2,106325992761126,106329785473677
http://econome-20.nantes.grid5000.fr:30080/tools.descartes.teastore.webui/category?page=2&category=6,106323713403146,106329813493689
http://econome-20.nantes.grid5000.fr:30080/tools.descartes.teastore.webui/category?page=1&category=6,106323592663636,106329819883262
http://econome-20.nantes.grid5000.fr:30080/tools.descartes.teastore.webui/category?page=1&category=6,106324427771770,106329826443813
http://econome-20.nantes.grid5000.fr:30080/tools.descartes.teastore.webui/category?page=2&category=6,106321742963762,106329844866747
http://econome-20.nantes.grid5000.fr:30080/tools.descartes.teastore.webui/category?page=2&category=5,106323396510378,106329846083960
[POST]http://econome-20.nantes.grid5000.fr:30080/tools.descartes.teastore.webui/cartAction?addToCart=&productid=303,106323440147382,106329850436372
http://econome-20.nantes.grid5000.fr:30080/tools.descartes.teastore.webui/category?page=1&category=4,106322375429789,106329870682338
http://econome-20.nantes.grid5000.fr:30080/tools.descartes.teastore.webui/category?page=1&category=3,106323950985661,106329926021570
http://econome-20.nantes.grid5000.fr:30080/tools.descartes.teastore.webui/category?page=1&category=4,106322138036815,106329953942686
http://econome-20.nantes.grid5000.fr:30080/tools.descartes.teastore.webui/category?page=3&category=2,106324925837769,106329993235374
[POST]http://econome-20.nantes.grid5000.fr:30080/tools.descartes.teastore.webui/cartAction?addToCart=&productid=339,106324091355773,106330013964216
http://econome-20.nantes.grid5000.fr:30080/tools.descartes.teastore.webui/category?page=1&category=5,106323541156287,106330014572266
http://econome-20.nantes.grid5000.fr:30080/tools.descartes.teastore.webui/category?page=2&category=4,106323664229321,106330017870850
http://econome-20.nantes.grid5000.fr:30080/tools.descartes.teastore.webui/category?page=2&category=2,106325058104340,106330043303879
http://econome-20.nantes.grid5000.fr:30080/tools.descartes.teastore.webui/category?page=3&category=4,106323535111494,106330075267094
http://econome-20.nantes.grid5000.fr:30080/tools.descartes.teastore.webui/category?page=2&category=4,106327511826417,106330101378955
[POST]http://econome-20.nantes.grid5000.fr:30080/tools.descartes.teastore.webui/cartAction?addToCart=&productid=108,106321408894449,106330102472983
http://econome-20.nantes.grid5000.fr:30080/tools.descartes.teastore.webui/category?page=2&category=3,106326134286658,106330108526051
http://econome-20.nantes.grid5000.fr:30080/tools.descartes.teastore.webui/category?page=1&category=4,106324373899599,106330129491579
http://econome-20.nantes.grid5000.fr:30080/tools.descartes.teastore.webui/category?page=1&category=2,106323447678027,106330191982305
[POST]http://econome-20.nantes.grid5000.fr:30080/tools.descartes.teastore.webui/cartAction?addToCart=&productid=105,106322999740564,106330202232151
http://econome-20.nantes.grid5000.fr:30080/tools.descartes.teastore.webui/category?page=3&category=5,106322249565314,106330234288862
http://econome-20.nantes.grid5000.fr:30080/tools.descartes.teastore.webui/category?page=3&category=6,106326669165997,106330299064224
http://econome-20.nantes.grid5000.fr:30080/tools.descartes.teastore.webui/category?page=1&category=5,106323506470829,106330344211583
http://econome-20.nantes.grid5000.fr:30080/tools.descartes.teastore.webui/category?page=1&category=5,106324211708733,106330360185405
[POST]http://econome-20.nantes.grid5000.fr:30080/tools.descartes.teastore.webui/cartAction?addToCart=&productid=70,106322582988313,106330993430592
http://econome-20.nantes.grid5000.fr:30080/tools.descartes.teastore.webui/category?page=1&category=2,106326684107364,106331134323340
[POST]http://econome-20.nantes.grid5000.fr:30080/tools.descartes.teastore.webui/cartAction?addToCart=&productid=427,106321688689442,106331146243205
[POST]http://econome-20.nantes.grid5000.fr:30080/tools.descartes.teastore.webui/cartAction?addToCart=&productid=504,106320455605797,106331150872132
[POST]http://econome-20.nantes.grid5000.fr:30080/tools.descartes.teastore.webui/cartAction?addToCart=&productid=206,106320655533681,106331151034265
http://econome-20.nantes.grid5000.fr:30080/tools.descartes.teastore.webui/category?page=3&category=5,106326389755953,106331249914438
http://econome-20.nantes.grid5000.fr:30080/tools.descartes.teastore.webui/category?page=2&category=3,106326606164222,106331304145240
http://econome-20.nantes.grid5000.fr:30080/tools.descartes.teastore.webui/category?page=1&category=5,106326941722128,106331329270754
[POST]http://econome-20.nantes.grid5000.fr:30080/tools.descartes.teastore.webui/cartAction?addToCart=&productid=398,106322201889632,106331350540093
[POST]http://econome-20.nantes.grid5000.fr:30080/tools.descartes.teastore.webui/cartAction?addToCart=&productid=499,106323312336024,106331352597204
[POST]http://econome-20.nantes.grid5000.fr:30080/tools.descartes.teastore.webui/cartAction?addToCart=&productid=291,106321863427117,106331353384603
[POST]http://econome-20.nantes.grid5000.fr:30080/tools.descartes.teastore.webui/cartAction?addToCart=&productid=380,106326163232487,106331380662949
http://econome-20.nantes.grid5000.fr:30080/tools.descartes.teastore.webui/category?page=2&category=4,106326453195617,106331448984635
[POST]http://econome-20.nantes.grid5000.fr:30080/tools.descartes.teastore.webui/cartAction?addToCart=&productid=210,106324916846332,106331449047906
http://econome-20.nantes.grid5000.fr:30080/tools.descartes.teastore.webui/category?page=3&category=4,106328726602185,106331500533495
[POST]http://econome-20.nantes.grid5000.fr:30080/tools.descartes.teastore.webui/cartAction?addToCart=&productid=221,106324905440473,106331549642848
http://econome-20.nantes.grid5000.fr:30080/tools.descartes.teastore.webui/category?page=2&category=5,106327437677157,106331557340665
[POST]http://econome-20.nantes.grid5000.fr:30080/tools.descartes.teastore.webui/cartAction?addToCart=&productid=425,106323255295185,106331671877680
http://econome-20.nantes.grid5000.fr:30080/tools.descartes.teastore.webui/category?page=2&category=4,106323872160968,106331721985382
http://econome-20.nantes.grid5000.fr:30080/tools.descartes.teastore.webui/category?page=4&category=5,106326876282566,106331727834127
[POST]http://econome-20.nantes.grid5000.fr:30080/tools.descartes.teastore.webui/cartAction?addToCart=&productid=284,106321388561980,106331744679578
http://econome-20.nantes.grid5000.fr:30080/tools.descartes.teastore.webui/category?page=1&category=3,106328634069086,106331752296686
http://econome-20.nantes.grid5000.fr:30080/tools.descartes.teastore.webui/category?page=3&category=4,106328965055194,106331756439712
[POST]http://econome-20.nantes.grid5000.fr:30080/tools.descartes.teastore.webui/cartAction?addToCart=&productid=401,106322087642194,106331779092975
[POST]http://econome-20.nantes.grid5000.fr:30080/tools.descartes.teastore.webui/cartAction?addToCart=&productid=401,106324733836354,106331784738600
http://econome-20.nantes.grid5000.fr:30080/tools.descartes.teastore.webui/category?page=1&category=4,106326869495023,106331787910146
[POST]http://econome-20.nantes.grid5000.fr:30080/tools.descartes.teastore.webui/cartAction?addToCart=&productid=304,106323805320100,106331821853428
[POST]http://econome-20.nantes.grid5000.fr:30080/tools.descartes.teastore.webui/cartAction?addToCart=&productid=489,106325112771222,106331852276208
[POST]http://econome-20.nantes.grid5000.fr:30080/tools.descartes.teastore.webui/cartAction?addToCart=&productid=195,106326156361373,106331852290392
[POST]http://econome-20.nantes.grid5000.fr:30080/tools.descartes.teastore.webui/cartAction?addToCart=&productid=174,106325362553203,106331852377412
[POST]http://econome-20.nantes.grid5000.fr:30080/tools.descartes.teastore.webui/cartAction?addToCart=&productid=186,106323506381735,106331880421006
http://econome-20.nantes.grid5000.fr:30080/tools.descartes.teastore.webui/category?page=1&category=4,106329582904979,106331898255861
[POST]http://econome-20.nantes.grid5000.fr:30080/tools.descartes.teastore.webui/cartAction?addToCart=&productid=68,106323656347272,106331942974546
http://econome-20.nantes.grid5000.fr:30080/tools.descartes.teastore.webui/category?page=4&category=5,106328783285768,106331944408398
http://econome-20.nantes.grid5000.fr:30080/tools.descartes.teastore.webui/category?page=2&category=3,106329560082294,106331952730349
http://econome-20.nantes.grid5000.fr:30080/tools.descartes.teastore.webui/category?page=1&category=5,106323689253268,106331952763329
http://econome-20.nantes.grid5000.fr:30080/tools.descartes.teastore.webui/category?page=2&category=2,106329254244191,106331952908168
http://econome-20.nantes.grid5000.fr:30080/tools.descartes.teastore.webui/category?page=2&category=6,106329826697186,106332023673610
[POST]http://econome-20.nantes.grid5000.fr:30080/tools.descartes.teastore.webui/cartAction?addToCart=&productid=348,106324876952832,106332046663223
http://econome-20.nantes.grid5000.fr:30080/tools.descartes.teastore.webui/category?page=1&category=5,106327896624640,106332050913528
http://econome-20.nantes.grid5000.fr:30080/tools.descartes.teastore.webui/category?page=3&category=5,106323580970584,106332051166076
http://econome-20.nantes.grid5000.fr:30080/tools.descartes.teastore.webui/category?page=2&category=6,106321435165207,106332117691335
http://econome-20.nantes.grid5000.fr:30080/tools.descartes.teastore.webui/category?page=3&category=6,106328928409334,106332134565665
[POST]http://econome-20.nantes.grid5000.fr:30080/tools.descartes.teastore.webui/cartAction?addToCart=&productid=182,106325944098288,106332150435761
[POST]http://econome-20.nantes.grid5000.fr:30080/tools.descartes.teastore.webui/cartAction?addToCart=&productid=405,106323350600063,106332178155135
[POST]http://econome-20.nantes.grid5000.fr:30080/tools.descartes.teastore.webui/cartAction?addToCart=&productid=303,106322298725173,106332271113170
http://econome-20.nantes.grid5000.fr:30080/tools.descartes.teastore.webui/category?page=3&category=6,106327426219034,106332274218783
http://econome-20.nantes.grid5000.fr:30080/tools.descartes.teastore.webui/category?page=1&category=4,106327167087176,106332274830948
http://econome-20.nantes.grid5000.fr:30080/tools.descartes.teastore.webui/category?page=3&category=3,106326282074561,106332325881383
[POST]http://econome-20.nantes.grid5000.fr:30080/tools.descartes.teastore.webui/cartAction?addToCart=&productid=394,106324877797715,106332349861113
[POST]http://econome-20.nantes.grid5000.fr:30080/tools.descartes.teastore.webui/cartAction?addToCart=&productid=325,106321006061637,106332350582059
[POST]http://econome-20.nantes.grid5000.fr:30080/tools.descartes.teastore.webui/cartAction?addToCart=&productid=407,106323050250919,106332350769021
[POST]http://econome-20.nantes.grid5000.fr:30080/tools.descartes.teastore.webui/cartAction?addToCart=&productid=214,106326337611921,106332358459892
[POST]http://econome-20.nantes.grid5000.fr:30080/tools.descartes.teastore.webui/cartAction?addToCart=&productid=31,106324848180614,106332446433161
http://econome-20.nantes.grid5000.fr:30080/tools.descartes.teastore.webui/category?page=3&category=2,106328783281435,106332485962668
http://econome-20.nantes.grid5000.fr:30080/tools.descartes.teastore.webui/category?page=1&category=4,106327069229215,106332532393696
[POST]http://econome-20.nantes.grid5000.fr:30080/tools.descartes.teastore.webui/cartAction?addToCart=&productid=400,106322970435954,106332549105905
[POST]http://econome-20.nantes.grid5000.fr:30080/tools.descartes.teastore.webui/cartAction?addToCart=&productid=405,106322403689212,106332554088364
http://econome-20.nantes.grid5000.fr:30080/tools.descartes.teastore.webui/category?page=3&category=3,106328188766478,106332554393794
[POST]http://econome-20.nantes.grid5000.fr:30080/tools.descartes.teastore.webui/cartAction?addToCart=&productid=42,106325072644008,106332628118416
[POST]http://econome-20.nantes.grid5000.fr:30080/tools.descartes.teastore.webui/cartAction?addToCart=&productid=431,106323842381198,106332644050768
[POST]http://econome-20.nantes.grid5000.fr:30080/tools.descartes.teastore.webui/cartAction?addToCart=&productid=199,106324745590965,106332676471353
http://econome-20.nantes.grid5000.fr:30080/tools.descartes.teastore.webui/category?page=1&category=4,106328407363179,106332700748037
http://econome-20.nantes.grid5000.fr:30080/tools.descartes.teastore.webui/category?page=2&category=4,106322749395835,106332701328507
http://econome-20.nantes.grid5000.fr:30080/tools.descartes.teastore.webui/category?page=3&category=3,106328319709033,106332759810360
http://econome-20.nantes.grid5000.fr:30080/tools.descartes.teastore.webui/category?page=2&category=2,106326425963200,106332969629460
http://econome-20.nantes.grid5000.fr:30080/tools.descartes.teastore.webui/category?page=3&category=2,106328899043525,106333016715721
[POST]http://econome-20.nantes.grid5000.fr:30080/tools.descartes.teastore.webui/cartAction?addToCart=&productid=444,106323977994679,106333051894750
[POST]http://econome-20.nantes.grid5000.fr:30080/tools.descartes.teastore.webui/cartAction?addToCart=&productid=294,106322434144832,106333054397435
[POST]http://econome-20.nantes.grid5000.fr:30080/tools.descartes.teastore.webui/cartAction?addToCart=&productid=298,106326034702635,106333148725101
[POST]http://econome-20.nantes.grid5000.fr:30080/tools.descartes.teastore.webui/cartAction?addToCart=&productid=102,106324600122603,106333148877419
[POST]http://econome-20.nantes.grid5000.fr:30080/tools.descartes.teastore.webui/cartAction?addToCart=&productid=298,106323562791349,106333177698309
[POST]http://econome-20.nantes.grid5000.fr:30080/tools.descartes.teastore.webui/cartAction?addToCart=&productid=44,106326825732191,106333250512082
[POST]http://econome-20.nantes.grid5000.fr:30080/tools.descartes.teastore.webui/cartAction?addToCart=&productid=121,106323758196703,106333348482085
[POST]http://econome-20.nantes.grid5000.fr:30080/tools.descartes.teastore.webui/cartAction?addToCart=&productid=99,106323134434637,106333351811633
[POST]http://econome-20.nantes.grid5000.fr:30080/tools.descartes.teastore.webui/cartAction?addToCart=&productid=355,106326306893281,106333381595132
[POST]http://econome-20.nantes.grid5000.fr:30080/tools.descartes.teastore.webui/cartAction?addToCart=&productid=302,106323134495137,106333451235274
[POST]http://econome-20.nantes.grid5000.fr:30080/tools.descartes.teastore.webui/cartAction?addToCart=&productid=390,106326689556989,106333480109394
[POST]http://econome-20.nantes.grid5000.fr:30080/tools.descartes.teastore.webui/cartAction?addToCart=&productid=91,106322332333619,106333482898279
http://econome-20.nantes.grid5000.fr:30080/tools.descartes.teastore.webui/category?page=1&category=4,106327088655783,106333510257489
[POST]http://econome-20.nantes.grid5000.fr:30080/tools.descartes.teastore.webui/cartAction?addToCart=&productid=55,106325954384399,106333545626461
[POST]http://econome-20.nantes.grid5000.fr:30080/tools.descartes.teastore.webui/cartAction?addToCart=&productid=390,106327597536880,106333653825033
http://econome-20.nantes.grid5000.fr:30080/tools.descartes.teastore.webui/category?page=2&category=5,106328494573152,106333663181797
[POST]http://econome-20.nantes.grid5000.fr:30080/tools.descartes.teastore.webui/cartAction?addToCart=&productid=390,106326939428760,106333682398646
[POST]http://econome-20.nantes.grid5000.fr:30080/tools.descartes.teastore.webui/cartAction?addToCart=&productid=403,106323007159032,106334070885082
[POST]http://econome-20.nantes.grid5000.fr:30080/tools.descartes.teastore.webui/cartAction?addToCart=&productid=48,106326984678295,106334070959101
[POST]http://econome-20.nantes.grid5000.fr:30080/tools.descartes.teastore.webui/cartAction?addToCart=&productid=364,106324738909025,106334071280857
[POST]http://econome-20.nantes.grid5000.fr:30080/tools.descartes.teastore.webui/cartAction?addToCart=&productid=364,106326057992068,106334071386374
[POST]http://econome-20.nantes.grid5000.fr:30080/tools.descartes.teastore.webui/cartAction?addToCart=&productid=506,106329091640352,106334285250154
http://econome-20.nantes.grid5000.fr:30080/tools.descartes.teastore.webui/category?page=2&category=6,106328718542979,106334292243369
[POST]http://econome-20.nantes.grid5000.fr:30080/tools.descartes.teastore.webui/cartAction?addToCart=&productid=197,106326002041630,106334354660111
[POST]http://econome-20.nantes.grid5000.fr:30080/tools.descartes.teastore.webui/cartAction?addToCart=&productid=498,106328715667949,106334377447878
[POST]http://econome-20.nantes.grid5000.fr:30080/tools.descartes.teastore.webui/cartAction?addToCart=&productid=103,106324738570157,106334383592315
http://econome-20.nantes.grid5000.fr:30080/tools.descartes.teastore.webui/category?page=4&category=4,106330130567728,106334435566029
http://econome-20.nantes.grid5000.fr:30080/tools.descartes.teastore.webui/category?page=3&category=5,106329669093875,106334528253568
[POST]http://econome-20.nantes.grid5000.fr:30080/tools.descartes.teastore.webui/cartAction?addToCart=&productid=8,106322332400709,106334547452724
[POST]http://econome-20.nantes.grid5000.fr:30080/tools.descartes.teastore.webui/cartAction?addToCart=&productid=231,106323623290128,106334547505763
[POST]http://econome-20.nantes.grid5000.fr:30080/tools.descartes.teastore.webui/cartAction?addToCart=&productid=272,106327685300635,106334548323843
[POST]http://econome-20.nantes.grid5000.fr:30080/tools.descartes.teastore.webui/cartAction?addToCart=&productid=90,106326068635644,106334814052566
[POST]http://econome-20.nantes.grid5000.fr:30080/tools.descartes.teastore.webui/cartAction?addToCart=&productid=95,106329760650027,106334842597987
[POST]http://econome-20.nantes.grid5000.fr:30080/tools.descartes.teastore.webui/cartAction?addToCart=&productid=317,106323373390411,106334883112877
[POST]http://econome-20.nantes.grid5000.fr:30080/tools.descartes.teastore.webui/cartAction?addToCart=&productid=357,106327019679812,106334883428885
http://econome-20.nantes.grid5000.fr:30080/tools.descartes.teastore.webui/category?page=1&category=6,106327896917052,106334941326587
[POST]http://econome-20.nantes.grid5000.fr:30080/tools.descartes.teastore.webui/cartAction?addToCart=&productid=223,106322644321461,106334949827962
[POST]http://econome-20.nantes.grid5000.fr:30080/tools.descartes.teastore.webui/cartAction?addToCart=&productid=59,106329533963093,106334979674164
[POST]http://econome-20.nantes.grid5000.fr:30080/tools.descartes.teastore.webui/cartAction?addToCart=&productid=372,106326406484740,106335008137889
http://econome-20.nantes.grid5000.fr:30080/tools.descartes.teastore.webui/category?page=3&category=5,106327339120756,106335069811738
http://econome-20.nantes.grid5000.fr:30080/tools.descartes.teastore.webui/category?page=3&category=3,106327076759558,106335120629622
[POST]http://econome-20.nantes.grid5000.fr:30080/tools.descartes.teastore.webui/cartAction?addToCart=&productid=197,106324750136772,106335141502291
[POST]http://econome-20.nantes.grid5000.fr:30080/tools.descartes.teastore.webui/cartAction?addToCart=&productid=98,106322837923275,106335148511277
[POST]http://econome-20.nantes.grid5000.fr:30080/tools.descartes.teastore.webui/cartAction?addToCart=&productid=263,106327486191609,106335150902897
[POST]http://econome-20.nantes.grid5000.fr:30080/tools.descartes.teastore.webui/cartAction?addToCart=&productid=107,106322799450484,106335151070279
[POST]http://econome-20.nantes.grid5000.fr:30080/tools.descartes.teastore.webui/cartAction?addToCart=&productid=297,106326767021948,106335151330944
[POST]http://econome-20.nantes.grid5000.fr:30080/tools.descartes.teastore.webui/cartAction?addToCart=&productid=405,106324831407465,106335151508424
[POST]http://econome-20.nantes.grid5000.fr:30080/tools.descartes.teastore.webui/cartAction?addToCart=&productid=252,106329785601417,106335203188265
[POST]http://econome-20.nantes.grid5000.fr:30080/tools.descartes.teastore.webui/cartAction?addToCart=&productid=486,106325938232572,106335251064094
[POST]http://econome-20.nantes.grid5000.fr:30080/tools.descartes.teastore.webui/cartAction?addToCart=&productid=425,106324351363103,106335276420020
[POST]http://econome-20.nantes.grid5000.fr:30080/tools.descartes.teastore.webui/cartAction?addToCart=&productid=246,106326308412386,106335351127939
[POST]http://econome-20.nantes.grid5000.fr:30080/tools.descartes.teastore.webui/cartAction?addToCart=&productid=405,106326767074612,106335351550996
[POST]http://econome-20.nantes.grid5000.fr:30080/tools.descartes.teastore.webui/cartAction?addToCart=&productid=45,106325061691806,106335351907843
[POST]http://econome-20.nantes.grid5000.fr:30080/tools.descartes.teastore.webui/cartAction?addToCart=&productid=419,106324945526040,106335352522357
[POST]http://econome-20.nantes.grid5000.fr:30080/tools.descartes.teastore.webui/cartAction?addToCart=&productid=166,106326113211789,106335381225412
[POST]http://econome-20.nantes.grid5000.fr:30080/tools.descartes.teastore.webui/cartAction?addToCart=&productid=290,106326599934629,106335621392105
[POST]http://econome-20.nantes.grid5000.fr:30080/tools.descartes.teastore.webui/cartAction?addToCart=&productid=97,106329044063226,106335651431016
[POST]http://econome-20.nantes.grid5000.fr:30080/tools.descartes.teastore.webui/cartAction?addToCart=&productid=265,106328965117725,106335681669030
[POST]http://econome-20.nantes.grid5000.fr:30080/tools.descartes.teastore.webui/cartAction?addToCart=&productid=451,106328046985624,106335743755628
http://econome-20.nantes.grid5000.fr:30080/tools.descartes.teastore.webui/category?page=2&category=5,106330360948969,106335773156847
http://econome-20.nantes.grid5000.fr:30080/tools.descartes.teastore.webui/category?page=2&category=2,106330192695381,106335802052233
[POST]http://econome-20.nantes.grid5000.fr:30080/tools.descartes.teastore.webui/cartAction?addToCart=&productid=99,106327038100396,106335845756381
[POST]http://econome-20.nantes.grid5000.fr:30080/tools.descartes.teastore.webui/cartAction?addToCart=&productid=175,106329153353998,106335845868101
[POST]http://econome-20.nantes.grid5000.fr:30080/tools.descartes.teastore.webui/cartAction?addToCart=&productid=270,106329133346633,106335874504080
[POST]http://econome-20.nantes.grid5000.fr:30080/tools.descartes.teastore.webui/cartAction?addToCart=&productid=266,106326656084905,106335914559360
http://econome-20.nantes.grid5000.fr:30080/tools.descartes.teastore.webui/category?page=1&category=5,106330014978369,106335950738632
[POST]http://econome-20.nantes.grid5000.fr:30080/tools.descartes.teastore.webui/cartAction?addToCart=&productid=43,106326606443928,106335953390529
[POST]http://econome-20.nantes.grid5000.fr:30080/tools.descartes.teastore.webui/cartAction?addToCart=&productid=305,106323448058398,106335983546345
[POST]http://econome-20.nantes.grid5000.fr:30080/tools.descartes.teastore.webui/cartAction?addToCart=&productid=252,106329104559276,106335983611685
http://econome-20.nantes.grid5000.fr:30080/tools.descartes.teastore.webui/category?page=1&category=3,106329926140811,106335998272045
[POST]http://econome-20.nantes.grid5000.fr:30080/tools.descartes.teastore.webui/cartAction?addToCart=&productid=238,106327185529023,106336021322746
[POST]http://econome-20.nantes.grid5000.fr:30080/tools.descartes.teastore.webui/cartAction?addToCart=&productid=396,106329152635083,106336049088211
[POST]http://econome-20.nantes.grid5000.fr:30080/tools.descartes.teastore.webui/cartAction?addToCart=&productid=352,106327185190712,106336055743402
[POST]http://econome-20.nantes.grid5000.fr:30080/tools.descartes.teastore.webui/cartAction?addToCart=&productid=184,106329205126947,106336084762526
[POST]http://econome-20.nantes.grid5000.fr:30080/tools.descartes.teastore.webui/cartAction?addToCart=&productid=354,106328101038961,106336147643244
http://econome-20.nantes.grid5000.fr:30080/tools.descartes.teastore.webui/category?page=1&category=6,106329820115108,106336207461816
http://econome-20.nantes.grid5000.fr:30080/tools.descartes.teastore.webui/category?page=1&category=3,106328778188124,106336221676534
[POST]http://econome-20.nantes.grid5000.fr:30080/tools.descartes.teastore.webui/cartAction?addToCart=&productid=200,106327946283404,106336221738891
[POST]http://econome-20.nantes.grid5000.fr:30080/tools.descartes.teastore.webui/cartAction?addToCart=&productid=439,106329430259087,106336221809594
[POST]http://econome-20.nantes.grid5000.fr:30080/tools.descartes.teastore.webui/cartAction?addToCart=&productid=378,106326669416531,106336224096166
[POST]http://econome-20.nantes.grid5000.fr:30080/tools.descartes.teastore.webui/cartAction?addToCart=&productid=47,106326797376931,106336224546771
[POST]http://econome-20.nantes.grid5000.fr:30080/tools.descartes.teastore.webui/cartAction?addToCart=&productid=60,106328559664005,106336231854603
[POST]http://econome-20.nantes.grid5000.fr:30080/tools.descartes.teastore.webui/cartAction?addToCart=&productid=304,106324523922747,106336253298586
[POST]http://econome-20.nantes.grid5000.fr:30080/tools.descartes.teastore.webui/cartAction?addToCart=&productid=475,106328853434174,106336253513874
[POST]http://econome-20.nantes.grid5000.fr:30080/tools.descartes.teastore.webui/cartAction?addToCart=&productid=90,106328258144862,106336254309126
[POST]http://econome-20.nantes.grid5000.fr:30080/tools.descartes.teastore.webui/cartAction?addToCart=&productid=262,106328555187451,106336282266611
[POST]http://econome-20.nantes.grid5000.fr:30080/tools.descartes.teastore.webui/cartAction?addToCart=&productid=66,106329785894247,106336284761577
http://econome-20.nantes.grid5000.fr:30080/tools.descartes.teastore.webui/category?page=4&category=4,106329587894794,106336343594532
[POST]http://econome-20.nantes.grid5000.fr:30080/tools.descartes.teastore.webui/cartAction?addToCart=&productid=65,106330043615255,106336348212619
[POST]http://econome-20.nantes.grid5000.fr:30080/tools.descartes.teastore.webui/cartAction?addToCart=&productid=193,106328189389467,106336348292445
[POST]http://econome-20.nantes.grid5000.fr:30080/tools.descartes.teastore.webui/cartAction?addToCart=&productid=408,106329756564080,106336348422071
[POST]http://econome-20.nantes.grid5000.fr:30080/tools.descartes.teastore.webui/cartAction?addToCart=&productid=500,106327247743122,106336349874828
[POST]http://econome-20.nantes.grid5000.fr:30080/tools.descartes.teastore.webui/cartAction?addToCart=&productid=56,106326627796802,106336351849180
[POST]http://econome-20.nantes.grid5000.fr:30080/tools.descartes.teastore.webui/cartAction?addToCart=&productid=112,106326261807311,106336352129019
http://econome-20.nantes.grid5000.fr:30080/tools.descartes.teastore.webui/category?page=4&category=3,106329477501305,106336365569144
[POST]http://econome-20.nantes.grid5000.fr:30080/tools.descartes.teastore.webui/cartAction?addToCart=&productid=279,106328955748552,106336436888485
[POST]http://econome-20.nantes.grid5000.fr:30080/tools.descartes.teastore.webui/cartAction?addToCart=&productid=46,106329261594982,106336451321887
[POST]http://econome-20.nantes.grid5000.fr:30080/tools.descartes.teastore.webui/cartAction?addToCart=&productid=275,106326757709561,106336453547540
[POST]http://econome-20.nantes.grid5000.fr:30080/tools.descartes.teastore.webui/cartAction?addToCart=&productid=102,106328235035117,106336481359396
[POST]http://econome-20.nantes.grid5000.fr:30080/tools.descartes.teastore.webui/cartAction?addToCart=&productid=153,106326105848656,106336481399418
[POST]http://econome-20.nantes.grid5000.fr:30080/tools.descartes.teastore.webui/cartAction?addToCart=&productid=151,106328031281521,106336481634266
[POST]http://econome-20.nantes.grid5000.fr:30080/tools.descartes.teastore.webui/cartAction?addToCart=&productid=206,106322616179418,106336481783762
[POST]http://econome-20.nantes.grid5000.fr:30080/tools.descartes.teastore.webui/cartAction?addToCart=&productid=449,106328348482161,106336535982400
[POST]http://econome-20.nantes.grid5000.fr:30080/tools.descartes.teastore.webui/cartAction?addToCart=&productid=160,106330108719189,106336551378531
[POST]http://econome-20.nantes.grid5000.fr:30080/tools.descartes.teastore.webui/cartAction?addToCart=&productid=262,106329379274990,106336581465495
[POST]http://econome-20.nantes.grid5000.fr:30080/tools.descartes.teastore.webui/cartAction?addToCart=&productid=72,106329062456744,106336581513340
[POST]http://econome-20.nantes.grid5000.fr:30080/tools.descartes.teastore.webui/cartAction?addToCart=&productid=293,106327052545626,106336652736844
[POST]http://econome-20.nantes.grid5000.fr:30080/tools.descartes.teastore.webui/cartAction?addToCart=&productid=365,106328494777721,106336682176104
[POST]http://econome-20.nantes.grid5000.fr:30080/tools.descartes.teastore.webui/cartAction?addToCart=&productid=309,106328723272295,106336684621080
http://econome-20.nantes.grid5000.fr:30080/tools.descartes.teastore.webui/category?page=2&category=4,106329954343271,106336713192394
[POST]http://econome-20.nantes.grid5000.fr:30080/tools.descartes.teastore.webui/cartAction?addToCart=&productid=149,106329441449949,106336741683366
http://econome-20.nantes.grid5000.fr:30080/tools.descartes.teastore.webui/category?page=2&category=3,106328290250376,106336758472942
[POST]http://econome-20.nantes.grid5000.fr:30080/tools.descartes.teastore.webui/cartAction?addToCart=&productid=444,106323993284212,106336816923413
[POST]http://econome-20.nantes.grid5000.fr:30080/tools.descartes.teastore.webui/cartAction?addToCart=&productid=256,106326560664845,106336849225579
[POST]http://econome-20.nantes.grid5000.fr:30080/tools.descartes.teastore.webui/cartAction?addToCart=&productid=277,106329152324627,106336849879875
[POST]http://econome-20.nantes.grid5000.fr:30080/tools.descartes.teastore.webui/cartAction?addToCart=&productid=407,106326942453687,106336878216519
[POST]http://econome-20.nantes.grid5000.fr:30080/tools.descartes.teastore.webui/cartAction?addToCart=&productid=503,106329073836040,106336878350609
[POST]http://econome-20.nantes.grid5000.fr:30080/tools.descartes.teastore.webui/cartAction?addToCart=&productid=106,106328275437236,106336878600581
[POST]http://econome-20.nantes.grid5000.fr:30080/tools.descartes.teastore.webui/cartAction?addToCart=&productid=17,106329668966191,106336907770167
[POST]http://econome-20.nantes.grid5000.fr:30080/tools.descartes.teastore.webui/cartAction?addToCart=&productid=21,106323684057475,106336944035684
[POST]http://econome-20.nantes.grid5000.fr:30080/tools.descartes.teastore.webui/cartAction?addToCart=&productid=455,106329222853882,106336944320202
[POST]http://econome-20.nantes.grid5000.fr:30080/tools.descartes.teastore.webui/cartAction?addToCart=&productid=207,106331788262896,106337050972869
[POST]http://econome-20.nantes.grid5000.fr:30080/tools.descartes.teastore.webui/cartAction?addToCart=&productid=490,106330300067825,106337051104146
[POST]http://econome-20.nantes.grid5000.fr:30080/tools.descartes.teastore.webui/cartAction?addToCart=&productid=123,106329763771144,106337054121680
[POST]http://econome-20.nantes.grid5000.fr:30080/tools.descartes.teastore.webui/cartAction?addToCart=&productid=448,106329571405531,106337054283281
[POST]http://econome-20.nantes.grid5000.fr:30080/tools.descartes.teastore.webui/cartAction?addToCart=&productid=70,106329495119497,106337083467863
[POST]http://econome-20.nantes.grid5000.fr:30080/tools.descartes.teastore.webui/cartAction?addToCart=&productid=83,106329548603895,106337151700349
[POST]http://econome-20.nantes.grid5000.fr:30080/tools.descartes.teastore.webui/cartAction?addToCart=&productid=357,106326571415464,106337255972899
[POST]http://econome-20.nantes.grid5000.fr:30080/tools.descartes.teastore.webui/cartAction?addToCart=&productid=38,106326389906014,106337275452667
[POST]http://econome-20.nantes.grid5000.fr:30080/tools.descartes.teastore.webui/cartAction?addToCart=&productid=421,106328811330609,106337284948940
http://econome-20.nantes.grid5000.fr:30080/tools.descartes.teastore.webui/category?page=3&category=5,106330345061370,106337285162955
[POST]http://econome-20.nantes.grid5000.fr:30080/tools.descartes.teastore.webui/cartAction?addToCart=&productid=156,106331963881724,106337313802240
[POST]http://econome-20.nantes.grid5000.fr:30080/tools.descartes.teastore.webui/cartAction?addToCart=&productid=431,106326928614292,106337350949222
[POST]http://econome-20.nantes.grid5000.fr:30080/tools.descartes.teastore.webui/cartAction?addToCart=&productid=444,106326117112214,106337351222482
[POST]http://econome-20.nantes.grid5000.fr:30080/tools.descartes.teastore.webui/cartAction?addToCart=&productid=140,106329348973737,106337361505230
http://econome-20.nantes.grid5000.fr:30080/tools.descartes.teastore.webui/category?page=1&category=5,106331964056774,106337368511443
[POST]http://econome-20.nantes.grid5000.fr:30080/tools.descartes.teastore.webui/cartAction?addToCart=&productid=370,106327041244326,106337379226342
[POST]http://econome-20.nantes.grid5000.fr:30080/tools.descartes.teastore.webui/cartAction?addToCart=&productid=399,106331727945596,106337541749909
[POST]http://econome-20.nantes.grid5000.fr:30080/tools.descartes.teastore.webui/cartAction?addToCart=&productid=122,106326046708685,106337546320172
[POST]http://econome-20.nantes.grid5000.fr:30080/tools.descartes.teastore.webui/cartAction?addToCart=&productid=156,106331305118114,106337549746960
[POST]http://econome-20.nantes.grid5000.fr:30080/tools.descartes.teastore.webui/cartAction?addToCart=&productid=49,106328811644659,106337656988554
[POST]http://econome-20.nantes.grid5000.fr:30080/tools.descartes.teastore.webui/cartAction?addToCart=&productid=383,106332051666119,106337875118657
[POST]http://econome-20.nantes.grid5000.fr:30080/tools.descartes.teastore.webui/cartAction?addToCart=&productid=345,106331557657740,106337875541105
[POST]http://econome-20.nantes.grid5000.fr:30080/tools.descartes.teastore.webui/cartAction?addToCart=&productid=203,106326668409784,106337906581452
[POST]http://econome-20.nantes.grid5000.fr:30080/tools.descartes.teastore.webui/cartAction?addToCart=&productid=369,106328348092011,106337946641335
[POST]http://econome-20.nantes.grid5000.fr:30080/tools.descartes.teastore.webui/cartAction?addToCart=&productid=457,106329290148071,106337962240578
[POST]http://econome-20.nantes.grid5000.fr:30080/tools.descartes.teastore.webui/cartAction?addToCart=&productid=494,106327453905906,106337962577898
[POST]http://econome-20.nantes.grid5000.fr:30080/tools.descartes.teastore.webui/cartAction?addToCart=&productid=113,106329318453829,106338002961553
[POST]http://econome-20.nantes.grid5000.fr:30080/tools.descartes.teastore.webui/cartAction?addToCart=&productid=272,106328608814041,106338070396940
[POST]http://econome-20.nantes.grid5000.fr:30080/tools.descartes.teastore.webui/cartAction?addToCart=&productid=241,106327367943377,106338113972083
[POST]http://econome-20.nantes.grid5000.fr:30080/tools.descartes.teastore.webui/cartAction?addToCart=&productid=255,106331449391958,106338145332215
[POST]http://econome-20.nantes.grid5000.fr:30080/tools.descartes.teastore.webui/cartAction?addToCart=&productid=132,106323923053613,106338247484480
[POST]http://econome-20.nantes.grid5000.fr:30080/tools.descartes.teastore.webui/cartAction?addToCart=&productid=457,106329845182748,106338247558258
[POST]http://econome-20.nantes.grid5000.fr:30080/tools.descartes.teastore.webui/cartAction?addToCart=&productid=172,106329151902209,106338247612178
[POST]http://econome-20.nantes.grid5000.fr:30080/tools.descartes.teastore.webui/cartAction?addToCart=&productid=452,106332118180903,106338247748481
[POST]http://econome-20.nantes.grid5000.fr:30080/tools.descartes.teastore.webui/cartAction?addToCart=&productid=495,106329484366540,106338250791128
[POST]http://econome-20.nantes.grid5000.fr:30080/tools.descartes.teastore.webui/cartAction?addToCart=&productid=55,106329761776848,106338277569822
[POST]http://econome-20.nantes.grid5000.fr:30080/tools.descartes.teastore.webui/cartAction?addToCart=&productid=291,106331756668531,106338277592558
[POST]http://econome-20.nantes.grid5000.fr:30080/tools.descartes.teastore.webui/cartAction?addToCart=&productid=397,106326367489045,106338277614777
[POST]http://econome-20.nantes.grid5000.fr:30080/tools.descartes.teastore.webui/cartAction?addToCart=&productid=437,106329813803146,106338343902290
[POST]http://econome-20.nantes.grid5000.fr:30080/tools.descartes.teastore.webui/cartAction?addToCart=&productid=232,106331898588995,106338346307379
[POST]http://econome-20.nantes.grid5000.fr:30080/tools.descartes.teastore.webui/cartAction?addToCart=&productid=59,106328523260064,106338380434476
[POST]http://econome-20.nantes.grid5000.fr:30080/tools.descartes.teastore.webui/cartAction?addToCart=&productid=470,106328782079657,106338400655684
[POST]http://econome-20.nantes.grid5000.fr:30080/tools.descartes.teastore.webui/cartAction?addToCart=&productid=275,106330075506993,106338545582090
[POST]http://econome-20.nantes.grid5000.fr:30080/tools.descartes.teastore.webui/cartAction?addToCart=&productid=76,106329993503671,106338642714305
[POST]http://econome-20.nantes.grid5000.fr:30080/tools.descartes.teastore.webui/cartAction?addToCart=&productid=471,106332134939944,106338646147150
[POST]http://econome-20.nantes.grid5000.fr:30080/tools.descartes.teastore.webui/cartAction?addToCart=&productid=246,106330101856838,106338646848874
[POST]http://econome-20.nantes.grid5000.fr:30080/tools.descartes.teastore.webui/cartAction?addToCart=&productid=351,106329846492554,106338668560362
[POST]http://econome-20.nantes.grid5000.fr:30080/tools.descartes.teastore.webui/cartAction?addToCart=&productid=106,106329012622326,106338670544378
[POST]http://econome-20.nantes.grid5000.fr:30080/tools.descartes.teastore.webui/cartAction?addToCart=&productid=84,106329313148236,106338674330532
[POST]http://econome-20.nantes.grid5000.fr:30080/tools.descartes.teastore.webui/cartAction?addToCart=&productid=442,106332023973191,106338744247146
[POST]http://econome-20.nantes.grid5000.fr:30080/tools.descartes.teastore.webui/cartAction?addToCart=&productid=39,106327146860672,106338745239423
[POST]http://econome-20.nantes.grid5000.fr:30080/tools.descartes.teastore.webui/cartAction?addToCart=&productid=489,106328348416459,106338745357026
[POST]http://econome-20.nantes.grid5000.fr:30080/tools.descartes.teastore.webui/cartAction?addToCart=&productid=135,106331752580614,106338747300594
[POST]http://econome-20.nantes.grid5000.fr:30080/tools.descartes.teastore.webui/cartAction?addToCart=&productid=229,106329284237142,106338980183751
[POST]http://econome-20.nantes.grid5000.fr:30080/tools.descartes.teastore.webui/cartAction?addToCart=&productid=325,106331329839607,106338991527712
[POST]http://econome-20.nantes.grid5000.fr:30080/tools.descartes.teastore.webui/cartAction?addToCart=&productid=334,106329377637044,106339092833645
[POST]http://econome-20.nantes.grid5000.fr:30080/tools.descartes.teastore.webui/cartAction?addToCart=&productid=236,106332701109048,106340089266506
[POST]http://econome-20.nantes.grid5000.fr:30080/tools.descartes.teastore.webui/cartAction?addToCart=&productid=342,106326882659662,106340117097979
[POST]http://econome-20.nantes.grid5000.fr:30080/tools.descartes.teastore.webui/cartAction?addToCart=&productid=401,106331944621273,106340117264859
[POST]http://econome-20.nantes.grid5000.fr:30080/tools.descartes.teastore.webui/cartAction?addToCart=&productid=313,106332051272861,106340146886653
[POST]http://econome-20.nantes.grid5000.fr:30080/tools.descartes.teastore.webui/cartAction?addToCart=&productid=172,106332326069592,106340148582524
[POST]http://econome-20.nantes.grid5000.fr:30080/tools.descartes.teastore.webui/cartAction?addToCart=&productid=265,106331722417196,106340246552278
[POST]http://econome-20.nantes.grid5000.fr:30080/tools.descartes.teastore.webui/cartAction?addToCart=&productid=77,106332486515511,106340246560334
[POST]http://econome-20.nantes.grid5000.fr:30080/tools.descartes.teastore.webui/cartAction?addToCart=&productid=350,106333663456470,106340246626032
[POST]http://econome-20.nantes.grid5000.fr:30080/tools.descartes.teastore.webui/cartAction?addToCart=&productid=233,106329871062736,106340316821962
[POST]http://econome-20.nantes.grid5000.fr:30080/tools.descartes.teastore.webui/cartAction?addToCart=&productid=391,106331250675335,106340349778250
[POST]http://econome-20.nantes.grid5000.fr:30080/tools.descartes.teastore.webui/cartAction?addToCart=&productid=58,106331964129045,106340349817904
[POST]http://econome-20.nantes.grid5000.fr:30080/tools.descartes.teastore.webui/cartAction?addToCart=&productid=479,106332274495321,106340349984953
[POST]http://econome-20.nantes.grid5000.fr:30080/tools.descartes.teastore.webui/cartAction?addToCart=&productid=224,106332532797344,106340349986290
[POST]http://econome-20.nantes.grid5000.fr:30080/tools.descartes.teastore.webui/cartAction?addToCart=&productid=144,106329373744614,106340376513428
[POST]http://econome-20.nantes.grid5000.fr:30080/tools.descartes.teastore.webui/cartAction?addToCart=&productid=176,106332554732686,106340378924560
[POST]http://econome-20.nantes.grid5000.fr:30080/tools.descartes.teastore.webui/cartAction?addToCart=&productid=211,106332275173165,106340448220486
[POST]http://econome-20.nantes.grid5000.fr:30080/tools.descartes.teastore.webui/cartAction?addToCart=&productid=95,106333017118679,106340570470881
[POST]http://econome-20.nantes.grid5000.fr:30080/tools.descartes.teastore.webui/cartAction?addToCart=&productid=294,106329665391129,106340577127910
[POST]http://econome-20.nantes.grid5000.fr:30080/tools.descartes.teastore.webui/cartAction?addToCart=&productid=289,106331500822183,106340644043958
[POST]http://econome-20.nantes.grid5000.fr:30080/tools.descartes.teastore.webui/cartAction?addToCart=&productid=30,106331134931001,106340654357934
[POST]http://econome-20.nantes.grid5000.fr:30080/tools.descartes.teastore.webui/cartAction?addToCart=&productid=244,106332701662181,106340708589322
[POST]http://econome-20.nantes.grid5000.fr:30080/tools.descartes.teastore.webui/cartAction?addToCart=&productid=259,106330018181834,106340747236553
[POST]http://econome-20.nantes.grid5000.fr:30080/tools.descartes.teastore.webui/cartAction?addToCart=&productid=307,106335951149400,106340747435377
[POST]http://econome-20.nantes.grid5000.fr:30080/tools.descartes.teastore.webui/cartAction?addToCart=&productid=391,106330235075349,106340747766660
[POST]http://econome-20.nantes.grid5000.fr:30080/tools.descartes.teastore.webui/cartAction?addToCart=&productid=191,106332760232477,106340747850441
[POST]http://econome-20.nantes.grid5000.fr:30080/tools.descartes.teastore.webui/cartAction?addToCart=&productid=441,106329560245357,106340757850358
[POST]http://econome-20.nantes.grid5000.fr:30080/tools.descartes.teastore.webui/cartAction?addToCart=&productid=461,106334292532359,106341069723917
[POST]http://econome-20.nantes.grid5000.fr:30080/tools.descartes.teastore.webui/cartAction?addToCart=&productid=51,106332969978109,106341101972529
[POST]http://econome-20.nantes.grid5000.fr:30080/tools.descartes.teastore.webui/cartAction?addToCart=&productid=380,106335070056579,106341142996035
[POST]http://econome-20.nantes.grid5000.fr:30080/tools.descartes.teastore.webui/cartAction?addToCart=&productid=135,106336221914667,106341243734809
[POST]http://econome-20.nantes.grid5000.fr:30080/tools.descartes.teastore.webui/cartAction?addToCart=&productid=183,106335120945086,106341243843708
[POST]http://econome-20.nantes.grid5000.fr:30080/tools.descartes.teastore.webui/cartAction?addToCart=&productid=381,106334528715365,106341345060161
[POST]http://econome-20.nantes.grid5000.fr:30080/tools.descartes.teastore.webui/cartAction?addToCart=&productid=234,106333510591260,106341348051600
[POST]http://econome-20.nantes.grid5000.fr:30080/tools.descartes.teastore.webui/cartAction?addToCart=&productid=121,106335998615738,106341453869990
[POST]http://econome-20.nantes.grid5000.fr:30080/tools.descartes.teastore.webui/cartAction?addToCart=&productid=300,106334435781234,106341453899068
[POST]http://econome-20.nantes.grid5000.fr:30080/tools.descartes.teastore.webui/cartAction?addToCart=&productid=411,106336207668226,106341543909662
[POST]http://econome-20.nantes.grid5000.fr:30080/tools.descartes.teastore.webui/cartAction?addToCart=&productid=429,106334941702491,106341544212392
[POST]http://econome-20.nantes.grid5000.fr:30080/tools.descartes.teastore.webui/cartAction?addToCart=&productid=363,106335773478619,106341544291733
[POST]http://econome-20.nantes.grid5000.fr:30080/tools.descartes.teastore.webui/cartAction?addToCart=&productid=299,106336343746479,106341545973698
[POST]http://econome-20.nantes.grid5000.fr:30080/tools.descartes.teastore.webui/cartAction?addToCart=&productid=52,106335802334662,106341670209256
[POST]http://econome-20.nantes.grid5000.fr:30080/tools.descartes.teastore.webui/cartAction?addToCart=&productid=238,106336713523199,106342316543901
[POST]http://econome-20.nantes.grid5000.fr:30080/tools.descartes.teastore.webui/cartAction?addToCart=&productid=200,106336365759210,106342473211587
http://econome-20.nantes.grid5000.fr:30080/tools.descartes.teastore.webui/order,106375072310682,106445442104081
http://econome-20.nantes.grid5000.fr:30080/tools.descartes.teastore.webui/order,106379239259310,106445872574021
http://econome-20.nantes.grid5000.fr:30080/tools.descartes.teastore.webui/order,106443326961155,106445873278212
http://econome-20.nantes.grid5000.fr:30080/tools.descartes.teastore.webui/order,106375074855330,106445946177605
http://econome-20.nantes.grid5000.fr:30080/tools.descartes.teastore.webui/order,106352631991088,106445948604951
http://econome-20.nantes.grid5000.fr:30080/tools.descartes.teastore.webui/order,106354037157222,106445948743086
http://econome-20.nantes.grid5000.fr:30080/tools.descartes.teastore.webui/order,106380016829492,106445948858538
http://econome-20.nantes.grid5000.fr:30080/tools.descartes.teastore.webui/order,106379819153643,106446073441039
http://econome-20.nantes.grid5000.fr:30080/tools.descartes.teastore.webui/order,106377969127336,106446269674500
http://econome-20.nantes.grid5000.fr:30080/tools.descartes.teastore.webui/order,106353228110916,106446301298219
http://econome-20.nantes.grid5000.fr:30080/tools.descartes.teastore.webui/order,106377851420584,106446369767905
http://econome-20.nantes.grid5000.fr:30080/tools.descartes.teastore.webui/order,106354632698797,106446445217916
http://econome-20.nantes.grid5000.fr:30080/tools.descartes.teastore.webui/order,106443342707352,106446446600174
http://econome-20.nantes.grid5000.fr:30080/tools.descartes.teastore.webui/order,106379591553429,106446472401948
http://econome-20.nantes.grid5000.fr:30080/tools.descartes.teastore.webui/order,106353940448442,106446499871271
http://econome-20.nantes.grid5000.fr:30080/tools.descartes.teastore.webui/order,106354212520802,106446542965867
http://econome-20.nantes.grid5000.fr:30080/tools.descartes.teastore.webui/order,106352716252878,106446544830979
http://econome-20.nantes.grid5000.fr:30080/tools.descartes.teastore.webui/order,106354602491680,106446544884202
http://econome-20.nantes.grid5000.fr:30080/tools.descartes.teastore.webui/order,106352597727208,106446570332418
http://econome-20.nantes.grid5000.fr:30080/tools.descartes.teastore.webui/order,106442773250084,106446574553428
http://econome-20.nantes.grid5000.fr:30080/tools.descartes.teastore.webui/order,106380145432029,106446614406431
http://econome-20.nantes.grid5000.fr:30080/tools.descartes.teastore.webui/order,106379383347858,106446644046805
http://econome-20.nantes.grid5000.fr:30080/tools.descartes.teastore.webui/order,106443144764626,106446644061518
http://econome-20.nantes.grid5000.fr:30080/tools.descartes.teastore.webui/order,106379430564602,106446717950181
http://econome-20.nantes.grid5000.fr:30080/tools.descartes.teastore.webui/order,106354799626604,106446744739435
http://econome-20.nantes.grid5000.fr:30080/tools.descartes.teastore.webui/order,106379496009592,106446745777082
http://econome-20.nantes.grid5000.fr:30080/tools.descartes.teastore.webui/order,106379281654631,106446745846807
http://econome-20.nantes.grid5000.fr:30080/tools.descartes.teastore.webui/order,106353387582209,106446774149603
http://econome-20.nantes.grid5000.fr:30080/tools.descartes.teastore.webui/order,106377768949590,106446801910318
http://econome-20.nantes.grid5000.fr:30080/tools.descartes.teastore.webui/order,106354514474922,106446848045610
http://econome-20.nantes.grid5000.fr:30080/tools.descartes.teastore.webui/order,106443288616802,106447171146461
http://econome-20.nantes.grid5000.fr:30080/tools.descartes.teastore.webui/order,106443313495774,106447246314372
http://econome-20.nantes.grid5000.fr:30080/tools.descartes.teastore.webui/order,106443314711669,106447247297457
http://econome-20.nantes.grid5000.fr:30080/tools.descartes.teastore.webui/order,106380256867559,106447299888149
http://econome-20.nantes.grid5000.fr:30080/tools.descartes.teastore.webui/order,106379272397960,106447342444345
http://econome-20.nantes.grid5000.fr:30080/tools.descartes.teastore.webui/order,106443470494055,106447368386263
http://econome-20.nantes.grid5000.fr:30080/tools.descartes.teastore.webui/order,106443342506828,106447443466465
http://econome-20.nantes.grid5000.fr:30080/tools.descartes.teastore.webui/order,106442842300165,106447475335248
http://econome-20.nantes.grid5000.fr:30080/tools.descartes.teastore.webui/order,106379974649615,106447475346116
http://econome-20.nantes.grid5000.fr:30080/tools.descartes.teastore.webui/order,106443475787385,106447475538908
http://econome-20.nantes.grid5000.fr:30080/tools.descartes.teastore.webui/order,106379571391252,106447621334983
http://econome-20.nantes.grid5000.fr:30080/tools.descartes.teastore.webui/order,106380228862477,106447649150173
http://econome-20.nantes.grid5000.fr:30080/tools.descartes.teastore.webui/order,106443147188936,106447649435720
http://econome-20.nantes.grid5000.fr:30080/tools.descartes.teastore.webui/order,106380432225159,106447677505698
http://econome-20.nantes.grid5000.fr:30080/tools.descartes.teastore.webui/order,106379669059620,106447767925383
http://econome-20.nantes.grid5000.fr:30080/tools.descartes.teastore.webui/order,106375073058357,106447771141434
http://econome-20.nantes.grid5000.fr:30080/tools.descartes.teastore.webui/order,106377782929638,106447888436094
http://econome-20.nantes.grid5000.fr:30080/tools.descartes.teastore.webui/order,106375074637481,106447946979141
http://econome-20.nantes.grid5000.fr:30080/tools.descartes.teastore.webui/order,106353300299210,106447947156787
http://econome-20.nantes.grid5000.fr:30080/tools.descartes.teastore.webui/order,106443281415656,106447970520708
http://econome-20.nantes.grid5000.fr:30080/tools.descartes.teastore.webui/order,106443415953165,106448002515266
http://econome-20.nantes.grid5000.fr:30080/tools.descartes.teastore.webui/order,106443521262118,106448012931754
http://econome-20.nantes.grid5000.fr:30080/tools.descartes.teastore.webui/order,106443743079418,106448043382378
http://econome-20.nantes.grid5000.fr:30080/tools.descartes.teastore.webui/order,106443181841458,106448044558045
http://econome-20.nantes.grid5000.fr:30080/tools.descartes.teastore.webui/order,106379514161077,106448073911795
http://econome-20.nantes.grid5000.fr:30080/tools.descartes.teastore.webui/order,106443542373439,106448074277465
http://econome-20.nantes.grid5000.fr:30080/tools.descartes.teastore.webui/order,106442727854489,106448117844834
http://econome-20.nantes.grid5000.fr:30080/tools.descartes.teastore.webui/order,106443448635321,106448143204199
http://econome-20.nantes.grid5000.fr:30080/tools.descartes.teastore.webui/order,106443119479671,106448143378484
http://econome-20.nantes.grid5000.fr:30080/tools.descartes.teastore.webui/order,106443189671672,106448169452859
http://econome-20.nantes.grid5000.fr:30080/tools.descartes.teastore.webui/order,106443815820365,106448170070342
http://econome-20.nantes.grid5000.fr:30080/tools.descartes.teastore.webui/order,106443301003387,106448200190948
http://econome-20.nantes.grid5000.fr:30080/tools.descartes.teastore.webui/order,106379304949551,106448219539831
http://econome-20.nantes.grid5000.fr:30080/tools.descartes.teastore.webui/order,106443171025084,106448248291980
http://econome-20.nantes.grid5000.fr:30080/tools.descartes.teastore.webui/order,106354168994199,106448249578204
http://econome-20.nantes.grid5000.fr:30080/tools.descartes.teastore.webui/order,106443782301348,106448249694349
http://econome-20.nantes.grid5000.fr:30080/tools.descartes.teastore.webui/order,106379726510805,106448249815871
http://econome-20.nantes.grid5000.fr:30080/tools.descartes.teastore.webui/order,106380390917266,106448276504489
http://econome-20.nantes.grid5000.fr:30080/tools.descartes.teastore.webui/order,106443681939953,106448340323420
http://econome-20.nantes.grid5000.fr:30080/tools.descartes.teastore.webui/order,106380083118398,106448476082357
http://econome-20.nantes.grid5000.fr:30080/tools.descartes.teastore.webui/order,106354468079203,106448504410216
http://econome-20.nantes.grid5000.fr:30080/tools.descartes.teastore.webui/order,106443193684841,106448506359637
http://econome-20.nantes.grid5000.fr:30080/tools.descartes.teastore.webui/order,106354288836205,106448506417296
http://econome-20.nantes.grid5000.fr:30080/tools.descartes.teastore.webui/order,106443370124457,106448506423536
http://econome-20.nantes.grid5000.fr:30080/tools.descartes.teastore.webui/order,106443156945706,106448506518686
http://econome-20.nantes.grid5000.fr:30080/tools.descartes.teastore.webui/order,106379202252215,106448513690604
http://econome-20.nantes.grid5000.fr:30080/tools.descartes.teastore.webui/order,106442773480629,106448527303482
http://econome-20.nantes.grid5000.fr:30080/tools.descartes.teastore.webui/order,106379293799926,106448533644362
http://econome-20.nantes.grid5000.fr:30080/tools.descartes.teastore.webui/order,106379700168019,106448546251578
http://econome-20.nantes.grid5000.fr:30080/tools.descartes.teastore.webui/order,106375072170985,106448569235117
http://econome-20.nantes.grid5000.fr:30080/tools.descartes.teastore.webui/order,106353542239835,106448573498626
http://econome-20.nantes.grid5000.fr:30080/tools.descartes.teastore.webui/order,106380302237075,106448574438088
http://econome-20.nantes.grid5000.fr:30080/tools.descartes.teastore.webui/order,106443530010297,106448574640698
http://econome-20.nantes.grid5000.fr:30080/tools.descartes.teastore.webui/order,106380208677200,106448644192527
http://econome-20.nantes.grid5000.fr:30080/tools.descartes.teastore.webui/order,106380278217571,106448646264621
http://econome-20.nantes.grid5000.fr:30080/tools.descartes.teastore.webui/order,106443344268051,106448646329726
http://econome-20.nantes.grid5000.fr:30080/tools.descartes.teastore.webui/order,106380261950422,106448670787443
http://econome-20.nantes.grid5000.fr:30080/tools.descartes.teastore.webui/order,106375072780918,106448671090516
http://econome-20.nantes.grid5000.fr:30080/tools.descartes.teastore.webui/order,106444946331005,106448750368217
http://econome-20.nantes.grid5000.fr:30080/tools.descartes.teastore.webui/order,106443201396878,106448769542022
http://econome-20.nantes.grid5000.fr:30080/tools.descartes.teastore.webui/order,106443356426484,106448847564348
http://econome-20.nantes.grid5000.fr:30080/tools.descartes.teastore.webui/order,106443214200796,106448847573705
http://econome-20.nantes.grid5000.fr:30080/tools.descartes.teastore.webui/order,106443165136447,106448847620561
http://econome-20.nantes.grid5000.fr:30080/tools.descartes.teastore.webui/order,106444145518876,106448847752838
http://econome-20.nantes.grid5000.fr:30080/tools.descartes.teastore.webui/order,106444153063780,106448898416939
http://econome-20.nantes.grid5000.fr:30080/tools.descartes.teastore.webui/order,106443971504755,106448901402074
http://econome-20.nantes.grid5000.fr:30080/tools.descartes.teastore.webui/order,106379612729889,106448901514088
http://econome-20.nantes.grid5000.fr:30080/tools.descartes.teastore.webui/order,106443173739480,106448944191804
http://econome-20.nantes.grid5000.fr:30080/tools.descartes.teastore.webui/order,106443771513121,106448944290642
http://econome-20.nantes.grid5000.fr:30080/tools.descartes.teastore.webui/order,106379890658346,106448945470122
http://econome-20.nantes.grid5000.fr:30080/tools.descartes.teastore.webui/order,106443166947482,106448945586035
http://econome-20.nantes.grid5000.fr:30080/tools.descartes.teastore.webui/order,106443941602961,106448970567514
http://econome-20.nantes.grid5000.fr:30080/tools.descartes.teastore.webui/order,106443570965695,106448970628403
http://econome-20.nantes.grid5000.fr:30080/tools.descartes.teastore.webui/order,106445648181299,106449014471166
http://econome-20.nantes.grid5000.fr:30080/tools.descartes.teastore.webui/order,106443768035457,106449042624934
http://econome-20.nantes.grid5000.fr:30080/tools.descartes.teastore.webui/order,106443917078288,106449042708757
http://econome-20.nantes.grid5000.fr:30080/tools.descartes.teastore.webui/order,106444719061292,106449044636307
http://econome-20.nantes.grid5000.fr:30080/tools.descartes.teastore.webui/order,106380047943093,106449047148473
http://econome-20.nantes.grid5000.fr:30080/tools.descartes.teastore.webui/order,106379399441934,106449047294893
http://econome-20.nantes.grid5000.fr:30080/tools.descartes.teastore.webui/order,106444144947388,106449069927704
http://econome-20.nantes.grid5000.fr:30080/tools.descartes.teastore.webui/order,106443322759017,106449071966121
http://econome-20.nantes.grid5000.fr:30080/tools.descartes.teastore.webui/order,106443454598951,106449115538982
http://econome-20.nantes.grid5000.fr:30080/tools.descartes.teastore.webui/order,106375074736117,106449116905829
http://econome-20.nantes.grid5000.fr:30080/tools.descartes.teastore.webui/order,106443918073701,106449117250044
http://econome-20.nantes.grid5000.fr:30080/tools.descartes.teastore.webui/order,106377604651157,106449146257546
http://econome-20.nantes.grid5000.fr:30080/tools.descartes.teastore.webui/order,106379651903323,106449147137155
http://econome-20.nantes.grid5000.fr:30080/tools.descartes.teastore.webui/order,106444042592646,106449147387185
http://econome-20.nantes.grid5000.fr:30080/tools.descartes.teastore.webui/order,106445137529825,106449147579937
http://econome-20.nantes.grid5000.fr:30080/tools.descartes.teastore.webui/order,106444946051052,106449169878107
http://econome-20.nantes.grid5000.fr:30080/tools.descartes.teastore.webui/order,106380444442512,106449174028765
http://econome-20.nantes.grid5000.fr:30080/tools.descartes.teastore.webui/order,106375073847859,106449174257620
http://econome-20.nantes.grid5000.fr:30080/tools.descartes.teastore.webui/order,106443793283054,106449176717413
http://econome-20.nantes.grid5000.fr:30080/tools.descartes.teastore.webui/order,106379757643165,106449204444251
http://econome-20.nantes.grid5000.fr:30080/tools.descartes.teastore.webui/order,106379800095113,106449241144732
http://econome-20.nantes.grid5000.fr:30080/tools.descartes.teastore.webui/order,106353310976747,106449244960961
http://econome-20.nantes.grid5000.fr:30080/tools.descartes.teastore.webui/order,106445145544072,106449245209345
http://econome-20.nantes.grid5000.fr:30080/tools.descartes.teastore.webui/order,106380159524230,106449245341028
http://econome-20.nantes.grid5000.fr:30080/tools.descartes.teastore.webui/order,106379575454343,106449258571216
http://econome-20.nantes.grid5000.fr:30080/tools.descartes.teastore.webui/order,106443473230761,106449271696324
http://econome-20.nantes.grid5000.fr:30080/tools.descartes.teastore.webui/order,106443332179999,106449340654123
http://econome-20.nantes.grid5000.fr:30080/tools.descartes.teastore.webui/order,106443737495519,106449367691551
http://econome-20.nantes.grid5000.fr:30080/tools.descartes.teastore.webui/order,106445675598722,106449367691945
http://econome-20.nantes.grid5000.fr:30080/tools.descartes.teastore.webui/order,106444156985062,106449463606913
http://econome-20.nantes.grid5000.fr:30080/tools.descartes.teastore.webui/order,106443352562504,106449545392900
http://econome-20.nantes.grid5000.fr:30080/tools.descartes.teastore.webui/order,106379709294525,106449570093336
http://econome-20.nantes.grid5000.fr:30080/tools.descartes.teastore.webui/order,106443779082371,106449571425110
http://econome-20.nantes.grid5000.fr:30080/tools.descartes.teastore.webui/order,106379358360956,106449572659786
http://econome-20.nantes.grid5000.fr:30080/tools.descartes.teastore.webui/order,106443374313109,106449615438118
http://econome-20.nantes.grid5000.fr:30080/tools.descartes.teastore.webui/order,106352732526180,106449644533013
http://econome-20.nantes.grid5000.fr:30080/tools.descartes.teastore.webui/order,106379850154569,106449645099248
http://econome-20.nantes.grid5000.fr:30080/tools.descartes.teastore.webui/order,106442724294059,106449645351278
http://econome-20.nantes.grid5000.fr:30080/tools.descartes.teastore.webui/order,106443185752515,106449673029333
http://econome-20.nantes.grid5000.fr:30080/tools.descartes.teastore.webui/order,106442713913659,106449673177448
http://econome-20.nantes.grid5000.fr:30080/tools.descartes.teastore.webui/order,106442869945639,106449673234426
http://econome-20.nantes.grid5000.fr:30080/tools.descartes.teastore.webui/order,106379768890392,106449714998369
http://econome-20.nantes.grid5000.fr:30080/tools.descartes.teastore.webui/order,106443422186031,106449743716385
http://econome-20.nantes.grid5000.fr:30080/tools.descartes.teastore.webui/order,106443764893322,106449744098706
http://econome-20.nantes.grid5000.fr:30080/tools.descartes.teastore.webui/order,106443448300810,106449744320370
http://econome-20.nantes.grid5000.fr:30080/tools.descartes.teastore.webui/order,106443516804187,106449744428983
http://econome-20.nantes.grid5000.fr:30080/tools.descartes.teastore.webui/order,106443319032061,106449744600937
http://econome-20.nantes.grid5000.fr:30080/tools.descartes.teastore.webui/order,106379866492036,106449768977525
http://econome-20.nantes.grid5000.fr:30080/tools.descartes.teastore.webui/order,106443653599667,106449773521463
http://econome-20.nantes.grid5000.fr:30080/tools.descartes.teastore.webui/order,106443768294379,106449848783409
http://econome-20.nantes.grid5000.fr:30080/tools.descartes.teastore.webui/order,106445152830685,106449848878530
http://econome-20.nantes.grid5000.fr:30080/tools.descartes.teastore.webui/order,106443422650112,106449848976453
http://econome-20.nantes.grid5000.fr:30080/tools.descartes.teastore.webui/order,106379488963259,106449849302951
http://econome-20.nantes.grid5000.fr:30080/tools.descartes.teastore.webui/order,106443140343127,106449849396518
http://econome-20.nantes.grid5000.fr:30080/tools.descartes.teastore.webui/order,106379861200849,106449876982300
http://econome-20.nantes.grid5000.fr:30080/tools.descartes.teastore.webui/order,106375073449353,106449877365420
http://econome-20.nantes.grid5000.fr:30080/tools.descartes.teastore.webui/order,106443177766393,106449877433883
http://econome-20.nantes.grid5000.fr:30080/tools.descartes.teastore.webui/order,106380052160328,106449877593548
http://econome-20.nantes.grid5000.fr:30080/tools.descartes.teastore.webui/order,106443115226106,106449916189940
http://econome-20.nantes.grid5000.fr:30080/tools.descartes.teastore.webui/order,106443240496409,106449941523606
http://econome-20.nantes.grid5000.fr:30080/tools.descartes.teastore.webui/order,106379904084178,106449943908822
http://econome-20.nantes.grid5000.fr:30080/tools.descartes.teastore.webui/order,106445119508694,106449944146715
http://econome-20.nantes.grid5000.fr:30080/tools.descartes.teastore.webui/order,106380360709954,106449945734731
http://econome-20.nantes.grid5000.fr:30080/tools.descartes.teastore.webui/order,106444142964113,106449945987627
http://econome-20.nantes.grid5000.fr:30080/tools.descartes.teastore.webui/order,106443314545188,106449946073637
http://econome-20.nantes.grid5000.fr:30080/tools.descartes.teastore.webui/order,106443213979748,106449971692102
http://econome-20.nantes.grid5000.fr:30080/tools.descartes.teastore.webui/order,106443869316236,106450000012278
http://econome-20.nantes.grid5000.fr:30080/tools.descartes.teastore.webui/order,106379986724338,106450041823898
http://econome-20.nantes.grid5000.fr:30080/tools.descartes.teastore.webui/order,106445118920233,106450043736963
http://econome-20.nantes.grid5000.fr:30080/tools.descartes.teastore.webui/order,106445950636040,106450046546922
http://econome-20.nantes.grid5000.fr:30080/tools.descartes.teastore.webui/order,106380114241083,106450050459793
http://econome-20.nantes.grid5000.fr:30080/tools.descartes.teastore.webui/order,106445949167334,106450072118121
http://econome-20.nantes.grid5000.fr:30080/tools.descartes.teastore.webui/order,106380397011673,106450072247491
http://econome-20.nantes.grid5000.fr:30080/tools.descartes.teastore.webui/order,106443737831710,106450072283017
http://econome-20.nantes.grid5000.fr:30080/tools.descartes.teastore.webui/order,106443544095735,106450072282689
http://econome-20.nantes.grid5000.fr:30080/tools.descartes.teastore.webui/order,106442747802457,106450072689760
http://econome-20.nantes.grid5000.fr:30080/tools.descartes.teastore.webui/order,106443681367194,106450099661891
http://econome-20.nantes.grid5000.fr:30080/tools.descartes.teastore.webui/order,106354732214240,106450143306809
http://econome-20.nantes.grid5000.fr:30080/tools.descartes.teastore.webui/order,106442746165816,106450145265887
http://econome-20.nantes.grid5000.fr:30080/tools.descartes.teastore.webui/order,106443392615116,106450146593934
http://econome-20.nantes.grid5000.fr:30080/tools.descartes.teastore.webui/order,106379940468864,106450240714999
http://econome-20.nantes.grid5000.fr:30080/tools.descartes.teastore.webui/order,106443132998886,106450243691169
http://econome-20.nantes.grid5000.fr:30080/tools.descartes.teastore.webui/order,106352967508055,106450244700517
http://econome-20.nantes.grid5000.fr:30080/tools.descartes.teastore.webui/order,106379525360345,106450244821548
http://econome-20.nantes.grid5000.fr:30080/tools.descartes.teastore.webui/order,106442627900674,106450342618052
http://econome-20.nantes.grid5000.fr:30080/tools.descartes.teastore.webui/order,106443843767788,106450342637911
http://econome-20.nantes.grid5000.fr:30080/tools.descartes.teastore.webui/order,106445120139409,106450374684322
http://econome-20.nantes.grid5000.fr:30080/tools.descartes.teastore.webui/order,106444718488630,106450536936947
http://econome-20.nantes.grid5000.fr:30080/tools.descartes.teastore.webui/order,106443915742373,106450564419160
http://econome-20.nantes.grid5000.fr:30080/tools.descartes.teastore.webui/order,106442841592598,106450564854898
http://econome-20.nantes.grid5000.fr:30080/tools.descartes.teastore.webui/order,106443159020212,106450566496425
http://econome-20.nantes.grid5000.fr:30080/tools.descartes.teastore.webui/order,106380226625331,106450593731263
http://econome-20.nantes.grid5000.fr:30080/tools.descartes.teastore.webui/order,106442777509830,106450593735062
http://econome-20.nantes.grid5000.fr:30080/tools.descartes.teastore.webui/order,106443348561285,106450643561148
http://econome-20.nantes.grid5000.fr:30080/tools.descartes.teastore.webui/order,106444117132672,106450671187773
http://econome-20.nantes.grid5000.fr:30080/tools.descartes.teastore.webui/order,106443571352099,106450671376317
http://econome-20.nantes.grid5000.fr:30080/tools.descartes.teastore.webui/order,106379943546703,106450771210266
http://econome-20.nantes.grid5000.fr:30080/tools.descartes.teastore.webui/order,106442732335792,106450818671538
http://econome-20.nantes.grid5000.fr:30080/tools.descartes.teastore.webui/order,106442716379859,106450842828364
http://econome-20.nantes.grid5000.fr:30080/tools.descartes.teastore.webui/order,106443446590856,106450847173306
http://econome-20.nantes.grid5000.fr:30080/tools.descartes.teastore.webui/order,106444113602599,106450869885100
http://econome-20.nantes.grid5000.fr:30080/tools.descartes.teastore.webui/order,106444618191302,106450922095107
http://econome-20.nantes.grid5000.fr:30080/tools.descartes.teastore.webui/order,106442736191383,106450923199889
http://econome-20.nantes.grid5000.fr:30080/tools.descartes.teastore.webui/order,106375074147750,106450951917959
http://econome-20.nantes.grid5000.fr:30080/tools.descartes.teastore.webui/order,106443280479104,106450977890956
http://econome-20.nantes.grid5000.fr:30080/tools.descartes.teastore.webui/order,106443197554450,106450979623426
http://econome-20.nantes.grid5000.fr:30080/tools.descartes.teastore.webui/order,106443653164969,106451075773902
http://econome-20.nantes.grid5000.fr:30080/tools.descartes.teastore.webui/order,106443151149428,106451115675132
http://econome-20.nantes.grid5000.fr:30080/tools.descartes.teastore.webui/order,106443517284041,106451143031753
http://econome-20.nantes.grid5000.fr:30080/tools.descartes.teastore.webui/order,106442627422183,106451143069662
http://econome-20.nantes.grid5000.fr:30080/tools.descartes.teastore.webui/order,106354937298294,106451170156423
http://econome-20.nantes.grid5000.fr:30080/tools.descartes.teastore.webui/order,106446147519274,106451258246453
http://econome-20.nantes.grid5000.fr:30080/tools.descartes.teastore.webui/order,106445920885878,106451286637391
http://econome-20.nantes.grid5000.fr:30080/tools.descartes.teastore.webui/order,106442682281359,106451333593470
http://econome-20.nantes.grid5000.fr:30080/tools.descartes.teastore.webui/order,106445947613094,106451362920731
http://econome-20.nantes.grid5000.fr:30080/tools.descartes.teastore.webui/order,106378537220585,106451365333623
http://econome-20.nantes.grid5000.fr:30080/tools.descartes.teastore.webui/order,106375074530980,106451365374650
http://econome-20.nantes.grid5000.fr:30080/tools.descartes.teastore.webui/order,106378659564229,106451365406494
http://econome-20.nantes.grid5000.fr:30080/tools.descartes.teastore.webui/order,106354371207469,106451392195147
http://econome-20.nantes.grid5000.fr:30080/tools.descartes.teastore.webui/order,106443294876120,106451414597860
http://econome-20.nantes.grid5000.fr:30080/tools.descartes.teastore.webui/order,106378518171810,106451416020855
http://econome-20.nantes.grid5000.fr:30080/tools.descartes.teastore.webui/order,106380190509016,106451418589563
http://econome-20.nantes.grid5000.fr:30080/tools.descartes.teastore.webui/order,106442745962034,106451445745012
http://econome-20.nantes.grid5000.fr:30080/tools.descartes.teastore.webui/order,106375073645863,106451445798102
http://econome-20.nantes.grid5000.fr:30080/tools.descartes.teastore.webui/order,106445316133053,106451445798806
http://econome-20.nantes.grid5000.fr:30080/tools.descartes.teastore.webui/order,106443842893953,106451445842893
http://econome-20.nantes.grid5000.fr:30080/tools.descartes.teastore.webui/order,106354132650157,106451445860791
http://econome-20.nantes.grid5000.fr:30080/tools.descartes.teastore.webui/order,106378596778346,106451469005597
http://econome-20.nantes.grid5000.fr:30080/tools.descartes.teastore.webui/order,106353300410784,106451474300586
http://econome-20.nantes.grid5000.fr:30080/tools.descartes.teastore.webui/order,106375072684522,106451474403090
http://econome-20.nantes.grid5000.fr:30080/tools.descartes.teastore.webui/order,106442752208879,106451515104575
http://econome-20.nantes.grid5000.fr:30080/tools.descartes.teastore.webui/order,106378925167587,106451515115298
http://econome-20.nantes.grid5000.fr:30080/tools.descartes.teastore.webui/order,106353871099252,106451515993194
http://econome-20.nantes.grid5000.fr:30080/tools.descartes.teastore.webui/order,106375074785993,106451569567574
http://econome-20.nantes.grid5000.fr:30080/tools.descartes.teastore.webui/order,106352836900424,106451616180636
http://econome-20.nantes.grid5000.fr:30080/tools.descartes.teastore.webui/order,106443623997009,106451646678498
http://econome-20.nantes.grid5000.fr:30080/tools.descartes.teastore.webui/order,106378589571031,106451718859424
http://econome-20.nantes.grid5000.fr:30080/tools.descartes.teastore.webui/order,106379169107815,106451848356158
http://econome-20.nantes.grid5000.fr:30080/tools.descartes.teastore.webui/order,106377935995238,106451849199452
http://econome-20.nantes.grid5000.fr:30080/tools.descartes.teastore.webui/order,106446314214498,106451850373242
http://econome-20.nantes.grid5000.fr:30080/tools.descartes.teastore.webui/order,106354325069861,106451877954474
http://econome-20.nantes.grid5000.fr:30080/tools.descartes.teastore.webui/order,106378771217773,106452117093871
http://econome-20.nantes.grid5000.fr:30080/tools.descartes.teastore.webui/order,106378418771456,106452120188563
http://econome-20.nantes.grid5000.fr:30080/tools.descartes.teastore.webui/order,106379168949400,106452149346191
http://econome-20.nantes.grid5000.fr:30080/tools.descartes.teastore.webui/order,106379116863707,106452151485623
http://econome-20.nantes.grid5000.fr:30080/tools.descartes.teastore.webui/order,106352550545536,106452383776444
http://econome-20.nantes.grid5000.fr:30080/tools.descartes.teastore.webui/order,106377700440168,106452386879941
http://econome-20.nantes.grid5000.fr:30080/tools.descartes.teastore.webui/order,106378992781404,106452442583867
http://econome-20.nantes.grid5000.fr:30080/tools.descartes.teastore.webui/order,106353041033258,106452595635874
http://econome-20.nantes.grid5000.fr:30080/tools.descartes.teastore.webui/order,106449716116637,106457270265137
[POST]http://econome-20.nantes.grid5000.fr:30080/tools.descartes.teastore.webui/cartAction?addToCart=&productid=308,106353597850391,106461767047191
[POST]http://econome-20.nantes.grid5000.fr:30080/tools.descartes.teastore.webui/cartAction?addToCart=&productid=146,106443118308729,106461769621689
[POST]http://econome-20.nantes.grid5000.fr:30080/tools.descartes.teastore.webui/cartAction?addToCart=&productid=369,106354956206058,106461769880302
[POST]http://econome-20.nantes.grid5000.fr:30080/tools.descartes.teastore.webui/cartAction?firstname=User&lastname=User&address1=Road&address2=City&cardtype=volvo&cardnumber=314159265359&expirydate=12/2050&confirm=Confirm,106449147250903,106468931563233
[POST]http://econome-20.nantes.grid5000.fr:30080/tools.descartes.teastore.webui/cartAction?firstname=User&lastname=User&address1=Road&address2=City&cardtype=volvo&cardnumber=314159265359&expirydate=12/2050&confirm=Confirm,106447649536161,106468931592083
[POST]http://econome-20.nantes.grid5000.fr:30080/tools.descartes.teastore.webui/cartAction?firstname=User&lastname=User&address1=Road&address2=City&cardtype=volvo&cardnumber=314159265359&expirydate=12/2050&confirm=Confirm,106450043848995,106468931891871
[POST]http://econome-20.nantes.grid5000.fr:30080/tools.descartes.teastore.webui/cartAction?firstname=User&lastname=User&address1=Road&address2=City&cardtype=volvo&cardnumber=314159265359&expirydate=12/2050&confirm=Confirm,106449773581718,106468960122612
[POST]http://econome-20.nantes.grid5000.fr:30080/tools.descartes.teastore.webui/cartAction?firstname=User&lastname=User&address1=Road&address2=City&cardtype=volvo&cardnumber=314159265359&expirydate=12/2050&confirm=Confirm,106449877129335,106468960285015
[POST]http://econome-20.nantes.grid5000.fr:30080/tools.descartes.teastore.webui/cartAction?firstname=User&lastname=User&address1=Road&address2=City&cardtype=volvo&cardnumber=314159265359&expirydate=12/2050&confirm=Confirm,106450072788024,106468960516977
[POST]http://econome-20.nantes.grid5000.fr:30080/tools.descartes.teastore.webui/cartAction?firstname=User&lastname=User&address1=Road&address2=City&cardtype=volvo&cardnumber=314159265359&expirydate=12/2050&confirm=Confirm,106450536972889,106469014743444
[POST]http://econome-20.nantes.grid5000.fr:30080/tools.descartes.teastore.webui/cartAction?firstname=User&lastname=User&address1=Road&address2=City&cardtype=volvo&cardnumber=314159265359&expirydate=12/2050&confirm=Confirm,106451569608118,106469019927198
[POST]http://econome-20.nantes.grid5000.fr:30080/tools.descartes.teastore.webui/cartAction?firstname=User&lastname=User&address1=Road&address2=City&cardtype=volvo&cardnumber=314159265359&expirydate=12/2050&confirm=Confirm,106451850460005,106469021300528
[POST]http://econome-20.nantes.grid5000.fr:30080/tools.descartes.teastore.webui/cartAction?firstname=User&lastname=User&address1=Road&address2=City&cardtype=volvo&cardnumber=314159265359&expirydate=12/2050&confirm=Confirm,106451445873401,106469043340351
[POST]http://econome-20.nantes.grid5000.fr:30080/tools.descartes.teastore.webui/cartAction?firstname=User&lastname=User&address1=Road&address2=City&cardtype=volvo&cardnumber=314159265359&expirydate=12/2050&confirm=Confirm,106448671189874,106469043486774
[POST]http://econome-20.nantes.grid5000.fr:30080/tools.descartes.teastore.webui/cartAction?firstname=User&lastname=User&address1=Road&address2=City&cardtype=volvo&cardnumber=314159265359&expirydate=12/2050&confirm=Confirm,106447947163248,106469051181601
[POST]http://econome-20.nantes.grid5000.fr:30080/tools.descartes.teastore.webui/cartAction?firstname=User&lastname=User&address1=Road&address2=City&cardtype=volvo&cardnumber=314159265359&expirydate=12/2050&confirm=Confirm,106451474325297,106469051251807
[POST]http://econome-20.nantes.grid5000.fr:30080/tools.descartes.teastore.webui/cartAction?firstname=User&lastname=User&address1=Road&address2=City&cardtype=volvo&cardnumber=314159265359&expirydate=12/2050&confirm=Confirm,106449367786636,106469051420975
[POST]http://econome-20.nantes.grid5000.fr:30080/tools.descartes.teastore.webui/cartAction?firstname=User&lastname=User&address1=Road&address2=City&cardtype=volvo&cardnumber=314159265359&expirydate=12/2050&confirm=Confirm,106449673145999,106469051432029
[POST]http://econome-20.nantes.grid5000.fr:30080/tools.descartes.teastore.webui/cartAction?firstname=User&lastname=User&address1=Road&address2=City&cardtype=volvo&cardnumber=314159265359&expirydate=12/2050&confirm=Confirm,106450671240478,106469051564693
[POST]http://econome-20.nantes.grid5000.fr:30080/tools.descartes.teastore.webui/cartAction?firstname=User&lastname=User&address1=Road&address2=City&cardtype=volvo&cardnumber=314159265359&expirydate=12/2050&confirm=Confirm,106449673353852,106469051565244
[POST]http://econome-20.nantes.grid5000.fr:30080/tools.descartes.teastore.webui/cartAction?firstname=User&lastname=User&address1=Road&address2=City&cardtype=volvo&cardnumber=314159265359&expirydate=12/2050&confirm=Confirm,106448249906346,106469051693925
[POST]http://econome-20.nantes.grid5000.fr:30080/tools.descartes.teastore.webui/cartAction?firstname=User&lastname=User&address1=Road&address2=City&cardtype=volvo&cardnumber=314159265359&expirydate=12/2050&confirm=Confirm,106449877680405,106469051813852
[POST]http://econome-20.nantes.grid5000.fr:30080/tools.descartes.teastore.webui/cartAction?firstname=User&lastname=User&address1=Road&address2=City&cardtype=volvo&cardnumber=314159265359&expirydate=12/2050&confirm=Confirm,106450046692574,106469051837902
[POST]http://econome-20.nantes.grid5000.fr:30080/tools.descartes.teastore.webui/cartAction?firstname=User&lastname=User&address1=Road&address2=City&cardtype=volvo&cardnumber=314159265359&expirydate=12/2050&confirm=Confirm,106447768036305,106469051910964
[POST]http://econome-20.nantes.grid5000.fr:30080/tools.descartes.teastore.webui/cartAction?firstname=User&lastname=User&address1=Road&address2=City&cardtype=volvo&cardnumber=314159265359&expirydate=12/2050&confirm=Confirm,106448533734750,106469051958259
[POST]http://econome-20.nantes.grid5000.fr:30080/tools.descartes.teastore.webui/cartAction?firstname=User&lastname=User&address1=Road&address2=City&cardtype=volvo&cardnumber=314159265359&expirydate=12/2050&confirm=Confirm,106448569337246,106469080786440
[POST]http://econome-20.nantes.grid5000.fr:30080/tools.descartes.teastore.webui/cartAction?firstname=User&lastname=User&address1=Road&address2=City&cardtype=volvo&cardnumber=314159265359&expirydate=12/2050&confirm=Confirm,106449946149619,106469082256651
[POST]http://econome-20.nantes.grid5000.fr:30080/tools.descartes.teastore.webui/cartAction?firstname=User&lastname=User&address1=Road&address2=City&cardtype=volvo&cardnumber=314159265359&expirydate=12/2050&confirm=Confirm,106449258687384,106469082272403
[POST]http://econome-20.nantes.grid5000.fr:30080/tools.descartes.teastore.webui/cartAction?firstname=User&lastname=User&address1=Road&address2=City&cardtype=volvo&cardnumber=314159265359&expirydate=12/2050&confirm=Confirm,106448546343338,106469112778484
[POST]http://econome-20.nantes.grid5000.fr:30080/tools.descartes.teastore.webui/cartAction?firstname=User&lastname=User&address1=Road&address2=City&cardtype=volvo&cardnumber=314159265359&expirydate=12/2050&confirm=Confirm,106449849563606,106469116604817
[POST]http://econome-20.nantes.grid5000.fr:30080/tools.descartes.teastore.webui/cartAction?firstname=User&lastname=User&address1=Road&address2=City&cardtype=volvo&cardnumber=314159265359&expirydate=12/2050&confirm=Confirm,106449944234462,106469116939915
[POST]http://econome-20.nantes.grid5000.fr:30080/tools.descartes.teastore.webui/cartAction?firstname=User&lastname=User&address1=Road&address2=City&cardtype=volvo&cardnumber=314159265359&expirydate=12/2050&confirm=Confirm,106450842872455,106469118666048
[POST]http://econome-20.nantes.grid5000.fr:30080/tools.descartes.teastore.webui/cartAction?firstname=User&lastname=User&address1=Road&address2=City&cardtype=volvo&cardnumber=314159265359&expirydate=12/2050&confirm=Confirm,106448249707663,106469118838545
[POST]http://econome-20.nantes.grid5000.fr:30080/tools.descartes.teastore.webui/cartAction?firstname=User&lastname=User&address1=Road&address2=City&cardtype=volvo&cardnumber=314159265359&expirydate=12/2050&confirm=Confirm,106450240811406,106469119108923
[POST]http://econome-20.nantes.grid5000.fr:30080/tools.descartes.teastore.webui/cartAction?firstname=User&lastname=User&address1=Road&address2=City&cardtype=volvo&cardnumber=314159265359&expirydate=12/2050&confirm=Confirm,106451115710464,106469119111549
[POST]http://econome-20.nantes.grid5000.fr:30080/tools.descartes.teastore.webui/cartAction?firstname=User&lastname=User&address1=Road&address2=City&cardtype=volvo&cardnumber=314159265359&expirydate=12/2050&confirm=Confirm,106449245311268,106469119764345
[POST]http://econome-20.nantes.grid5000.fr:30080/tools.descartes.teastore.webui/cartAction?firstname=User&lastname=User&address1=Road&address2=City&cardtype=volvo&cardnumber=314159265359&expirydate=12/2050&confirm=Confirm,106449044722188,106469144256172
[POST]http://econome-20.nantes.grid5000.fr:30080/tools.descartes.teastore.webui/cartAction?firstname=User&lastname=User&address1=Road&address2=City&cardtype=volvo&cardnumber=314159265359&expirydate=12/2050&confirm=Confirm,106449245451206,106469144527360
[POST]http://econome-20.nantes.grid5000.fr:30080/tools.descartes.teastore.webui/cartAction?firstname=User&lastname=User&address1=Road&address2=City&cardtype=volvo&cardnumber=314159265359&expirydate=12/2050&confirm=Confirm,106449014592779,106469145453284
[POST]http://econome-20.nantes.grid5000.fr:30080/tools.descartes.teastore.webui/cartAction?firstname=User&lastname=User&address1=Road&address2=City&cardtype=volvo&cardnumber=314159265359&expirydate=12/2050&confirm=Confirm,106449204533848,106469145519822
[POST]http://econome-20.nantes.grid5000.fr:30080/tools.descartes.teastore.webui/cartAction?firstname=User&lastname=User&address1=Road&address2=City&cardtype=volvo&cardnumber=314159265359&expirydate=12/2050&confirm=Confirm,106448970663415,106469147568131
[POST]http://econome-20.nantes.grid5000.fr:30080/tools.descartes.teastore.webui/cartAction?firstname=User&lastname=User&address1=Road&address2=City&cardtype=volvo&cardnumber=314159265359&expirydate=12/2050&confirm=Confirm,106449072054827,106469147680999
[POST]http://econome-20.nantes.grid5000.fr:30080/tools.descartes.teastore.webui/cartAction?firstname=User&lastname=User&address1=Road&address2=City&cardtype=volvo&cardnumber=314159265359&expirydate=12/2050&confirm=Confirm,106451515135745,106469147733458
[POST]http://econome-20.nantes.grid5000.fr:30080/tools.descartes.teastore.webui/cartAction?firstname=User&lastname=User&address1=Road&address2=City&cardtype=volvo&cardnumber=314159265359&expirydate=12/2050&confirm=Confirm,106448200312694,106469147746404
[POST]http://econome-20.nantes.grid5000.fr:30080/tools.descartes.teastore.webui/cartAction?firstname=User&lastname=User&address1=Road&address2=City&cardtype=volvo&cardnumber=314159265359&expirydate=12/2050&confirm=Confirm,106448506632211,106469147798089
[POST]http://econome-20.nantes.grid5000.fr:30080/tools.descartes.teastore.webui/cartAction?firstname=User&lastname=User&address1=Road&address2=City&cardtype=volvo&cardnumber=314159265359&expirydate=12/2050&confirm=Confirm,106451718997288,106469147801005
[POST]http://econome-20.nantes.grid5000.fr:30080/tools.descartes.teastore.webui/cartAction?firstname=User&lastname=User&address1=Road&address2=City&cardtype=volvo&cardnumber=314159265359&expirydate=12/2050&confirm=Confirm,106448276621591,106469149362496
[POST]http://econome-20.nantes.grid5000.fr:30080/tools.descartes.teastore.webui/cartAction?firstname=User&lastname=User&address1=Road&address2=City&cardtype=volvo&cardnumber=314159265359&expirydate=12/2050&confirm=Confirm,106448769679696,106469149447745
[POST]http://econome-20.nantes.grid5000.fr:30080/tools.descartes.teastore.webui/cartAction?firstname=User&lastname=User&address1=Road&address2=City&cardtype=volvo&cardnumber=314159265359&expirydate=12/2050&confirm=Confirm,106448248380013,106469149540980
[POST]http://econome-20.nantes.grid5000.fr:30080/tools.descartes.teastore.webui/cartAction?firstname=User&lastname=User&address1=Road&address2=City&cardtype=volvo&cardnumber=314159265359&expirydate=12/2050&confirm=Confirm,106448945703592,106469149799159
[POST]http://econome-20.nantes.grid5000.fr:30080/tools.descartes.teastore.webui/cartAction?firstname=User&lastname=User&address1=Road&address2=City&cardtype=volvo&cardnumber=314159265359&expirydate=12/2050&confirm=Confirm,106448970708259,106469150056762
[POST]http://econome-20.nantes.grid5000.fr:30080/tools.descartes.teastore.webui/cartAction?firstname=User&lastname=User&address1=Road&address2=City&cardtype=volvo&cardnumber=314159265359&expirydate=12/2050&confirm=Confirm,106450979656151,106469150120273
[POST]http://econome-20.nantes.grid5000.fr:30080/tools.descartes.teastore.webui/cartAction?firstname=User&lastname=User&address1=Road&address2=City&cardtype=volvo&cardnumber=314159265359&expirydate=12/2050&confirm=Confirm,106452120277764,106469199144392
[POST]http://econome-20.nantes.grid5000.fr:30080/tools.descartes.teastore.webui/cartAction?firstname=User&lastname=User&address1=Road&address2=City&cardtype=volvo&cardnumber=314159265359&expirydate=12/2050&confirm=Confirm,106451362978225,106469214088115
[POST]http://econome-20.nantes.grid5000.fr:30080/tools.descartes.teastore.webui/cartAction?firstname=User&lastname=User&address1=Road&address2=City&cardtype=volvo&cardnumber=314159265359&expirydate=12/2050&confirm=Confirm,106449042814499,106469216621531
[POST]http://econome-20.nantes.grid5000.fr:30080/tools.descartes.teastore.webui/cartAction?firstname=User&lastname=User&address1=Road&address2=City&cardtype=volvo&cardnumber=314159265359&expirydate=12/2050&confirm=Confirm,106452117205973,106469246708453
[POST]http://econome-20.nantes.grid5000.fr:30080/tools.descartes.teastore.webui/cartAction?firstname=User&lastname=User&address1=Road&address2=City&cardtype=volvo&cardnumber=314159265359&expirydate=12/2050&confirm=Confirm,106449877711967,106469246753030
[POST]http://econome-20.nantes.grid5000.fr:30080/tools.descartes.teastore.webui/cartAction?firstname=User&lastname=User&address1=Road&address2=City&cardtype=volvo&cardnumber=314159265359&expirydate=12/2050&confirm=Confirm,106449545474571,106469246794053
[POST]http://econome-20.nantes.grid5000.fr:30080/tools.descartes.teastore.webui/cartAction?firstname=User&lastname=User&address1=Road&address2=City&cardtype=volvo&cardnumber=314159265359&expirydate=12/2050&confirm=Confirm,106450243821589,106469316894491
[POST]http://econome-20.nantes.grid5000.fr:30080/tools.descartes.teastore.webui/cartAction?firstname=User&lastname=User&address1=Road&address2=City&cardtype=volvo&cardnumber=314159265359&expirydate=12/2050&confirm=Confirm,106448527419326,106469333775041
[POST]http://econome-20.nantes.grid5000.fr:30080/tools.descartes.teastore.webui/cartAction?firstname=User&lastname=User&address1=Road&address2=City&cardtype=volvo&cardnumber=314159265359&expirydate=12/2050&confirm=Confirm,106446745975071,106469343751100
[POST]http://econome-20.nantes.grid5000.fr:30080/tools.descartes.teastore.webui/cartAction?firstname=User&lastname=User&address1=Road&address2=City&cardtype=volvo&cardnumber=314159265359&expirydate=12/2050&confirm=Confirm,106447677636994,106469345786905
[POST]http://econome-20.nantes.grid5000.fr:30080/tools.descartes.teastore.webui/cartAction?firstname=User&lastname=User&address1=Road&address2=City&cardtype=volvo&cardnumber=314159265359&expirydate=12/2050&confirm=Confirm,106448013053523,106469346910106
[POST]http://econome-20.nantes.grid5000.fr:30080/tools.descartes.teastore.webui/cartAction?firstname=User&lastname=User&address1=Road&address2=City&cardtype=volvo&cardnumber=314159265359&expirydate=12/2050&confirm=Confirm,106449848925456,106469346932556
[POST]http://econome-20.nantes.grid5000.fr:30080/tools.descartes.teastore.webui/cartAction?firstname=User&lastname=User&address1=Road&address2=City&cardtype=volvo&cardnumber=314159265359&expirydate=12/2050&confirm=Confirm,106448506466712,106469346953461
[POST]http://econome-20.nantes.grid5000.fr:30080/tools.descartes.teastore.webui/cartAction?firstname=User&lastname=User&address1=Road&address2=City&cardtype=volvo&cardnumber=314159265359&expirydate=12/2050&confirm=Confirm,106447475451668,106469347056089
[POST]http://econome-20.nantes.grid5000.fr:30080/tools.descartes.teastore.webui/cartAction?firstname=User&lastname=User&address1=Road&address2=City&cardtype=volvo&cardnumber=314159265359&expirydate=12/2050&confirm=Confirm,106451075815037,106469374625774
[POST]http://econome-20.nantes.grid5000.fr:30080/tools.descartes.teastore.webui/cartAction?firstname=User&lastname=User&address1=Road&address2=City&cardtype=volvo&cardnumber=314159265359&expirydate=12/2050&confirm=Confirm,106452442653098,106469413935256
[POST]http://econome-20.nantes.grid5000.fr:30080/tools.descartes.teastore.webui/cartAction?firstname=User&lastname=User&address1=Road&address2=City&cardtype=volvo&cardnumber=314159265359&expirydate=12/2050&confirm=Confirm,106449673291208,106469414157503
[POST]http://econome-20.nantes.grid5000.fr:30080/tools.descartes.teastore.webui/cartAction?firstname=User&lastname=User&address1=Road&address2=City&cardtype=volvo&cardnumber=314159265359&expirydate=12/2050&confirm=Confirm,106446848177108,106469415402999
[POST]http://econome-20.nantes.grid5000.fr:30080/tools.descartes.teastore.webui/cartAction?firstname=User&lastname=User&address1=Road&address2=City&cardtype=volvo&cardnumber=314159265359&expirydate=12/2050&confirm=Confirm,106448646368178,106469415745918
[POST]http://econome-20.nantes.grid5000.fr:30080/tools.descartes.teastore.webui/cartAction?firstname=User&lastname=User&address1=Road&address2=City&cardtype=volvo&cardnumber=314159265359&expirydate=12/2050&confirm=Confirm,106448847697405,106469444608183
[POST]http://econome-20.nantes.grid5000.fr:30080/tools.descartes.teastore.webui/cartAction?firstname=User&lastname=User&address1=Road&address2=City&cardtype=volvo&cardnumber=314159265359&expirydate=12/2050&confirm=Confirm,106449116983350,106469513586298
[POST]http://econome-20.nantes.grid5000.fr:30080/tools.descartes.teastore.webui/cartAction?firstname=User&lastname=User&address1=Road&address2=City&cardtype=volvo&cardnumber=314159265359&expirydate=12/2050&confirm=Confirm,106447649259966,106469519897835
[POST]http://econome-20.nantes.grid5000.fr:30080/tools.descartes.teastore.webui/cartAction?firstname=User&lastname=User&address1=Road&address2=City&cardtype=volvo&cardnumber=314159265359&expirydate=12/2050&confirm=Confirm,106448219656633,106469520532717
[POST]http://econome-20.nantes.grid5000.fr:30080/tools.descartes.teastore.webui/cartAction?firstname=User&lastname=User&address1=Road&address2=City&cardtype=volvo&cardnumber=314159265359&expirydate=12/2050&confirm=Confirm,106451170195116,106469548029509
[POST]http://econome-20.nantes.grid5000.fr:30080/tools.descartes.teastore.webui/cartAction?firstname=User&lastname=User&address1=Road&address2=City&cardtype=volvo&cardnumber=314159265359&expirydate=12/2050&confirm=Confirm,106450099755473,106469548262146
[POST]http://econome-20.nantes.grid5000.fr:30080/tools.descartes.teastore.webui/cartAction?firstname=User&lastname=User&address1=Road&address2=City&cardtype=volvo&cardnumber=314159265359&expirydate=12/2050&confirm=Confirm,106447342537145,106469549864937
[POST]http://econome-20.nantes.grid5000.fr:30080/tools.descartes.teastore.webui/cartAction?firstname=User&lastname=User&address1=Road&address2=City&cardtype=volvo&cardnumber=314159265359&expirydate=12/2050&confirm=Confirm,106450593764558,106469549977643
[POST]http://econome-20.nantes.grid5000.fr:30080/tools.descartes.teastore.webui/cartAction?firstname=User&lastname=User&address1=Road&address2=City&cardtype=volvo&cardnumber=314159265359&expirydate=12/2050&confirm=Confirm,106450342743353,106469550045392
[POST]http://econome-20.nantes.grid5000.fr:30080/tools.descartes.teastore.webui/cartAction?firstname=User&lastname=User&address1=Road&address2=City&cardtype=volvo&cardnumber=314159265359&expirydate=12/2050&confirm=Confirm,106445442297595,106469718933703
[POST]http://econome-20.nantes.grid5000.fr:30080/tools.descartes.teastore.webui/cartAction?firstname=User&lastname=User&address1=Road&address2=City&cardtype=volvo&cardnumber=314159265359&expirydate=12/2050&confirm=Confirm,106451445894858,106469718948114
[POST]http://econome-20.nantes.grid5000.fr:30080/tools.descartes.teastore.webui/cartAction?firstname=User&lastname=User&address1=Road&address2=City&cardtype=volvo&cardnumber=314159265359&expirydate=12/2050&confirm=Confirm,106447621400260,106469746551376
[POST]http://econome-20.nantes.grid5000.fr:30080/tools.descartes.teastore.webui/cartAction?firstname=User&lastname=User&address1=Road&address2=City&cardtype=volvo&cardnumber=314159265359&expirydate=12/2050&confirm=Confirm,106451515146810,106469820704006
[POST]http://econome-20.nantes.grid5000.fr:30080/tools.descartes.teastore.webui/cartAction?firstname=User&lastname=User&address1=Road&address2=City&cardtype=volvo&cardnumber=314159265359&expirydate=12/2050&confirm=Confirm,106449117321021,106469820984560
[POST]http://econome-20.nantes.grid5000.fr:30080/tools.descartes.teastore.webui/cartAction?firstname=User&lastname=User&address1=Road&address2=City&cardtype=volvo&cardnumber=314159265359&expirydate=12/2050&confirm=Confirm,106447368483500,106469845809625
[POST]http://econome-20.nantes.grid5000.fr:30080/tools.descartes.teastore.webui/cartAction?firstname=User&lastname=User&address1=Road&address2=City&cardtype=volvo&cardnumber=314159265359&expirydate=12/2050&confirm=Confirm,106448504509809,106469845841125
[POST]http://econome-20.nantes.grid5000.fr:30080/tools.descartes.teastore.webui/cartAction?firstname=User&lastname=User&address1=Road&address2=City&cardtype=volvo&cardnumber=314159265359&expirydate=12/2050&confirm=Confirm,106449715147359,106469915251262
[POST]http://econome-20.nantes.grid5000.fr:30080/tools.descartes.teastore.webui/cartAction?firstname=User&lastname=User&address1=Road&address2=City&cardtype=volvo&cardnumber=314159265359&expirydate=12/2050&confirm=Confirm,106447246432580,106469916917718
[POST]http://econome-20.nantes.grid5000.fr:30080/tools.descartes.teastore.webui/cartAction?firstname=User&lastname=User&address1=Road&address2=City&cardtype=volvo&cardnumber=314159265359&expirydate=12/2050&confirm=Confirm,106449174334738,106469925855429
[POST]http://econome-20.nantes.grid5000.fr:30080/tools.descartes.teastore.webui/cartAction?firstname=User&lastname=User&address1=Road&address2=City&cardtype=volvo&cardnumber=314159265359&expirydate=12/2050&confirm=Confirm,106449945806234,106469925899653
[POST]http://econome-20.nantes.grid5000.fr:30080/tools.descartes.teastore.webui/cartAction?firstname=User&lastname=User&address1=Road&address2=City&cardtype=volvo&cardnumber=314159265359&expirydate=12/2050&confirm=Confirm,106449615553501,106469943162530
[POST]http://econome-20.nantes.grid5000.fr:30080/tools.descartes.teastore.webui/cartAction?firstname=User&lastname=User&address1=Road&address2=City&cardtype=volvo&cardnumber=314159265359&expirydate=12/2050&confirm=Confirm,106452595684611,106469943321968
[POST]http://econome-20.nantes.grid5000.fr:30080/tools.descartes.teastore.webui/cartAction?firstname=User&lastname=User&address1=Road&address2=City&cardtype=volvo&cardnumber=314159265359&expirydate=12/2050&confirm=Confirm,106452151560318,106469943339006
[POST]http://econome-20.nantes.grid5000.fr:30080/tools.descartes.teastore.webui/cartAction?firstname=User&lastname=User&address1=Road&address2=City&cardtype=volvo&cardnumber=314159265359&expirydate=12/2050&confirm=Confirm,106449047389822,106469953895252
[POST]http://econome-20.nantes.grid5000.fr:30080/tools.descartes.teastore.webui/cartAction?firstname=User&lastname=User&address1=Road&address2=City&cardtype=volvo&cardnumber=314159265359&expirydate=12/2050&confirm=Confirm,106446570460544,106469953954518
[POST]http://econome-20.nantes.grid5000.fr:30080/tools.descartes.teastore.webui/cartAction?firstname=User&lastname=User&address1=Road&address2=City&cardtype=volvo&cardnumber=314159265359&expirydate=12/2050&confirm=Confirm,106448513793354,106469954049362
[POST]http://econome-20.nantes.grid5000.fr:30080/tools.descartes.teastore.webui/cartAction?firstname=User&lastname=User&address1=Road&address2=City&cardtype=volvo&cardnumber=314159265359&expirydate=12/2050&confirm=Confirm,106450771259059,106469954050174
[POST]http://econome-20.nantes.grid5000.fr:30080/tools.descartes.teastore.webui/cartAction?firstname=User&lastname=User&address1=Road&address2=City&cardtype=volvo&cardnumber=314159265359&expirydate=12/2050&confirm=Confirm,106448646431126,106469954371592
[POST]http://econome-20.nantes.grid5000.fr:30080/tools.descartes.teastore.webui/cartAction?firstname=User&lastname=User&address1=Road&address2=City&cardtype=volvo&cardnumber=314159265359&expirydate=12/2050&confirm=Confirm,106451414627661,106469954661930
[POST]http://econome-20.nantes.grid5000.fr:30080/tools.descartes.teastore.webui/cartAction?firstname=User&lastname=User&address1=Road&address2=City&cardtype=volvo&cardnumber=314159265359&expirydate=12/2050&confirm=Confirm,106448847848807,106469954862564
[POST]http://econome-20.nantes.grid5000.fr:30080/tools.descartes.teastore.webui/cartAction?firstname=User&lastname=User&address1=Road&address2=City&cardtype=volvo&cardnumber=314159265359&expirydate=12/2050&confirm=Confirm,106450374831095,106469954939936
[POST]http://econome-20.nantes.grid5000.fr:30080/tools.descartes.teastore.webui/cartAction?firstname=User&lastname=User&address1=Road&address2=City&cardtype=volvo&cardnumber=314159265359&expirydate=12/2050&confirm=Confirm,106449147675375,106470015026538
[POST]http://econome-20.nantes.grid5000.fr:30080/tools.descartes.teastore.webui/cartAction?firstname=User&lastname=User&address1=Road&address2=City&cardtype=volvo&cardnumber=314159265359&expirydate=12/2050&confirm=Confirm,106449744533172,106470015079156
[POST]http://econome-20.nantes.grid5000.fr:30080/tools.descartes.teastore.webui/cartAction?firstname=User&lastname=User&address1=Road&address2=City&cardtype=volvo&cardnumber=314159265359&expirydate=12/2050&confirm=Confirm,106450922128927,106470017549465
[POST]http://econome-20.nantes.grid5000.fr:30080/tools.descartes.teastore.webui/cartAction?firstname=User&lastname=User&address1=Road&address2=City&cardtype=volvo&cardnumber=314159265359&expirydate=12/2050&confirm=Confirm,106448476185212,106470017752025
[POST]http://econome-20.nantes.grid5000.fr:30080/tools.descartes.teastore.webui/cartAction?firstname=User&lastname=User&address1=Road&address2=City&cardtype=volvo&cardnumber=314159265359&expirydate=12/2050&confirm=Confirm,106450671416849,106470042419292
[POST]http://econome-20.nantes.grid5000.fr:30080/tools.descartes.teastore.webui/cartAction?firstname=User&lastname=User&address1=Road&address2=City&cardtype=volvo&cardnumber=314159265359&expirydate=12/2050&confirm=Confirm,106451365357456,106470044108789
[POST]http://econome-20.nantes.grid5000.fr:30080/tools.descartes.teastore.webui/cartAction?firstname=User&lastname=User&address1=Road&address2=City&cardtype=volvo&cardnumber=314159265359&expirydate=12/2050&confirm=Confirm,106449176840724,106470044134491
[POST]http://econome-20.nantes.grid5000.fr:30080/tools.descartes.teastore.webui/cartAction?firstname=User&lastname=User&address1=Road&address2=City&cardtype=volvo&cardnumber=314159265359&expirydate=12/2050&confirm=Confirm,106447475438177,106470044182330
[POST]http://econome-20.nantes.grid5000.fr:30080/tools.descartes.teastore.webui/cartAction?firstname=User&lastname=User&address1=Road&address2=City&cardtype=volvo&cardnumber=314159265359&expirydate=12/2050&confirm=Confirm,106457270446141,106470045310866
[POST]http://econome-20.nantes.grid5000.fr:30080/tools.descartes.teastore.webui/cartAction?firstname=User&lastname=User&address1=Road&address2=City&cardtype=volvo&cardnumber=314159265359&expirydate=12/2050&confirm=Confirm,106449146360322,106470115860835
[POST]http://econome-20.nantes.grid5000.fr:30080/tools.descartes.teastore.webui/cartAction?firstname=User&lastname=User&address1=Road&address2=City&cardtype=volvo&cardnumber=314159265359&expirydate=12/2050&confirm=Confirm,106448043494110,106470115999548
[POST]http://econome-20.nantes.grid5000.fr:30080/tools.descartes.teastore.webui/cartAction?firstname=User&lastname=User&address1=Road&address2=City&cardtype=volvo&cardnumber=314159265359&expirydate=12/2050&confirm=Confirm,106446745839863,106470142060980
[POST]http://econome-20.nantes.grid5000.fr:30080/tools.descartes.teastore.webui/cartAction?firstname=User&lastname=User&address1=Road&address2=City&cardtype=volvo&cardnumber=314159265359&expirydate=12/2050&confirm=Confirm,106451878091981,106470143530221
[POST]http://econome-20.nantes.grid5000.fr:30080/tools.descartes.teastore.webui/cartAction?firstname=User&lastname=User&address1=Road&address2=City&cardtype=volvo&cardnumber=314159265359&expirydate=12/2050&confirm=Confirm,106450244951250,106470143544594
[POST]http://econome-20.nantes.grid5000.fr:30080/tools.descartes.teastore.webui/cartAction?firstname=User&lastname=User&address1=Road&address2=City&cardtype=volvo&cardnumber=314159265359&expirydate=12/2050&confirm=Confirm,106447970634308,106470143735040
[POST]http://econome-20.nantes.grid5000.fr:30080/tools.descartes.teastore.webui/cartAction?firstname=User&lastname=User&address1=Road&address2=City&cardtype=volvo&cardnumber=314159265359&expirydate=12/2050&confirm=Confirm,106449115644734,106470144184506
[POST]http://econome-20.nantes.grid5000.fr:30080/tools.descartes.teastore.webui/cartAction?firstname=User&lastname=User&address1=Road&address2=City&cardtype=volvo&cardnumber=314159265359&expirydate=12/2050&confirm=Confirm,106449946090268,106470218424981
[POST]http://econome-20.nantes.grid5000.fr:30080/tools.descartes.teastore.webui/cartAction?firstname=User&lastname=User&address1=Road&address2=City&cardtype=volvo&cardnumber=314159265359&expirydate=12/2050&confirm=Confirm,106448901596471,106470345529931
[POST]http://econome-20.nantes.grid5000.fr:30080/tools.descartes.teastore.webui/cartAction?firstname=User&lastname=User&address1=Road&address2=City&cardtype=volvo&cardnumber=314159265359&expirydate=12/2050&confirm=Confirm,106448847687358,106470831197175
[POST]http://econome-20.nantes.grid5000.fr:30080/tools.descartes.teastore.webui/cartAction?firstname=User&lastname=User&address1=Road&address2=City&cardtype=volvo&cardnumber=314159265359&expirydate=12/2050&confirm=Confirm,106451849285605,106470919374960
[POST]http://econome-20.nantes.grid5000.fr:30080/tools.descartes.teastore.webui/cartAction?firstname=User&lastname=User&address1=Road&address2=City&cardtype=volvo&cardnumber=314159265359&expirydate=12/2050&confirm=Confirm,106451258296071,106470944352252
[POST]http://econome-20.nantes.grid5000.fr:30080/tools.descartes.teastore.webui/cartAction?firstname=User&lastname=User&address1=Road&address2=City&cardtype=volvo&cardnumber=314159265359&expirydate=12/2050&confirm=Confirm,106449769072241,106470944392192
[POST]http://econome-20.nantes.grid5000.fr:30080/tools.descartes.teastore.webui/cartAction?firstname=User&lastname=User&address1=Road&address2=City&cardtype=volvo&cardnumber=314159265359&expirydate=12/2050&confirm=Confirm,106448169596910,106470947965670
[POST]http://econome-20.nantes.grid5000.fr:30080/tools.descartes.teastore.webui/cartAction?firstname=User&lastname=User&address1=Road&address2=City&cardtype=volvo&cardnumber=314159265359&expirydate=12/2050&confirm=Confirm,106451143099242,106471017490608
[POST]http://econome-20.nantes.grid5000.fr:30080/tools.descartes.teastore.webui/cartAction?firstname=User&lastname=User&address1=Road&address2=City&cardtype=volvo&cardnumber=314159265359&expirydate=12/2050&confirm=Confirm,106448574747705,106471041337175
[POST]http://econome-20.nantes.grid5000.fr:30080/tools.descartes.teastore.webui/cartAction?firstname=User&lastname=User&address1=Road&address2=City&cardtype=volvo&cardnumber=314159265359&expirydate=12/2050&confirm=Confirm,106452383915473,106471041524098
[POST]http://econome-20.nantes.grid5000.fr:30080/tools.descartes.teastore.webui/cartAction?firstname=User&lastname=User&address1=Road&address2=City&cardtype=volvo&cardnumber=314159265359&expirydate=12/2050&confirm=Confirm,106449743851759,106471046495129
[POST]http://econome-20.nantes.grid5000.fr:30080/tools.descartes.teastore.webui/cartAction?firstname=User&lastname=User&address1=Road&address2=City&cardtype=volvo&cardnumber=314159265359&expirydate=12/2050&confirm=Confirm,106446073578016,106471046536589
[POST]http://econome-20.nantes.grid5000.fr:30080/tools.descartes.teastore.webui/cartAction?firstname=User&lastname=User&address1=Road&address2=City&cardtype=volvo&cardnumber=314159265359&expirydate=12/2050&confirm=Confirm,106449744221871,106471046553453
[POST]http://econome-20.nantes.grid5000.fr:30080/tools.descartes.teastore.webui/cartAction?firstname=User&lastname=User&address1=Road&address2=City&cardtype=volvo&cardnumber=314159265359&expirydate=12/2050&confirm=Confirm,106448074029490,106471244296028
[POST]http://econome-20.nantes.grid5000.fr:30080/tools.descartes.teastore.webui/cartAction?firstname=User&lastname=User&address1=Road&address2=City&cardtype=volvo&cardnumber=314159265359&expirydate=12/2050&confirm=Confirm,106451365411221,106471316789704
[POST]http://econome-20.nantes.grid5000.fr:30080/tools.descartes.teastore.webui/cartAction?firstname=User&lastname=User&address1=Road&address2=City&cardtype=volvo&cardnumber=314159265359&expirydate=12/2050&confirm=Confirm,106446774281693,106471343168455
[POST]http://econome-20.nantes.grid5000.fr:30080/tools.descartes.teastore.webui/cartAction?firstname=User&lastname=User&address1=Road&address2=City&cardtype=volvo&cardnumber=314159265359&expirydate=12/2050&confirm=Confirm,106451474420919,106471344972336
[POST]http://econome-20.nantes.grid5000.fr:30080/tools.descartes.teastore.webui/cartAction?firstname=User&lastname=User&address1=Road&address2=City&cardtype=volvo&cardnumber=314159265359&expirydate=12/2050&confirm=Confirm,106449340732363,106471413723500
[POST]http://econome-20.nantes.grid5000.fr:30080/tools.descartes.teastore.webui/cartAction?firstname=User&lastname=User&address1=Road&address2=City&cardtype=volvo&cardnumber=314159265359&expirydate=12/2050&confirm=Confirm,106451516064368,106471416495571
http://econome-20.nantes.grid5000.fr:30080/tools.descartes.teastore.webui/order,106461767127866,106471442882455
[POST]http://econome-20.nantes.grid5000.fr:30080/tools.descartes.teastore.webui/cartAction?firstname=User&lastname=User&address1=Road&address2=City&cardtype=volvo&cardnumber=314159265359&expirydate=12/2050&confirm=Confirm,106451286664998,106471444877203
[POST]http://econome-20.nantes.grid5000.fr:30080/tools.descartes.teastore.webui/cartAction?firstname=User&lastname=User&address1=Road&address2=City&cardtype=volvo&cardnumber=314159265359&expirydate=12/2050&confirm=Confirm,106451646795651,106471516722835
[POST]http://econome-20.nantes.grid5000.fr:30080/tools.descartes.teastore.webui/cartAction?firstname=User&lastname=User&address1=Road&address2=City&cardtype=volvo&cardnumber=314159265359&expirydate=12/2050&confirm=Confirm,106451469037022,106471541945750
[POST]http://econome-20.nantes.grid5000.fr:30080/tools.descartes.teastore.webui/cartAction?firstname=User&lastname=User&address1=Road&address2=City&cardtype=volvo&cardnumber=314159265359&expirydate=12/2050&confirm=Confirm,106449047215551,106471615880691
[POST]http://econome-20.nantes.grid5000.fr:30080/tools.descartes.teastore.webui/cartAction?firstname=User&lastname=User&address1=Road&address2=City&cardtype=volvo&cardnumber=314159265359&expirydate=12/2050&confirm=Confirm,106446644170212,106471640276267
[POST]http://econome-20.nantes.grid5000.fr:30080/tools.descartes.teastore.webui/cartAction?firstname=User&lastname=User&address1=Road&address2=City&cardtype=volvo&cardnumber=314159265359&expirydate=12/2050&confirm=Confirm,106446644200439,106471642467268
[POST]http://econome-20.nantes.grid5000.fr:30080/tools.descartes.teastore.webui/cartAction?firstname=User&lastname=User&address1=Road&address2=City&cardtype=volvo&cardnumber=314159265359&expirydate=12/2050&confirm=Confirm,106448750447396,106471642570383
[POST]http://econome-20.nantes.grid5000.fr:30080/tools.descartes.teastore.webui/cartAction?firstname=User&lastname=User&address1=Road&address2=City&cardtype=volvo&cardnumber=314159265359&expirydate=12/2050&confirm=Confirm,106448944373715,106471642714417
[POST]http://econome-20.nantes.grid5000.fr:30080/tools.descartes.teastore.webui/cartAction?firstname=User&lastname=User&address1=Road&address2=City&cardtype=volvo&cardnumber=314159265359&expirydate=12/2050&confirm=Confirm,106448143328235,106471644186471
[POST]http://econome-20.nantes.grid5000.fr:30080/tools.descartes.teastore.webui/cartAction?firstname=User&lastname=User&address1=Road&address2=City&cardtype=volvo&cardnumber=314159265359&expirydate=12/2050&confirm=Confirm,106449169992653,106471644306067
[POST]http://econome-20.nantes.grid5000.fr:30080/tools.descartes.teastore.webui/cartAction?firstname=User&lastname=User&address1=Road&address2=City&cardtype=volvo&cardnumber=314159265359&expirydate=12/2050&confirm=Confirm,106449367781368,106471644330562
[POST]http://econome-20.nantes.grid5000.fr:30080/tools.descartes.teastore.webui/cartAction?firstname=User&lastname=User&address1=Road&address2=City&cardtype=volvo&cardnumber=314159265359&expirydate=12/2050&confirm=Confirm,106450041926404,106471716285539
[POST]http://econome-20.nantes.grid5000.fr:30080/tools.descartes.teastore.webui/cartAction?firstname=User&lastname=User&address1=Road&address2=City&cardtype=volvo&cardnumber=314159265359&expirydate=12/2050&confirm=Confirm,106449570148745,106471740593676
[POST]http://econome-20.nantes.grid5000.fr:30080/tools.descartes.teastore.webui/cartAction?firstname=User&lastname=User&address1=Road&address2=City&cardtype=volvo&cardnumber=314159265359&expirydate=12/2050&confirm=Confirm,106448574567724,106471742334324
[POST]http://econome-20.nantes.grid5000.fr:30080/tools.descartes.teastore.webui/cartAction?firstname=User&lastname=User&address1=Road&address2=City&cardtype=volvo&cardnumber=314159265359&expirydate=12/2050&confirm=Confirm,106448170161183,106471742426662
[POST]http://econome-20.nantes.grid5000.fr:30080/tools.descartes.teastore.webui/cartAction?firstname=User&lastname=User&address1=Road&address2=City&cardtype=volvo&cardnumber=314159265359&expirydate=12/2050&confirm=Confirm,106450146729612,106471745399800
[POST]http://econome-20.nantes.grid5000.fr:30080/tools.descartes.teastore.webui/cartAction?firstname=User&lastname=User&address1=Road&address2=City&cardtype=volvo&cardnumber=314159265359&expirydate=12/2050&confirm=Confirm,106448898504155,106471746521981
[POST]http://econome-20.nantes.grid5000.fr:30080/tools.descartes.teastore.webui/cartAction?firstname=User&lastname=User&address1=Road&address2=City&cardtype=volvo&cardnumber=314159265359&expirydate=12/2050&confirm=Confirm,106448670902791,106471748266920
http://econome-20.nantes.grid5000.fr:30080/tools.descartes.teastore.webui/order,106461770056676,106471748513560
[POST]http://econome-20.nantes.grid5000.fr:30080/tools.descartes.teastore.webui/cartAction?firstname=User&lastname=User&address1=Road&address2=City&cardtype=volvo&cardnumber=314159265359&expirydate=12/2050&confirm=Confirm,106451416061557,106471818253637
[POST]http://econome-20.nantes.grid5000.fr:30080/tools.descartes.teastore.webui/cartAction?firstname=User&lastname=User&address1=Road&address2=City&cardtype=volvo&cardnumber=314159265359&expirydate=12/2050&confirm=Confirm,106451418613807,106471818414499
[POST]http://econome-20.nantes.grid5000.fr:30080/tools.descartes.teastore.webui/cartAction?firstname=User&lastname=User&address1=Road&address2=City&cardtype=volvo&cardnumber=314159265359&expirydate=12/2050&confirm=Confirm,106450951969466,106471846079002
[POST]http://econome-20.nantes.grid5000.fr:30080/tools.descartes.teastore.webui/cartAction?firstname=User&lastname=User&address1=Road&address2=City&cardtype=volvo&cardnumber=314159265359&expirydate=12/2050&confirm=Confirm,106451365437112,106471914913212
[POST]http://econome-20.nantes.grid5000.fr:30080/tools.descartes.teastore.webui/cartAction?firstname=User&lastname=User&address1=Road&address2=City&cardtype=volvo&cardnumber=314159265359&expirydate=12/2050&confirm=Confirm,106450050584872,106471917904060
[POST]http://econome-20.nantes.grid5000.fr:30080/tools.descartes.teastore.webui/cartAction?firstname=User&lastname=User&address1=Road&address2=City&cardtype=volvo&cardnumber=314159265359&expirydate=12/2050&confirm=Confirm,106449271766365,106471945048563
[POST]http://econome-20.nantes.grid5000.fr:30080/tools.descartes.teastore.webui/cartAction?firstname=User&lastname=User&address1=Road&address2=City&cardtype=volvo&cardnumber=314159265359&expirydate=12/2050&confirm=Confirm,106451445780485,106471945128668
[POST]http://econome-20.nantes.grid5000.fr:30080/tools.descartes.teastore.webui/cartAction?firstname=User&lastname=User&address1=Road&address2=City&cardtype=volvo&cardnumber=314159265359&expirydate=12/2050&confirm=Confirm,106450643612748,106471945160814
[POST]http://econome-20.nantes.grid5000.fr:30080/tools.descartes.teastore.webui/cartAction?firstname=User&lastname=User&address1=Road&address2=City&cardtype=volvo&cardnumber=314159265359&expirydate=12/2050&confirm=Confirm,106450342711210,106472016443400
[POST]http://econome-20.nantes.grid5000.fr:30080/tools.descartes.teastore.webui/cartAction?firstname=User&lastname=User&address1=Road&address2=City&cardtype=volvo&cardnumber=314159265359&expirydate=12/2050&confirm=Confirm,106450566543450,106472016545768
[POST]http://econome-20.nantes.grid5000.fr:30080/tools.descartes.teastore.webui/cartAction?firstname=User&lastname=User&address1=Road&address2=City&cardtype=volvo&cardnumber=314159265359&expirydate=12/2050&confirm=Confirm,106449572699728,106472044451991
[POST]http://econome-20.nantes.grid5000.fr:30080/tools.descartes.teastore.webui/cartAction?firstname=User&lastname=User&address1=Road&address2=City&cardtype=volvo&cardnumber=314159265359&expirydate=12/2050&confirm=Confirm,106450072411921,106472045918443
[POST]http://econome-20.nantes.grid5000.fr:30080/tools.descartes.teastore.webui/cartAction?firstname=User&lastname=User&address1=Road&address2=City&cardtype=volvo&cardnumber=314159265359&expirydate=12/2050&confirm=Confirm,106450072375604,106472045968318
[POST]http://econome-20.nantes.grid5000.fr:30080/tools.descartes.teastore.webui/cartAction?firstname=User&lastname=User&address1=Road&address2=City&cardtype=volvo&cardnumber=314159265359&expirydate=12/2050&confirm=Confirm,106450977928226,106472046300499
[POST]http://econome-20.nantes.grid5000.fr:30080/tools.descartes.teastore.webui/cartAction?firstname=User&lastname=User&address1=Road&address2=City&cardtype=volvo&cardnumber=314159265359&expirydate=12/2050&confirm=Confirm,106450818718556,106472116786523
[POST]http://econome-20.nantes.grid5000.fr:30080/tools.descartes.teastore.webui/cartAction?firstname=User&lastname=User&address1=Road&address2=City&cardtype=volvo&cardnumber=314159265359&expirydate=12/2050&confirm=Confirm,106449645252312,106472118173464
[POST]http://econome-20.nantes.grid5000.fr:30080/tools.descartes.teastore.webui/cartAction?firstname=User&lastname=User&address1=Road&address2=City&cardtype=volvo&cardnumber=314159265359&expirydate=12/2050&confirm=Confirm,106449744411655,106472143509251
[POST]http://econome-20.nantes.grid5000.fr:30080/tools.descartes.teastore.webui/cartAction?firstname=User&lastname=User&address1=Road&address2=City&cardtype=volvo&cardnumber=314159265359&expirydate=12/2050&confirm=Confirm,106446574645903,106472146127214
[POST]http://econome-20.nantes.grid5000.fr:30080/tools.descartes.teastore.webui/cartAction?firstname=User&lastname=User&address1=Road&address2=City&cardtype=volvo&cardnumber=314159265359&expirydate=12/2050&confirm=Confirm,106446544929122,106472146263358
[POST]http://econome-20.nantes.grid5000.fr:30080/tools.descartes.teastore.webui/cartAction?firstname=User&lastname=User&address1=Road&address2=City&cardtype=volvo&cardnumber=314159265359&expirydate=12/2050&confirm=Confirm,106448117974829,106472215795280
[POST]http://econome-20.nantes.grid5000.fr:30080/tools.descartes.teastore.webui/cartAction?firstname=User&lastname=User&address1=Road&address2=City&cardtype=volvo&cardnumber=314159265359&expirydate=12/2050&confirm=Confirm,106447888572926,106472216587081
[POST]http://econome-20.nantes.grid5000.fr:30080/tools.descartes.teastore.webui/cartAction?firstname=User&lastname=User&address1=Road&address2=City&cardtype=volvo&cardnumber=314159265359&expirydate=12/2050&confirm=Confirm,106446744842753,106472243114909
[POST]http://econome-20.nantes.grid5000.fr:30080/tools.descartes.teastore.webui/cartAction?firstname=User&lastname=User&address1=Road&address2=City&cardtype=volvo&cardnumber=314159265359&expirydate=12/2050&confirm=Confirm,106449571472212,106472342771141
[POST]http://econome-20.nantes.grid5000.fr:30080/tools.descartes.teastore.webui/cartAction?firstname=User&lastname=User&address1=Road&address2=City&cardtype=volvo&cardnumber=314159265359&expirydate=12/2050&confirm=Confirm,106450000098484,106472344643791
[POST]http://econome-20.nantes.grid5000.fr:30080/tools.descartes.teastore.webui/cartAction?firstname=User&lastname=User&address1=Road&address2=City&cardtype=volvo&cardnumber=314159265359&expirydate=12/2050&confirm=Confirm,106449147471824,106472440561859
[POST]http://econome-20.nantes.grid5000.fr:30080/tools.descartes.teastore.webui/cartAction?firstname=User&lastname=User&address1=Road&address2=City&cardtype=volvo&cardnumber=314159265359&expirydate=12/2050&confirm=Confirm,106450593774148,106472442676843
[POST]http://econome-20.nantes.grid5000.fr:30080/tools.descartes.teastore.webui/cartAction?firstname=User&lastname=User&address1=Road&address2=City&cardtype=volvo&cardnumber=314159265359&expirydate=12/2050&confirm=Confirm,106449916303730,106472446472040
[POST]http://econome-20.nantes.grid5000.fr:30080/tools.descartes.teastore.webui/cartAction?firstname=User&lastname=User&address1=Road&address2=City&cardtype=volvo&cardnumber=314159265359&expirydate=12/2050&confirm=Confirm,106448944304706,106472446532386
[POST]http://econome-20.nantes.grid5000.fr:30080/tools.descartes.teastore.webui/cartAction?firstname=User&lastname=User&address1=Road&address2=City&cardtype=volvo&cardnumber=314159265359&expirydate=12/2050&confirm=Confirm,106450564894429,106472446562841
[POST]http://econome-20.nantes.grid5000.fr:30080/tools.descartes.teastore.webui/cartAction?firstname=User&lastname=User&address1=Road&address2=City&cardtype=volvo&cardnumber=314159265359&expirydate=12/2050&confirm=Confirm,106449245154779,106472446575794
[POST]http://econome-20.nantes.grid5000.fr:30080/tools.descartes.teastore.webui/cartAction?firstname=User&lastname=User&address1=Road&address2=City&cardtype=volvo&cardnumber=314159265359&expirydate=12/2050&confirm=Confirm,106446545061956,106472516967388
[POST]http://econome-20.nantes.grid5000.fr:30080/tools.descartes.teastore.webui/cartAction?firstname=User&lastname=User&address1=Road&address2=City&cardtype=volvo&cardnumber=314159265359&expirydate=12/2050&confirm=Confirm,106447771238305,106472546381991
[POST]http://econome-20.nantes.grid5000.fr:30080/tools.descartes.teastore.webui/cartAction?firstname=User&lastname=User&address1=Road&address2=City&cardtype=volvo&cardnumber=314159265359&expirydate=12/2050&confirm=Confirm,106451333640330,106472546402860
[POST]http://econome-20.nantes.grid5000.fr:30080/tools.descartes.teastore.webui/cartAction?firstname=User&lastname=User&address1=Road&address2=City&cardtype=volvo&cardnumber=314159265359&expirydate=12/2050&confirm=Confirm,106445873477813,106472546466813
[POST]http://econome-20.nantes.grid5000.fr:30080/tools.descartes.teastore.webui/cartAction?firstname=User&lastname=User&address1=Road&address2=City&cardtype=volvo&cardnumber=314159265359&expirydate=12/2050&confirm=Confirm,106446543111414,106472617576926
[POST]http://econome-20.nantes.grid5000.fr:30080/tools.descartes.teastore.webui/cartAction?firstname=User&lastname=User&address1=Road&address2=City&cardtype=volvo&cardnumber=314159265359&expirydate=12/2050&confirm=Confirm,106449042720644,106472645559892
[POST]http://econome-20.nantes.grid5000.fr:30080/tools.descartes.teastore.webui/cartAction?firstname=User&lastname=User&address1=Road&address2=City&cardtype=volvo&cardnumber=314159265359&expirydate=12/2050&confirm=Confirm,106451445821865,106472718146479
[POST]http://econome-20.nantes.grid5000.fr:30080/tools.descartes.teastore.webui/cartAction?firstname=User&lastname=User&address1=Road&address2=City&cardtype=volvo&cardnumber=314159265359&expirydate=12/2050&confirm=Confirm,106449645460896,106472918485176
[POST]http://econome-20.nantes.grid5000.fr:30080/tools.descartes.teastore.webui/cartAction?firstname=User&lastname=User&address1=Road&address2=City&cardtype=volvo&cardnumber=314159265359&expirydate=12/2050&confirm=Confirm,106448074393979,106472943051578
[POST]http://econome-20.nantes.grid5000.fr:30080/tools.descartes.teastore.webui/cartAction?firstname=User&lastname=User&address1=Road&address2=City&cardtype=volvo&cardnumber=314159265359&expirydate=12/2050&confirm=Confirm,106446445334271,106472945853096
[POST]http://econome-20.nantes.grid5000.fr:30080/tools.descartes.teastore.webui/cartAction?firstname=User&lastname=User&address1=Road&address2=City&cardtype=volvo&cardnumber=314159265359&expirydate=12/2050&confirm=Confirm,106449877505019,106472945879600
[POST]http://econome-20.nantes.grid5000.fr:30080/tools.descartes.teastore.webui/cartAction?firstname=User&lastname=User&address1=Road&address2=City&cardtype=volvo&cardnumber=314159265359&expirydate=12/2050&confirm=Confirm,106448506522489,106472946060239
[POST]http://econome-20.nantes.grid5000.fr:30080/tools.descartes.teastore.webui/cartAction?firstname=User&lastname=User&address1=Road&address2=City&cardtype=volvo&cardnumber=314159265359&expirydate=12/2050&confirm=Confirm,106446801994940,106472946312283
[POST]http://econome-20.nantes.grid5000.fr:30080/tools.descartes.teastore.webui/cartAction?firstname=User&lastname=User&address1=Road&address2=City&cardtype=volvo&cardnumber=314159265359&expirydate=12/2050&confirm=Confirm,106449644657493,106472946384348
[POST]http://econome-20.nantes.grid5000.fr:30080/tools.descartes.teastore.webui/cartAction?firstname=User&lastname=User&address1=Road&address2=City&cardtype=volvo&cardnumber=314159265359&expirydate=12/2050&confirm=Confirm,106445872744165,106472946520519
[POST]http://econome-20.nantes.grid5000.fr:30080/tools.descartes.teastore.webui/cartAction?firstname=User&lastname=User&address1=Road&address2=City&cardtype=volvo&cardnumber=314159265359&expirydate=12/2050&confirm=Confirm,106446718088122,106473014514072
[POST]http://econome-20.nantes.grid5000.fr:30080/tools.descartes.teastore.webui/cartAction?firstname=User&lastname=User&address1=Road&address2=City&cardtype=volvo&cardnumber=314159265359&expirydate=12/2050&confirm=Confirm,106445946262997,106473016879403
[POST]http://econome-20.nantes.grid5000.fr:30080/tools.descartes.teastore.webui/cartAction?firstname=User&lastname=User&address1=Road&address2=City&cardtype=volvo&cardnumber=314159265359&expirydate=12/2050&confirm=Confirm,106447300027722,106473043180104
[POST]http://econome-20.nantes.grid5000.fr:30080/tools.descartes.teastore.webui/cartAction?firstname=User&lastname=User&address1=Road&address2=City&cardtype=volvo&cardnumber=314159265359&expirydate=12/2050&confirm=Confirm,106446269837469,106473043430855
[POST]http://econome-20.nantes.grid5000.fr:30080/tools.descartes.teastore.webui/cartAction?firstname=User&lastname=User&address1=Road&address2=City&cardtype=volvo&cardnumber=314159265359&expirydate=12/2050&confirm=Confirm,106448847739606,106473116722298
[POST]http://econome-20.nantes.grid5000.fr:30080/tools.descartes.teastore.webui/cartAction?firstname=User&lastname=User&address1=Road&address2=City&cardtype=volvo&cardnumber=314159265359&expirydate=12/2050&confirm=Confirm,106446446669335,106473144777660
[POST]http://econome-20.nantes.grid5000.fr:30080/tools.descartes.teastore.webui/cartAction?firstname=User&lastname=User&address1=Road&address2=City&cardtype=volvo&cardnumber=314159265359&expirydate=12/2050&confirm=Confirm,106448945589212,106473144880518
[POST]http://econome-20.nantes.grid5000.fr:30080/tools.descartes.teastore.webui/cartAction?firstname=User&lastname=User&address1=Road&address2=City&cardtype=volvo&cardnumber=314159265359&expirydate=12/2050&confirm=Confirm,106446301426548,106473145192537
[POST]http://econome-20.nantes.grid5000.fr:30080/tools.descartes.teastore.webui/cartAction?firstname=User&lastname=User&address1=Road&address2=City&cardtype=volvo&cardnumber=314159265359&expirydate=12/2050&confirm=Confirm,106450923228676,106473218052583
[POST]http://econome-20.nantes.grid5000.fr:30080/tools.descartes.teastore.webui/cartAction?firstname=User&lastname=User&address1=Road&address2=City&cardtype=volvo&cardnumber=314159265359&expirydate=12/2050&confirm=Confirm,106448340427026,106473241983244
[POST]http://econome-20.nantes.grid5000.fr:30080/tools.descartes.teastore.webui/cartAction?firstname=User&lastname=User&address1=Road&address2=City&cardtype=volvo&cardnumber=314159265359&expirydate=12/2050&confirm=Confirm,106446472501578,106473242209364
[POST]http://econome-20.nantes.grid5000.fr:30080/tools.descartes.teastore.webui/cartAction?firstname=User&lastname=User&address1=Road&address2=City&cardtype=volvo&cardnumber=314159265359&expirydate=12/2050&confirm=Confirm,106447475633755,106473244373443
[POST]http://econome-20.nantes.grid5000.fr:30080/tools.descartes.teastore.webui/cartAction?firstname=User&lastname=User&address1=Road&address2=City&cardtype=volvo&cardnumber=314159265359&expirydate=12/2050&confirm=Confirm,106446369904290,106473244515842
[POST]http://econome-20.nantes.grid5000.fr:30080/tools.descartes.teastore.webui/cartAction?firstname=User&lastname=User&address1=Road&address2=City&cardtype=volvo&cardnumber=314159265359&expirydate=12/2050&confirm=Confirm,106447171290074,106473244780961
[POST]http://econome-20.nantes.grid5000.fr:30080/tools.descartes.teastore.webui/cartAction?firstname=User&lastname=User&address1=Road&address2=City&cardtype=volvo&cardnumber=314159265359&expirydate=12/2050&confirm=Confirm,106451392221485,106473246170848
[POST]http://econome-20.nantes.grid5000.fr:30080/tools.descartes.teastore.webui/cartAction?firstname=User&lastname=User&address1=Road&address2=City&cardtype=volvo&cardnumber=314159265359&expirydate=12/2050&confirm=Confirm,106450869922889,106473246351118
[POST]http://econome-20.nantes.grid5000.fr:30080/tools.descartes.teastore.webui/cartAction?firstname=User&lastname=User&address1=Road&address2=City&cardtype=volvo&cardnumber=314159265359&expirydate=12/2050&confirm=Confirm,106448573628137,106473246386534
[POST]http://econome-20.nantes.grid5000.fr:30080/tools.descartes.teastore.webui/cartAction?firstname=User&lastname=User&address1=Road&address2=City&cardtype=volvo&cardnumber=314159265359&expirydate=12/2050&confirm=Confirm,106451445836048,106473315506968
[POST]http://econome-20.nantes.grid5000.fr:30080/tools.descartes.teastore.webui/cartAction?firstname=User&lastname=User&address1=Road&address2=City&cardtype=volvo&cardnumber=314159265359&expirydate=12/2050&confirm=Confirm,106445948930883,106473316539231
[POST]http://econome-20.nantes.grid5000.fr:30080/tools.descartes.teastore.webui/cartAction?firstname=User&lastname=User&address1=Road&address2=City&cardtype=volvo&cardnumber=314159265359&expirydate=12/2050&confirm=Confirm,106451848473005,106473341374612
[POST]http://econome-20.nantes.grid5000.fr:30080/tools.descartes.teastore.webui/cartAction?firstname=User&lastname=User&address1=Road&address2=City&cardtype=volvo&cardnumber=314159265359&expirydate=12/2050&confirm=Confirm,106449971807530,106473342853183
[POST]http://econome-20.nantes.grid5000.fr:30080/tools.descartes.teastore.webui/cartAction?firstname=User&lastname=User&address1=Road&address2=City&cardtype=volvo&cardnumber=314159265359&expirydate=12/2050&confirm=Confirm,106448044668408,106473342912680
[POST]http://econome-20.nantes.grid5000.fr:30080/tools.descartes.teastore.webui/cartAction?firstname=User&lastname=User&address1=Road&address2=City&cardtype=volvo&cardnumber=314159265359&expirydate=12/2050&confirm=Confirm,106446500024983,106473344985277
[POST]http://econome-20.nantes.grid5000.fr:30080/tools.descartes.teastore.webui/cartAction?firstname=User&lastname=User&address1=Road&address2=City&cardtype=volvo&cardnumber=314159265359&expirydate=12/2050&confirm=Confirm,106449070049975,106473345060182
[POST]http://econome-20.nantes.grid5000.fr:30080/tools.descartes.teastore.webui/cartAction?firstname=User&lastname=User&address1=Road&address2=City&cardtype=volvo&cardnumber=314159265359&expirydate=12/2050&confirm=Confirm,106451616283509,106473345296705
[POST]http://econome-20.nantes.grid5000.fr:30080/tools.descartes.teastore.webui/cartAction?firstname=User&lastname=User&address1=Road&address2=City&cardtype=volvo&cardnumber=314159265359&expirydate=12/2050&confirm=Confirm,106447443610326,106473345375346
[POST]http://econome-20.nantes.grid5000.fr:30080/tools.descartes.teastore.webui/cartAction?firstname=User&lastname=User&address1=Road&address2=City&cardtype=volvo&cardnumber=314159265359&expirydate=12/2050&confirm=Confirm,106452387030223,106473345466728
[POST]http://econome-20.nantes.grid5000.fr:30080/tools.descartes.teastore.webui/cartAction?firstname=User&lastname=User&address1=Road&address2=City&cardtype=volvo&cardnumber=314159265359&expirydate=12/2050&confirm=Confirm,106451143077739,106473417909998
[POST]http://econome-20.nantes.grid5000.fr:30080/tools.descartes.teastore.webui/cartAction?firstname=User&lastname=User&address1=Road&address2=City&cardtype=volvo&cardnumber=314159265359&expirydate=12/2050&confirm=Confirm,106448143489728,106473418146168
[POST]http://econome-20.nantes.grid5000.fr:30080/tools.descartes.teastore.webui/cartAction?firstname=User&lastname=User&address1=Road&address2=City&cardtype=volvo&cardnumber=314159265359&expirydate=12/2050&confirm=Confirm,106450244822668,106473418224023
[POST]http://econome-20.nantes.grid5000.fr:30080/tools.descartes.teastore.webui/cartAction?firstname=User&lastname=User&address1=Road&address2=City&cardtype=volvo&cardnumber=314159265359&expirydate=12/2050&confirm=Confirm,106449241413564,106473418384428
[POST]http://econome-20.nantes.grid5000.fr:30080/tools.descartes.teastore.webui/cartAction?firstname=User&lastname=User&address1=Road&address2=City&cardtype=volvo&cardnumber=314159265359&expirydate=12/2050&confirm=Confirm,106448506531395,106473441983392
[POST]http://econome-20.nantes.grid5000.fr:30080/tools.descartes.teastore.webui/cartAction?firstname=User&lastname=User&address1=Road&address2=City&cardtype=volvo&cardnumber=314159265359&expirydate=12/2050&confirm=Confirm,106449463728590,106473446114794
http://econome-20.nantes.grid5000.fr:30080/tools.descartes.teastore.webui/order,106461769754277,106473500267683
[POST]http://econome-20.nantes.grid5000.fr:30080/tools.descartes.teastore.webui/cartAction?firstname=User&lastname=User&address1=Road&address2=City&cardtype=volvo&cardnumber=314159265359&expirydate=12/2050&confirm=Confirm,106449849136248,106473515455132
[POST]http://econome-20.nantes.grid5000.fr:30080/tools.descartes.teastore.webui/cartAction?firstname=User&lastname=User&address1=Road&address2=City&cardtype=volvo&cardnumber=314159265359&expirydate=12/2050&confirm=Confirm,106450143430434,106473517445047
[POST]http://econome-20.nantes.grid5000.fr:30080/tools.descartes.teastore.webui/cartAction?firstname=User&lastname=User&address1=Road&address2=City&cardtype=volvo&cardnumber=314159265359&expirydate=12/2050&confirm=Confirm,106452149439688,106473544541847
[POST]http://econome-20.nantes.grid5000.fr:30080/tools.descartes.teastore.webui/cartAction?firstname=User&lastname=User&address1=Road&address2=City&cardtype=volvo&cardnumber=314159265359&expirydate=12/2050&confirm=Confirm,106447947269520,106473544634672
[POST]http://econome-20.nantes.grid5000.fr:30080/tools.descartes.teastore.webui/cartAction?firstname=User&lastname=User&address1=Road&address2=City&cardtype=volvo&cardnumber=314159265359&expirydate=12/2050&confirm=Confirm,106450072331878,106473547941447
[POST]http://econome-20.nantes.grid5000.fr:30080/tools.descartes.teastore.webui/cartAction?firstname=User&lastname=User&address1=Road&address2=City&cardtype=volvo&cardnumber=314159265359&expirydate=12/2050&confirm=Confirm,106449849427318,106473548243120
[POST]http://econome-20.nantes.grid5000.fr:30080/tools.descartes.teastore.webui/cartAction?firstname=User&lastname=User&address1=Road&address2=City&cardtype=volvo&cardnumber=314159265359&expirydate=12/2050&confirm=Confirm,106449744701582,106473548272385
[POST]http://econome-20.nantes.grid5000.fr:30080/tools.descartes.teastore.webui/cartAction?firstname=User&lastname=User&address1=Road&address2=City&cardtype=volvo&cardnumber=314159265359&expirydate=12/2050&confirm=Confirm,106448644290476,106473620416959
[POST]http://econome-20.nantes.grid5000.fr:30080/tools.descartes.teastore.webui/cartAction?firstname=User&lastname=User&address1=Road&address2=City&cardtype=volvo&cardnumber=314159265359&expirydate=12/2050&confirm=Confirm,106445948848347,106473642781631
[POST]http://econome-20.nantes.grid5000.fr:30080/tools.descartes.teastore.webui/cartAction?firstname=User&lastname=User&address1=Road&address2=City&cardtype=volvo&cardnumber=314159265359&expirydate=12/2050&confirm=Confirm,106449941638488,106473647526999
[POST]http://econome-20.nantes.grid5000.fr:30080/tools.descartes.teastore.webui/cartAction?firstname=User&lastname=User&address1=Road&address2=City&cardtype=volvo&cardnumber=314159265359&expirydate=12/2050&confirm=Confirm,106450145394742,106473647718686
[POST]http://econome-20.nantes.grid5000.fr:30080/tools.descartes.teastore.webui/cartAction?firstname=User&lastname=User&address1=Road&address2=City&cardtype=volvo&cardnumber=314159265359&expirydate=12/2050&confirm=Confirm,106449849036820,106473647720471
[POST]http://econome-20.nantes.grid5000.fr:30080/tools.descartes.teastore.webui/cartAction?firstname=User&lastname=User&address1=Road&address2=City&cardtype=volvo&cardnumber=314159265359&expirydate=12/2050&confirm=Confirm,106449174135684,106473647763941
[POST]http://econome-20.nantes.grid5000.fr:30080/tools.descartes.teastore.webui/cartAction?firstname=User&lastname=User&address1=Road&address2=City&cardtype=volvo&cardnumber=314159265359&expirydate=12/2050&confirm=Confirm,106471443070543,106473916524178
[POST]http://econome-20.nantes.grid5000.fr:30080/tools.descartes.teastore.webui/cartAction?firstname=User&lastname=User&address1=Road&address2=City&cardtype=volvo&cardnumber=314159265359&expirydate=12/2050&confirm=Confirm,106447247420809,106474015422973
[POST]http://econome-20.nantes.grid5000.fr:30080/tools.descartes.teastore.webui/cartAction?firstname=User&lastname=User&address1=Road&address2=City&cardtype=volvo&cardnumber=314159265359&expirydate=12/2050&confirm=Confirm,106450564459457,106474218279098
[POST]http://econome-20.nantes.grid5000.fr:30080/tools.descartes.teastore.webui/cartAction?firstname=User&lastname=User&address1=Road&address2=City&cardtype=volvo&cardnumber=314159265359&expirydate=12/2050&confirm=Confirm,106449944048251,106474318217843
[POST]http://econome-20.nantes.grid5000.fr:30080/tools.descartes.teastore.webui/cartAction?firstname=User&lastname=User&address1=Road&address2=City&cardtype=volvo&cardnumber=314159265359&expirydate=12/2050&confirm=Confirm,106448249875267,106474345640692
[POST]http://econome-20.nantes.grid5000.fr:30080/tools.descartes.teastore.webui/cartAction?firstname=User&lastname=User&address1=Road&address2=City&cardtype=volvo&cardnumber=314159265359&expirydate=12/2050&confirm=Confirm,106446614536172,106474345919967
[POST]http://econome-20.nantes.grid5000.fr:30080/tools.descartes.teastore.webui/cartAction?firstname=User&lastname=User&address1=Road&address2=City&cardtype=volvo&cardnumber=314159265359&expirydate=12/2050&confirm=Confirm,106450847209619,106474446617818
[POST]http://econome-20.nantes.grid5000.fr:30080/tools.descartes.teastore.webui/cartAction?firstname=User&lastname=User&address1=Road&address2=City&cardtype=volvo&cardnumber=314159265359&expirydate=12/2050&confirm=Confirm,106445948669815,106474847853860
[POST]http://econome-20.nantes.grid5000.fr:30080/tools.descartes.teastore.webui/cartAction?firstname=User&lastname=User&address1=Road&address2=City&cardtype=volvo&cardnumber=314159265359&expirydate=12/2050&confirm=Confirm,106450072390518,106474848188734
http://econome-20.nantes.grid5000.fr:30080/tools.descartes.teastore.webui/profile,106473246481319,106486749392867
http://econome-20.nantes.grid5000.fr:30080/tools.descartes.teastore.webui/profile,106472945948031,106486749621048
http://econome-20.nantes.grid5000.fr:30080/tools.descartes.teastore.webui/profile,106473144854181,106486749657037
http://econome-20.nantes.grid5000.fr:30080/tools.descartes.teastore.webui/profile,106472945936924,106486813629124
http://econome-20.nantes.grid5000.fr:30080/tools.descartes.teastore.webui/profile,106471046590740,106486843547758
http://econome-20.nantes.grid5000.fr:30080/tools.descartes.teastore.webui/profile,106472446563312,106486843628860
http://econome-20.nantes.grid5000.fr:30080/tools.descartes.teastore.webui/profile,106469519985236,106486843672983
http://econome-20.nantes.grid5000.fr:30080/tools.descartes.teastore.webui/profile,106472517100525,106486845773292
http://econome-20.nantes.grid5000.fr:30080/tools.descartes.teastore.webui/profile,106469347041460,106486845936380
http://econome-20.nantes.grid5000.fr:30080/tools.descartes.teastore.webui/profile,106471316857092,106486846045502
http://econome-20.nantes.grid5000.fr:30080/tools.descartes.teastore.webui/profile,106471748298398,106486846156091
http://econome-20.nantes.grid5000.fr:30080/tools.descartes.teastore.webui/profile,106472747833810,106486846188442
http://econome-20.nantes.grid5000.fr:30080/tools.descartes.teastore.webui/profile,106472918670382,106486914662375
http://econome-20.nantes.grid5000.fr:30080/tools.descartes.teastore.webui/profile,106469144372938,106486942845491
http://econome-20.nantes.grid5000.fr:30080/tools.descartes.teastore.webui/profile,106472143599188,106486946784356
http://econome-20.nantes.grid5000.fr:30080/tools.descartes.teastore.webui/profile,106471721359952,106487015180426
http://econome-20.nantes.grid5000.fr:30080/tools.descartes.teastore.webui/profile,106470044157126,106487042417679
http://econome-20.nantes.grid5000.fr:30080/tools.descartes.teastore.webui/profile,106473016945023,106487042429967
http://econome-20.nantes.grid5000.fr:30080/tools.descartes.teastore.webui/profile,106470831290870,106487146611463
http://econome-20.nantes.grid5000.fr:30080/tools.descartes.teastore.webui/profile,106470143821891,106487147959858
http://econome-20.nantes.grid5000.fr:30080/tools.descartes.teastore.webui/profile,106470944461839,106487148071462
http://econome-20.nantes.grid5000.fr:30080/tools.descartes.teastore.webui/profile,106469316998122,106487214784727
http://econome-20.nantes.grid5000.fr:30080/tools.descartes.teastore.webui/profile,106472546477800,106487240453098
http://econome-20.nantes.grid5000.fr:30080/tools.descartes.teastore.webui/profile,106470143642534,106487244393644
http://econome-20.nantes.grid5000.fr:30080/tools.descartes.teastore.webui/profile,106469082333787,106487343929333
http://econome-20.nantes.grid5000.fr:30080/tools.descartes.teastore.webui/profile,106470044227947,106487346766460
http://econome-20.nantes.grid5000.fr:30080/tools.descartes.teastore.webui/profile,106473145284955,106487346812033
http://econome-20.nantes.grid5000.fr:30080/tools.descartes.teastore.webui/profile,106471818349255,106487346854853
http://econome-20.nantes.grid5000.fr:30080/tools.descartes.teastore.webui/profile,106473219772141,106487346880518
http://econome-20.nantes.grid5000.fr:30080/tools.descartes.teastore.webui/profile,106474848257835,106487346906474
http://econome-20.nantes.grid5000.fr:30080/tools.descartes.teastore.webui/profile,106469112834154,106487348179697
http://econome-20.nantes.grid5000.fr:30080/tools.descartes.teastore.webui/profile,106471918039842,106487348226757
http://econome-20.nantes.grid5000.fr:30080/tools.descartes.teastore.webui/profile,106470919424881,106487348253347
http://econome-20.nantes.grid5000.fr:30080/tools.descartes.teastore.webui/profile,106469374689286,106487442290733
http://econome-20.nantes.grid5000.fr:30080/tools.descartes.teastore.webui/profile,106472215884826,106487514780622
http://econome-20.nantes.grid5000.fr:30080/tools.descartes.teastore.webui/profile,106471716352756,106487542549781
http://econome-20.nantes.grid5000.fr:30080/tools.descartes.teastore.webui/profile,106472046055607,106487544146372
http://econome-20.nantes.grid5000.fr:30080/tools.descartes.teastore.webui/profile,106472446665547,106487544502404
http://econome-20.nantes.grid5000.fr:30080/tools.descartes.teastore.webui/profile,106471041615998,106487544512004
http://econome-20.nantes.grid5000.fr:30080/tools.descartes.teastore.webui/profile,106469021364524,106487620527902
http://econome-20.nantes.grid5000.fr:30080/tools.descartes.teastore.webui/profile,106469414238693,106487641462013
http://econome-20.nantes.grid5000.fr:30080/tools.descartes.teastore.webui/profile,106472546521015,106487641607699
http://econome-20.nantes.grid5000.fr:30080/tools.descartes.teastore.webui/profile,106469954138341,106487643504905
http://econome-20.nantes.grid5000.fr:30080/tools.descartes.teastore.webui/profile,106472519269716,106487643677710
http://econome-20.nantes.grid5000.fr:30080/tools.descartes.teastore.webui/profile,106469051890396,106487749541527
http://econome-20.nantes.grid5000.fr:30080/tools.descartes.teastore.webui/profile,106469549934348,106487749543147
http://econome-20.nantes.grid5000.fr:30080/tools.descartes.teastore.webui/profile,106472447346246,106487841808710
http://econome-20.nantes.grid5000.fr:30080/tools.descartes.teastore.webui/profile,106472317764983,106487841864052
http://econome-20.nantes.grid5000.fr:30080/tools.descartes.teastore.webui/profile,106471746592221,106487843541837
http://econome-20.nantes.grid5000.fr:30080/tools.descartes.teastore.webui/profile,106473246232014,106487843570145
http://econome-20.nantes.grid5000.fr:30080/tools.descartes.teastore.webui/profile,106469954723582,106487845414908
http://econome-20.nantes.grid5000.fr:30080/tools.descartes.teastore.webui/profile,106471644389923,106487845547901
http://econome-20.nantes.grid5000.fr:30080/tools.descartes.teastore.webui/profile,106472946140960,106487846711707
http://econome-20.nantes.grid5000.fr:30080/tools.descartes.teastore.webui/profile,106471644361945,106487848394175
http://econome-20.nantes.grid5000.fr:30080/tools.descartes.teastore.webui/profile,106471945110427,106487943112550
http://econome-20.nantes.grid5000.fr:30080/tools.descartes.teastore.webui/profile,106471516766549,106488014614371
http://econome-20.nantes.grid5000.fr:30080/tools.descartes.teastore.webui/profile,106469119165586,106488020215378
http://econome-20.nantes.grid5000.fr:30080/tools.descartes.teastore.webui/profile,106469915337909,106488045596513
http://econome-20.nantes.grid5000.fr:30080/tools.descartes.teastore.webui/profile,106471745452121,106488045675626
http://econome-20.nantes.grid5000.fr:30080/tools.descartes.teastore.webui/profile,106470345612267,106488045795037
http://econome-20.nantes.grid5000.fr:30080/tools.descartes.teastore.webui/profile,106469719100297,106488045864294
http://econome-20.nantes.grid5000.fr:30080/tools.descartes.teastore.webui/profile,106469147878135,106488046773388
http://econome-20.nantes.grid5000.fr:30080/tools.descartes.teastore.webui/profile,106472343219154,106488046866833
http://econome-20.nantes.grid5000.fr:30080/tools.descartes.teastore.webui/profile,106473144961188,106488143424628
http://econome-20.nantes.grid5000.fr:30080/tools.descartes.teastore.webui/profile,106469954120377,106488145523095
http://econome-20.nantes.grid5000.fr:30080/tools.descartes.teastore.webui/profile,106472442768063,106488244901048
http://econome-20.nantes.grid5000.fr:30080/tools.descartes.teastore.webui/profile,106469513650080,106488316121421
http://econome-20.nantes.grid5000.fr:30080/tools.descartes.teastore.webui/profile,106469214150878,106488317163773
http://econome-20.nantes.grid5000.fr:30080/tools.descartes.teastore.webui/profile,106469550058188,106488345639784
http://econome-20.nantes.grid5000.fr:30080/tools.descartes.teastore.webui/profile,106471444983283,106488346486000
http://econome-20.nantes.grid5000.fr:30080/tools.descartes.teastore.webui/profile,106469953970340,106488346827184
http://econome-20.nantes.grid5000.fr:30080/tools.descartes.teastore.webui/profile,106472946580154,106488367918114
http://econome-20.nantes.grid5000.fr:30080/tools.descartes.teastore.webui/profile,106471642518413,106488416226421
http://econome-20.nantes.grid5000.fr:30080/tools.descartes.teastore.webui/profile,106473043264025,106488441065095
http://econome-20.nantes.grid5000.fr:30080/tools.descartes.teastore.webui/profile,106469954912840,106488541970102
http://econome-20.nantes.grid5000.fr:30080/tools.descartes.teastore.webui/profile,106469548103004,106488546581437
http://econome-20.nantes.grid5000.fr:30080/tools.descartes.teastore.webui/profile,106469051926656,106488546582262
http://econome-20.nantes.grid5000.fr:30080/tools.descartes.teastore.webui/profile,106471046627101,106488546670480
http://econome-20.nantes.grid5000.fr:30080/tools.descartes.teastore.webui/profile,106473342930265,106488645527920
http://econome-20.nantes.grid5000.fr:30080/tools.descartes.teastore.webui/profile,106469118904629,106488646610529
http://econome-20.nantes.grid5000.fr:30080/tools.descartes.teastore.webui/profile,106471742425237,106488648063500
http://econome-20.nantes.grid5000.fr:30080/tools.descartes.teastore.webui/profile,106469845937847,106488648223570
http://econome-20.nantes.grid5000.fr:30080/tools.descartes.teastore.webui/profile,106470944444510,106488714908475
http://econome-20.nantes.grid5000.fr:30080/tools.descartes.teastore.webui/profile,106471615957298,106488717300845
http://econome-20.nantes.grid5000.fr:30080/tools.descartes.teastore.webui/profile,106472919692075,106488740719716
http://econome-20.nantes.grid5000.fr:30080/tools.descartes.teastore.webui/profile,106469954453143,106488742119424
http://econome-20.nantes.grid5000.fr:30080/tools.descartes.teastore.webui/profile,106472041819833,106488744024398
http://econome-20.nantes.grid5000.fr:30080/tools.descartes.teastore.webui/profile,106471413772408,106488745353757
http://econome-20.nantes.grid5000.fr:30080/tools.descartes.teastore.webui/profile,106470045384985,106488745767273
http://econome-20.nantes.grid5000.fr:30080/tools.descartes.teastore.webui/profile,106473242287703,106488842530913
http://econome-20.nantes.grid5000.fr:30080/tools.descartes.teastore.webui/profile,106473544599178,106488847815295
http://econome-20.nantes.grid5000.fr:30080/tools.descartes.teastore.webui/profile,106471640339135,106488847994643
http://econome-20.nantes.grid5000.fr:30080/tools.descartes.teastore.webui/profile,106473442039748,106488849178561
http://econome-20.nantes.grid5000.fr:30080/tools.descartes.teastore.webui/profile,106473345539309,106488849233377
http://econome-20.nantes.grid5000.fr:30080/tools.descartes.teastore.webui/profile,106469080843547,106488849249389
http://econome-20.nantes.grid5000.fr:30080/tools.descartes.teastore.webui/profile,106469147815521,106488849324099
http://econome-20.nantes.grid5000.fr:30080/tools.descartes.teastore.webui/profile,106474218372487,106488849364196
http://econome-20.nantes.grid5000.fr:30080/tools.descartes.teastore.webui/profile,106471740653341,106488876516106
http://econome-20.nantes.grid5000.fr:30080/tools.descartes.teastore.webui/profile,106472016627813,106488941716987
http://econome-20.nantes.grid5000.fr:30080/tools.descartes.teastore.webui/profile,106469119802858,106488942920098
http://econome-20.nantes.grid5000.fr:30080/tools.descartes.teastore.webui/profile,106473244604233,106488943262819
http://econome-20.nantes.grid5000.fr:30080/tools.descartes.teastore.webui/profile,106474847948435,106488944994366
http://econome-20.nantes.grid5000.fr:30080/tools.descartes.teastore.webui/profile,106472219025640,106488945062219
http://econome-20.nantes.grid5000.fr:30080/tools.descartes.teastore.webui/profile,106473642871753,106489042022940
http://econome-20.nantes.grid5000.fr:30080/tools.descartes.teastore.webui/profile,106473345372908,106489044525098
http://econome-20.nantes.grid5000.fr:30080/tools.descartes.teastore.webui/profile,106472216675763,106489241505433
http://econome-20.nantes.grid5000.fr:30080/tools.descartes.teastore.webui/profile,106470143611596,106489241657011
http://econome-20.nantes.grid5000.fr:30080/tools.descartes.teastore.webui/profile,106475021206842,106489319544404
http://econome-20.nantes.grid5000.fr:30080/tools.descartes.teastore.webui/profile,106473647583124,106489319583624
http://econome-20.nantes.grid5000.fr:30080/tools.descartes.teastore.webui/profile,106473341459680,106489348389836
http://econome-20.nantes.grid5000.fr:30080/tools.descartes.teastore.webui/profile,106473418323604,106489441785199
http://econome-20.nantes.grid5000.fr:30080/tools.descartes.teastore.webui/profile,106470115901716,106489443758436
http://econome-20.nantes.grid5000.fr:30080/tools.descartes.teastore.webui/profile,106471017588570,106489445581178
http://econome-20.nantes.grid5000.fr:30080/tools.descartes.teastore.webui/profile,106473116818766,106489447127528
http://econome-20.nantes.grid5000.fr:30080/tools.descartes.teastore.webui/profile,106473345571411,106489472381681
http://econome-20.nantes.grid5000.fr:30080/tools.descartes.teastore.webui/profile,106469520605546,106489513373766
http://econome-20.nantes.grid5000.fr:30080/tools.descartes.teastore.webui/profile,106473342957159,106489540308906
http://econome-20.nantes.grid5000.fr:30080/tools.descartes.teastore.webui/profile,106473916599283,106489717177537
http://econome-20.nantes.grid5000.fr:30080/tools.descartes.teastore.webui/profile,106469925875738,106489745971957
http://econome-20.nantes.grid5000.fr:30080/tools.descartes.teastore.webui/profile,106469845911769,106489746204946
http://econome-20.nantes.grid5000.fr:30080/tools.descartes.teastore.webui/profile,106469333850333,106489773986903
http://econome-20.nantes.grid5000.fr:30080/tools.descartes.teastore.webui/profile,106469116669176,106489844173164
http://econome-20.nantes.grid5000.fr:30080/tools.descartes.teastore.webui/profile,106473548334600,106489844273317
http://econome-20.nantes.grid5000.fr:30080/tools.descartes.teastore.webui/profile,106471642620460,106489846865038
http://econome-20.nantes.grid5000.fr:30080/tools.descartes.teastore.webui/profile,106471644228549,106489846894404
http://econome-20.nantes.grid5000.fr:30080/tools.descartes.teastore.webui/profile,106473014603996,106490020044384
[POST]http://econome-20.nantes.grid5000.fr:30080/tools.descartes.teastore.webui/loginAction?logout=,106487346901536,106490020460138
http://econome-20.nantes.grid5000.fr:30080/tools.descartes.teastore.webui/profile,106473345086965,106490047942797
http://econome-20.nantes.grid5000.fr:30080/tools.descartes.teastore.webui/profile,106474346040078,106490048884503
[POST]http://econome-20.nantes.grid5000.fr:30080/tools.descartes.teastore.webui/loginAction?logout=,106486843791007,106490118459682
http://econome-20.nantes.grid5000.fr:30080/tools.descartes.teastore.webui/profile,106470218512570,106490118800450
[POST]http://econome-20.nantes.grid5000.fr:30080/tools.descartes.teastore.webui/loginAction?logout=,106487643786288,106490119689003
http://econome-20.nantes.grid5000.fr:30080/tools.descartes.teastore.webui/profile,106473418462432,106490141892602
[POST]http://econome-20.nantes.grid5000.fr:30080/tools.descartes.teastore.webui/loginAction?logout=,106487346788939,106490144161403
[POST]http://econome-20.nantes.grid5000.fr:30080/tools.descartes.teastore.webui/loginAction?logout=,106487544235252,106490146184996
http://econome-20.nantes.grid5000.fr:30080/tools.descartes.teastore.webui/profile,106474038232074,106490146227285
http://econome-20.nantes.grid5000.fr:30080/tools.descartes.teastore.webui/profile,106469051513060,106490146806912
http://econome-20.nantes.grid5000.fr:30080/tools.descartes.teastore.webui/profile,106469719071888,106490146865388
http://econome-20.nantes.grid5000.fr:30080/tools.descartes.teastore.webui/profile,106471914996523,106490216756165
[POST]http://econome-20.nantes.grid5000.fr:30080/tools.descartes.teastore.webui/loginAction?logout=,106486845864790,106490218570777
[POST]http://econome-20.nantes.grid5000.fr:30080/tools.descartes.teastore.webui/loginAction?logout=,106487015297706,106490219108808
http://econome-20.nantes.grid5000.fr:30080/tools.descartes.teastore.webui/profile,106469550106060,106490242833880
[POST]http://econome-20.nantes.grid5000.fr:30080/tools.descartes.teastore.webui/loginAction?logout=,106487148079083,106490244047482
[POST]http://econome-20.nantes.grid5000.fr:30080/tools.descartes.teastore.webui/loginAction?logout=,106487943214037,106490245708702
http://econome-20.nantes.grid5000.fr:30080/tools.descartes.teastore.webui/profile,106472046357863,106490245726669
http://econome-20.nantes.grid5000.fr:30080/tools.descartes.teastore.webui/profile,106471945192056,106490245735188
http://econome-20.nantes.grid5000.fr:30080/tools.descartes.teastore.webui/profile,106472045988985,106490344607878
[POST]http://econome-20.nantes.grid5000.fr:30080/tools.descartes.teastore.webui/loginAction?logout=,106486846185498,106490416861600
http://econome-20.nantes.grid5000.fr:30080/tools.descartes.teastore.webui/profile,106473418039157,106490417794206
http://econome-20.nantes.grid5000.fr:30080/tools.descartes.teastore.webui/profile,106469925919735,106490419569628
[POST]http://econome-20.nantes.grid5000.fr:30080/tools.descartes.teastore.webui/loginAction?logout=,106488045712846,106490419839024
http://econome-20.nantes.grid5000.fr:30080/tools.descartes.teastore.webui/profile,106469925881771,106490445297590
http://econome-20.nantes.grid5000.fr:30080/tools.descartes.teastore.webui/profile,106471343233591,106490445364706
http://econome-20.nantes.grid5000.fr:30080/tools.descartes.teastore.webui/profile,106471618439449,106490445489144
http://econome-20.nantes.grid5000.fr:30080/tools.descartes.teastore.webui/profile,106469147862407,106490446973661
http://econome-20.nantes.grid5000.fr:30080/tools.descartes.teastore.webui/profile,106471416590990,106490447147574
http://econome-20.nantes.grid5000.fr:30080/tools.descartes.teastore.webui/profile,106469414024672,106490447171737
http://econome-20.nantes.grid5000.fr:30080/tools.descartes.teastore.webui/profile,106472044518333,106490447323151
http://econome-20.nantes.grid5000.fr:30080/tools.descartes.teastore.webui/profile,106473043528398,106490447348969
http://econome-20.nantes.grid5000.fr:30080/tools.descartes.teastore.webui/profile,106472746736647,106490544318816
http://econome-20.nantes.grid5000.fr:30080/tools.descartes.teastore.webui/profile,106474014515601,106490544398804
[POST]http://econome-20.nantes.grid5000.fr:30080/tools.descartes.teastore.webui/loginAction?logout=,106488945096609,106490544450150
http://econome-20.nantes.grid5000.fr:30080/tools.descartes.teastore.webui/profile,106469149586218,106490545338634
http://econome-20.nantes.grid5000.fr:30080/tools.descartes.teastore.webui/profile,106474015468890,106490617266586
[POST]http://econome-20.nantes.grid5000.fr:30080/tools.descartes.teastore.webui/loginAction?logout=,106487346933321,106490643898628
[POST]http://econome-20.nantes.grid5000.fr:30080/tools.descartes.teastore.webui/loginAction?logout=,106487344016611,106490645435897
[POST]http://econome-20.nantes.grid5000.fr:30080/tools.descartes.teastore.webui/loginAction?logout=,106488014716187,106490822611526
[POST]http://econome-20.nantes.grid5000.fr:30080/tools.descartes.teastore.webui/loginAction?logout=,106488740821722,106490825819246
[POST]http://econome-20.nantes.grid5000.fr:30080/tools.descartes.teastore.webui/loginAction?logout=,106487845623035,106490845440986
[POST]http://econome-20.nantes.grid5000.fr:30080/tools.descartes.teastore.webui/loginAction?logout=,106487841886021,106490849671375
[POST]http://econome-20.nantes.grid5000.fr:30080/tools.descartes.teastore.webui/loginAction?logout=,106488745445460,106490920598705
[POST]http://econome-20.nantes.grid5000.fr:30080/tools.descartes.teastore.webui/loginAction?logout=,106486843647692,106490920743670
[POST]http://econome-20.nantes.grid5000.fr:30080/tools.descartes.teastore.webui/loginAction?logout=,106486813742997,106490951952653
[POST]http://econome-20.nantes.grid5000.fr:30080/tools.descartes.teastore.webui/loginAction?logout=,106488745881277,106490951999936
[POST]http://econome-20.nantes.grid5000.fr:30080/tools.descartes.teastore.webui/loginAction?logout=,106488546756790,106490952052172
http://econome-20.nantes.grid5000.fr:30080/tools.descartes.teastore.webui/profile,106474345728529,106490952978791
http://econome-20.nantes.grid5000.fr:30080/tools.descartes.teastore.webui/profile,106474023124311,106490953180107
[POST]http://econome-20.nantes.grid5000.fr:30080/tools.descartes.teastore.webui/loginAction?logout=,106488717379715,106491019324044
http://econome-20.nantes.grid5000.fr:30080/tools.descartes.teastore.webui/profile,106473418250758,106491044323568
[POST]http://econome-20.nantes.grid5000.fr:30080/tools.descartes.teastore.webui/loginAction?logout=,106486749706535,106491047148241
[POST]http://econome-20.nantes.grid5000.fr:30080/tools.descartes.teastore.webui/loginAction?logout=,106488876614039,106491047181594
http://econome-20.nantes.grid5000.fr:30080/tools.descartes.teastore.webui/profile,106469347119656,106491047275361
[POST]http://econome-20.nantes.grid5000.fr:30080/tools.descartes.teastore.webui/loginAction?logout=,106488542070590,106491047284409
[POST]http://econome-20.nantes.grid5000.fr:30080/tools.descartes.teastore.webui/loginAction?logout=,106488849417834,106491047302465
[POST]http://econome-20.nantes.grid5000.fr:30080/tools.descartes.teastore.webui/loginAction?logout=,106488345739456,106491047354822
[POST]http://econome-20.nantes.grid5000.fr:30080/tools.descartes.teastore.webui/cartAction?firstname=User&lastname=User&address1=Road&address2=City&cardtype=volvo&cardnumber=314159265359&expirydate=12/2050&confirm=Confirm,106471748583215,106491114025421
http://econome-20.nantes.grid5000.fr:30080/tools.descartes.teastore.webui/,106490118529961,106491119161980
[POST]http://econome-20.nantes.grid5000.fr:30080/tools.descartes.teastore.webui/loginAction?logout=,106488941835941,106491121402104
[POST]http://econome-20.nantes.grid5000.fr:30080/tools.descartes.teastore.webui/loginAction?logout=,106488143515382,106491146224957
[POST]http://econome-20.nantes.grid5000.fr:30080/tools.descartes.teastore.webui/loginAction?logout=,106488943372335,106491146226479
http://econome-20.nantes.grid5000.fr:30080/tools.descartes.teastore.webui/profile,106474016068691,106491146361563
[POST]http://econome-20.nantes.grid5000.fr:30080/tools.descartes.teastore.webui/loginAction?logout=,106487846790386,106491148777364
[POST]http://econome-20.nantes.grid5000.fr:30080/tools.descartes.teastore.webui/loginAction?logout=,106488416338942,106491217408493
[POST]http://econome-20.nantes.grid5000.fr:30080/tools.descartes.teastore.webui/loginAction?logout=,106488943026473,106491217624554
http://econome-20.nantes.grid5000.fr:30080/tools.descartes.teastore.webui/,106490020547717,106491220650577
[POST]http://econome-20.nantes.grid5000.fr:30080/tools.descartes.teastore.webui/loginAction?logout=,106487843600232,106491240668357
[POST]http://econome-20.nantes.grid5000.fr:30080/tools.descartes.teastore.webui/loginAction?logout=,106488645640905,106491240878734
[POST]http://econome-20.nantes.grid5000.fr:30080/tools.descartes.teastore.webui/loginAction?logout=,106488346908613,106491243656827
[POST]http://econome-20.nantes.grid5000.fr:30080/tools.descartes.teastore.webui/loginAction?logout=,106487544588796,106491243896218
http://econome-20.nantes.grid5000.fr:30080/tools.descartes.teastore.webui/,106490245766584,106491246058060
[POST]http://econome-20.nantes.grid5000.fr:30080/tools.descartes.teastore.webui/loginAction?logout=,106486749510408,106491246131070
[POST]http://econome-20.nantes.grid5000.fr:30080/tools.descartes.teastore.webui/loginAction?logout=,106488849229603,106491248202201
http://econome-20.nantes.grid5000.fr:30080/tools.descartes.teastore.webui/,106490119761333,106491316909740
[POST]http://econome-20.nantes.grid5000.fr:30080/tools.descartes.teastore.webui/loginAction?logout=,106486846086988,106491344057592
[POST]http://econome-20.nantes.grid5000.fr:30080/tools.descartes.teastore.webui/loginAction?logout=,106489445656101,106491420193502
[POST]http://econome-20.nantes.grid5000.fr:30080/tools.descartes.teastore.webui/loginAction?logout=,106488045958476,106491420348225
[POST]http://econome-20.nantes.grid5000.fr:30080/tools.descartes.teastore.webui/loginAction?logout=,106487841954385,106491422079751
[POST]http://econome-20.nantes.grid5000.fr:30080/tools.descartes.teastore.webui/loginAction?logout=,106489447236415,106491422152017
http://econome-20.nantes.grid5000.fr:30080/tools.descartes.teastore.webui/profile,106473517541607,106491422203329
[POST]http://econome-20.nantes.grid5000.fr:30080/tools.descartes.teastore.webui/loginAction?logout=,106488648311980,106491422569941
[POST]http://econome-20.nantes.grid5000.fr:30080/tools.descartes.teastore.webui/loginAction?logout=,106486942968158,106491445215765
http://econome-20.nantes.grid5000.fr:30080/tools.descartes.teastore.webui/,106490146297866,106491447819361
http://econome-20.nantes.grid5000.fr:30080/tools.descartes.teastore.webui/profile,106473548042238,106491448024687
[POST]http://econome-20.nantes.grid5000.fr:30080/tools.descartes.teastore.webui/loginAction?logout=,106488648166895,106491450905365
[POST]http://econome-20.nantes.grid5000.fr:30080/tools.descartes.teastore.webui/loginAction?logout=,106489319612489,106491516670356
[POST]http://econome-20.nantes.grid5000.fr:30080/tools.descartes.teastore.webui/loginAction?logout=,106489443817972,106491516721788
http://econome-20.nantes.grid5000.fr:30080/tools.descartes.teastore.webui/,106490219177943,106491517555955
http://econome-20.nantes.grid5000.fr:30080/tools.descartes.teastore.webui/,106490419876838,106491520211275
http://econome-20.nantes.grid5000.fr:30080/tools.descartes.teastore.webui/,106490218668267,106491520432941
[POST]http://econome-20.nantes.grid5000.fr:30080/tools.descartes.teastore.webui/loginAction?logout=,106486914763688,106491520618035
[POST]http://econome-20.nantes.grid5000.fr:30080/tools.descartes.teastore.webui/loginAction?logout=,106489846889154,106491524908442
http://econome-20.nantes.grid5000.fr:30080/tools.descartes.teastore.webui/,106490822670225,106491527444604
[POST]http://econome-20.nantes.grid5000.fr:30080/tools.descartes.teastore.webui/loginAction?logout=,106488842604166,106491542098837
[POST]http://econome-20.nantes.grid5000.fr:30080/tools.descartes.teastore.webui/loginAction?logout=,106487148178652,106491549624301
http://econome-20.nantes.grid5000.fr:30080/tools.descartes.teastore.webui/,106490244111934,106491549730539
[POST]http://econome-20.nantes.grid5000.fr:30080/tools.descartes.teastore.webui/loginAction?logout=,106489844319315,106491549843605
[POST]http://econome-20.nantes.grid5000.fr:30080/tools.descartes.teastore.webui/loginAction?logout=,106488849391952,106491549853241
[POST]http://econome-20.nantes.grid5000.fr:30080/tools.descartes.teastore.webui/loginAction?logout=,106488020301563,106491618708670
http://econome-20.nantes.grid5000.fr:30080/tools.descartes.teastore.webui/,106490544514394,106491618771625
http://econome-20.nantes.grid5000.fr:30080/tools.descartes.teastore.webui/,106490952119098,106491619934355
http://econome-20.nantes.grid5000.fr:30080/tools.descartes.teastore.webui/profile,106469147659728,106491641743052
[POST]http://econome-20.nantes.grid5000.fr:30080/tools.descartes.teastore.webui/loginAction?logout=,106488847858775,106491642888148
http://econome-20.nantes.grid5000.fr:30080/tools.descartes.teastore.webui/profile,106470015103365,106491647247224
[POST]http://econome-20.nantes.grid5000.fr:30080/tools.descartes.teastore.webui/loginAction?logout=,106486843724393,106491647307589
[POST]http://econome-20.nantes.grid5000.fr:30080/tools.descartes.teastore.webui/loginAction?logout=,106487442411615,106491647391965
[POST]http://econome-20.nantes.grid5000.fr:30080/tools.descartes.teastore.webui/loginAction?logout=,106487146709213,106491714620469
[POST]http://econome-20.nantes.grid5000.fr:30080/tools.descartes.teastore.webui/loginAction?logout=,106487843622418,106491721471302
http://econome-20.nantes.grid5000.fr:30080/tools.descartes.teastore.webui/,106491047277448,106491721608099
http://econome-20.nantes.grid5000.fr:30080/tools.descartes.teastore.webui/,106490825860820,106491723088533
http://econome-20.nantes.grid5000.fr:30080/tools.descartes.teastore.webui/,106490643956262,106491723414525
[POST]http://econome-20.nantes.grid5000.fr:30080/tools.descartes.teastore.webui/loginAction?logout=,106487544612407,106491750687704
[POST]http://econome-20.nantes.grid5000.fr:30080/tools.descartes.teastore.webui/loginAction?logout=,106488145606421,106491815709033
[POST]http://econome-20.nantes.grid5000.fr:30080/tools.descartes.teastore.webui/loginAction?logout=,106487749626401,106491818958081
[POST]http://econome-20.nantes.grid5000.fr:30080/tools.descartes.teastore.webui/loginAction?logout=,106489846928098,106491844319390
[POST]http://econome-20.nantes.grid5000.fr:30080/tools.descartes.teastore.webui/loginAction?logout=,106488744103714,106491844328390
http://econome-20.nantes.grid5000.fr:30080/tools.descartes.teastore.webui/,106490849750186,106491925542033
[POST]http://econome-20.nantes.grid5000.fr:30080/tools.descartes.teastore.webui/loginAction?logout=,106490216854332,106491925619165
http://econome-20.nantes.grid5000.fr:30080/tools.descartes.teastore.webui/,106491047445700,106491926072286
http://econome-20.nantes.grid5000.fr:30080/tools.descartes.teastore.webui/profile,106471945216149,106491926904939
http://econome-20.nantes.grid5000.fr:30080/tools.descartes.teastore.webui/profile,106471542029798,106491955493079
http://econome-20.nantes.grid5000.fr:30080/tools.descartes.teastore.webui/profile,106473315587663,106491955555075
http://econome-20.nantes.grid5000.fr:30080/tools.descartes.teastore.webui/profile,106470044237681,106491955563022
[POST]http://econome-20.nantes.grid5000.fr:30080/tools.descartes.teastore.webui/loginAction?logout=,106489472498572,106491955951391
http://econome-20.nantes.grid5000.fr:30080/tools.descartes.teastore.webui/profile,106471041424819,106491987352776
[POST]http://econome-20.nantes.grid5000.fr:30080/tools.descartes.teastore.webui/loginAction?logout=,106489746285895,106492013977315
http://econome-20.nantes.grid5000.fr:30080/tools.descartes.teastore.webui/profile,106472016519658,106492014078167
[POST]http://econome-20.nantes.grid5000.fr:30080/tools.descartes.teastore.webui/loginAction?logout=,106489513449370,106492016766709
[POST]http://econome-20.nantes.grid5000.fr:30080/tools.descartes.teastore.webui/loginAction?logout=,106489319662233,106492018050354
http://econome-20.nantes.grid5000.fr:30080/tools.descartes.teastore.webui/profile,106472146217754,106492044284297
http://econome-20.nantes.grid5000.fr:30080/tools.descartes.teastore.webui/,106490416905226,106492073598786
http://econome-20.nantes.grid5000.fr:30080/tools.descartes.teastore.webui/profile,106473345462077,106492095623946
http://econome-20.nantes.grid5000.fr:30080/tools.descartes.teastore.webui/profile,106469943262817,106492095733254
[POST]http://econome-20.nantes.grid5000.fr:30080/tools.descartes.teastore.webui/loginAction?logout=,106487542612532,106492106969346
[POST]http://econome-20.nantes.grid5000.fr:30080/tools.descartes.teastore.webui/loginAction?logout=,106488546671729,106492118479465
[POST]http://econome-20.nantes.grid5000.fr:30080/tools.descartes.teastore.webui/loginAction?logout=,106490142039110,106492119609553
http://econome-20.nantes.grid5000.fr:30080/tools.descartes.teastore.webui/,106491549952004,106492123690861
http://econome-20.nantes.grid5000.fr:30080/tools.descartes.teastore.webui/profile,106472342816275,106492144349485
http://econome-20.nantes.grid5000.fr:30080/tools.descartes.teastore.webui/profile,106470017819696,106492144368658
[POST]http://econome-20.nantes.grid5000.fr:30080/tools.descartes.teastore.webui/loginAction?logout=,106489348487417,106492146533314
http://econome-20.nantes.grid5000.fr:30080/tools.descartes.teastore.webui/,106491146326801,106492146606426
http://econome-20.nantes.grid5000.fr:30080/tools.descartes.teastore.webui/profile,106470948113879,106492146655176
http://econome-20.nantes.grid5000.fr:30080/tools.descartes.teastore.webui/profile,106470017622392,106492221340443
http://econome-20.nantes.grid5000.fr:30080/tools.descartes.teastore.webui/,106491047407821,106492221487862
http://econome-20.nantes.grid5000.fr:30080/tools.descartes.teastore.webui/,106491047354756,106492221741694
[POST]http://econome-20.nantes.grid5000.fr:30080/tools.descartes.teastore.webui/loginAction?logout=,106490445454995,106492221888699
[POST]http://econome-20.nantes.grid5000.fr:30080/tools.descartes.teastore.webui/loginAction?logout=,106487244495437,106492249780703
[POST]http://econome-20.nantes.grid5000.fr:30080/tools.descartes.teastore.webui/cartAction?firstname=User&lastname=User&address1=Road&address2=City&cardtype=volvo&cardnumber=314159265359&expirydate=12/2050&confirm=Confirm,106473500333840,106492250621341
http://econome-20.nantes.grid5000.fr:30080/tools.descartes.teastore.webui/,106490952058996,106492316590363
http://econome-20.nantes.grid5000.fr:30080/tools.descartes.teastore.webui/profile,106472617658576,106492316842187
http://econome-20.nantes.grid5000.fr:30080/tools.descartes.teastore.webui/profile,106469954066177,106492341768604
[POST]http://econome-20.nantes.grid5000.fr:30080/tools.descartes.teastore.webui/loginAction?logout=,106490242927413,106492343577216
http://econome-20.nantes.grid5000.fr:30080/tools.descartes.teastore.webui/profile,106469346993987,106492345786429
http://econome-20.nantes.grid5000.fr:30080/tools.descartes.teastore.webui/profile,106469548343680,106492345936241
[POST]http://econome-20.nantes.grid5000.fr:30080/tools.descartes.teastore.webui/loginAction?logout=,106488317265484,106492419492728
http://econome-20.nantes.grid5000.fr:30080/tools.descartes.teastore.webui/,106490920647596,106492423157208
http://econome-20.nantes.grid5000.fr:30080/tools.descartes.teastore.webui/,106490920815115,106492423162419
[POST]http://econome-20.nantes.grid5000.fr:30080/tools.descartes.teastore.webui/loginAction?logout=,106490146896051,106492451443882
http://econome-20.nantes.grid5000.fr:30080/tools.descartes.teastore.webui/profile,106468960354401,106492451624537
http://econome-20.nantes.grid5000.fr:30080/tools.descartes.teastore.webui/,106490645508931,106492451628453
[POST]http://econome-20.nantes.grid5000.fr:30080/tools.descartes.teastore.webui/loginAction?logout=,106489844200020,106492517849412
[POST]http://econome-20.nantes.grid5000.fr:30080/tools.descartes.teastore.webui/loginAction?logout=,106490146964337,106492518140193
[POST]http://econome-20.nantes.grid5000.fr:30080/tools.descartes.teastore.webui/loginAction?logout=,106487042524847,106492518201781
http://econome-20.nantes.grid5000.fr:30080/tools.descartes.teastore.webui/,106490845537698,106492518446494
http://econome-20.nantes.grid5000.fr:30080/tools.descartes.teastore.webui/,106491420298128,106492519115683
http://econome-20.nantes.grid5000.fr:30080/tools.descartes.teastore.webui/,106491422241440,106492519423470
[POST]http://econome-20.nantes.grid5000.fr:30080/tools.descartes.teastore.webui/loginAction?logout=,106487042537979,106492546089385
[POST]http://econome-20.nantes.grid5000.fr:30080/tools.descartes.teastore.webui/loginAction?logout=,106490344723933,106492546139979
http://econome-20.nantes.grid5000.fr:30080/tools.descartes.teastore.webui/,106491542185413,106492546320549
http://econome-20.nantes.grid5000.fr:30080/tools.descartes.teastore.webui/,106491422633568,106492615693423
http://econome-20.nantes.grid5000.fr:30080/tools.descartes.teastore.webui/,106491516761095,106492616809996
http://econome-20.nantes.grid5000.fr:30080/tools.descartes.teastore.webui/,106491217680795,106492618436986
http://econome-20.nantes.grid5000.fr:30080/tools.descartes.teastore.webui/,106491422184996,106492618449660
http://econome-20.nantes.grid5000.fr:30080/tools.descartes.teastore.webui/profile,106472318854436,106492643425206
http://econome-20.nantes.grid5000.fr:30080/tools.descartes.teastore.webui/profile,106473244852233,106492643601653
http://econome-20.nantes.grid5000.fr:30080/tools.descartes.teastore.webui/,106491148848054,106492645172840
http://econome-20.nantes.grid5000.fr:30080/tools.descartes.teastore.webui/,106491549948890,106492691599721
http://econome-20.nantes.grid5000.fr:30080/tools.descartes.teastore.webui/profile,106472118262901,106492719381298
[POST]http://econome-20.nantes.grid5000.fr:30080/tools.descartes.teastore.webui/loginAction?logout=,106487348277586,106492814458120
http://econome-20.nantes.grid5000.fr:30080/tools.descartes.teastore.webui/,106491146306058,106492817160060
http://econome-20.nantes.grid5000.fr:30080/tools.descartes.teastore.webui/profile,106471818513519,106492817399335
http://econome-20.nantes.grid5000.fr:30080/tools.descartes.teastore.webui/profile,106470142133746,106492842669543
http://econome-20.nantes.grid5000.fr:30080/tools.descartes.teastore.webui/profile,106473548362483,106492842718373
http://econome-20.nantes.grid5000.fr:30080/tools.descartes.teastore.webui/profile,106473647765714,106492842847258
http://econome-20.nantes.grid5000.fr:30080/tools.descartes.teastore.webui/profile,106469043569182,106492847577736
http://econome-20.nantes.grid5000.fr:30080/tools.descartes.teastore.webui/profile,106470042503566,106492847901494
[POST]http://econome-20.nantes.grid5000.fr:30080/tools.descartes.teastore.webui/loginAction?logout=,106490146369243,106492919339253
[POST]http://econome-20.nantes.grid5000.fr:30080/tools.descartes.teastore.webui/loginAction?logout=,106490118878569,106492919589715
http://econome-20.nantes.grid5000.fr:30080/tools.descartes.teastore.webui/,106491243755448,106492924095327
http://econome-20.nantes.grid5000.fr:30080/tools.descartes.teastore.webui/,106491217499410,106492924379379
http://econome-20.nantes.grid5000.fr:30080/tools.descartes.teastore.webui/profile,106471244363547,106492952415959
http://econome-20.nantes.grid5000.fr:30080/tools.descartes.teastore.webui/,106491243969733,106493015951444
http://econome-20.nantes.grid5000.fr:30080/tools.descartes.teastore.webui/,106491520684368,106493116652907
[POST]http://econome-20.nantes.grid5000.fr:30080/tools.descartes.teastore.webui/loginAction?logout=,106488316223219,106493118255985
[POST]http://econome-20.nantes.grid5000.fr:30080/tools.descartes.teastore.webui/loginAction?logout=,106486846253743,106493119493261
http://econome-20.nantes.grid5000.fr:30080/tools.descartes.teastore.webui/profile,106473242115032,106493147370934
http://econome-20.nantes.grid5000.fr:30080/tools.descartes.teastore.webui/profile,106471846113722,106493147436104
[POST]http://econome-20.nantes.grid5000.fr:30080/tools.descartes.teastore.webui/loginAction?logout=,106491146458010,106493212863933
[POST]http://econome-20.nantes.grid5000.fr:30080/tools.descartes.teastore.webui/loginAction?logout=,106490445403745,106493215995341
[POST]http://econome-20.nantes.grid5000.fr:30080/tools.descartes.teastore.webui/loginAction?logout=,106486946873438,106493220551074
[POST]http://econome-20.nantes.grid5000.fr:30080/tools.descartes.teastore.webui/loginAction?logout=,106487641687431,106493344376404
[POST]http://econome-20.nantes.grid5000.fr:30080/tools.descartes.teastore.webui/loginAction?logout=,106488848066360,106493344489268
http://econome-20.nantes.grid5000.fr:30080/tools.descartes.teastore.webui/profile,106473916844667,106493416894663
http://econome-20.nantes.grid5000.fr:30080/tools.descartes.teastore.webui/,106491445302555,106493417173545
[POST]http://econome-20.nantes.grid5000.fr:30080/tools.descartes.teastore.webui/loginAction?logout=,106487346888230,106493418233461
http://econome-20.nantes.grid5000.fr:30080/tools.descartes.teastore.webui/profile,106469051264891,106493445797026
[POST]http://econome-20.nantes.grid5000.fr:30080/tools.descartes.teastore.webui/loginAction?logout=,106487845464675,106493446269877
[POST]http://econome-20.nantes.grid5000.fr:30080/tools.descartes.teastore.webui/loginAction?logout=,106490953271129,106493446296830
http://econome-20.nantes.grid5000.fr:30080/tools.descartes.teastore.webui/,106491246196678,106493446353183
[POST]http://econome-20.nantes.grid5000.fr:30080/tools.descartes.teastore.webui/loginAction?logout=,106490447094436,106493448651259
[POST]http://econome-20.nantes.grid5000.fr:30080/tools.descartes.teastore.webui/loginAction?logout=,106487348198572,106493448696795
http://econome-20.nantes.grid5000.fr:30080/tools.descartes.teastore.webui/profile,106472015744394,106493618142922
http://econome-20.nantes.grid5000.fr:30080/tools.descartes.teastore.webui/,106491642938226,106493620562591
[POST]http://econome-20.nantes.grid5000.fr:30080/tools.descartes.teastore.webui/loginAction?logout=,106490447440282,106493643858321
[POST]http://econome-20.nantes.grid5000.fr:30080/tools.descartes.teastore.webui/loginAction?logout=,106490447246190,106493643860039
http://econome-20.nantes.grid5000.fr:30080/tools.descartes.teastore.webui/profile,106472446614864,106493721287963
[POST]http://econome-20.nantes.grid5000.fr:30080/tools.descartes.teastore.webui/loginAction?logout=,106490245786382,106493741199333
http://econome-20.nantes.grid5000.fr:30080/tools.descartes.teastore.webui/profile,106469149909907,106493746169401
http://econome-20.nantes.grid5000.fr:30080/tools.descartes.teastore.webui/profile,106472440647568,106493747652808
http://econome-20.nantes.grid5000.fr:30080/tools.descartes.teastore.webui/profile,106471945516158,106493749729630
[POST]http://econome-20.nantes.grid5000.fr:30080/tools.descartes.teastore.webui/loginAction?logout=,106490544481928,106493817082209
[POST]http://econome-20.nantes.grid5000.fr:30080/tools.descartes.teastore.webui/loginAction?logout=,106490447266620,106493817381151
[POST]http://econome-20.nantes.grid5000.fr:30080/tools.descartes.teastore.webui/loginAction?logout=,106487214867313,106493822095262
http://econome-20.nantes.grid5000.fr:30080/tools.descartes.teastore.webui/profile,106473620474827,106493845618348
http://econome-20.nantes.grid5000.fr:30080/tools.descartes.teastore.webui/profile,106473214851200,106493847326783
http://econome-20.nantes.grid5000.fr:30080/tools.descartes.teastore.webui/profile,106469821166994,106493918738592
http://econome-20.nantes.grid5000.fr:30080/tools.descartes.teastore.webui/,106491516801293,106493919528604
http://econome-20.nantes.grid5000.fr:30080/tools.descartes.teastore.webui/profile,106469955080569,106493945689320
http://econome-20.nantes.grid5000.fr:30080/tools.descartes.teastore.webui/profile,106473316622667,106493945987316
http://econome-20.nantes.grid5000.fr:30080/tools.descartes.teastore.webui/profile,106473345150910,106493946498669
http://econome-20.nantes.grid5000.fr:30080/tools.descartes.teastore.webui/profile,106473544696161,106493973051402
http://econome-20.nantes.grid5000.fr:30080/tools.descartes.teastore.webui/profile,106469415804223,106494017388886
http://econome-20.nantes.grid5000.fr:30080/tools.descartes.teastore.webui/profile,106469943398416,106494044086223
[POST]http://econome-20.nantes.grid5000.fr:30080/tools.descartes.teastore.webui/loginAction?logout=,106491448138454,106494045576397
http://econome-20.nantes.grid5000.fr:30080/tools.descartes.teastore.webui/profile,106473647812111,106494045611056
http://econome-20.nantes.grid5000.fr:30080/tools.descartes.teastore.webui/profile,106473246440120,106494045618640
http://econome-20.nantes.grid5000.fr:30080/tools.descartes.teastore.webui/profile,106474318313030,106494045630931
http://econome-20.nantes.grid5000.fr:30080/tools.descartes.teastore.webui/profile,106472618473951,106494045635603
http://econome-20.nantes.grid5000.fr:30080/tools.descartes.teastore.webui/,106491819058097,106494117275237
[POST]http://econome-20.nantes.grid5000.fr:30080/tools.descartes.teastore.webui/loginAction?logout=,106489241627645,106494214718569
http://econome-20.nantes.grid5000.fr:30080/tools.descartes.teastore.webui/,106491714705758,106494215523607
http://econome-20.nantes.grid5000.fr:30080/tools.descartes.teastore.webui/,106491121488092,106494215529960
[POST]http://econome-20.nantes.grid5000.fr:30080/tools.descartes.teastore.webui/loginAction?logout=,106491044458644,106494221643620
[POST]http://econome-20.nantes.grid5000.fr:30080/tools.descartes.teastore.webui/loginAction?logout=,106490419615450,106494221754205
http://econome-20.nantes.grid5000.fr:30080/tools.descartes.teastore.webui/profile,106470015175443,106494241686450
[POST]http://econome-20.nantes.grid5000.fr:30080/tools.descartes.teastore.webui/loginAction?logout=,106489042059061,106494247336303
[POST]http://econome-20.nantes.grid5000.fr:30080/tools.descartes.teastore.webui/loginAction?logout=,106488046967833,106494249034576
[POST]http://econome-20.nantes.grid5000.fr:30080/tools.descartes.teastore.webui/loginAction?logout=,106488046881362,106494249049946
http://econome-20.nantes.grid5000.fr:30080/tools.descartes.teastore.webui/profile,106472946482534,106494249072627
http://econome-20.nantes.grid5000.fr:30080/tools.descartes.teastore.webui/,106493119571459,106494318686240
http://econome-20.nantes.grid5000.fr:30080/tools.descartes.teastore.webui/,106492919418809,106494420043208
[POST]http://econome-20.nantes.grid5000.fr:30080/tools.descartes.teastore.webui/loginAction?logout=,106488368049977,106494447606979
http://econome-20.nantes.grid5000.fr:30080/tools.descartes.teastore.webui/,106491647386767,106494447747274
http://econome-20.nantes.grid5000.fr:30080/tools.descartes.teastore.webui/,106491450980428,106494516682482
[POST]http://econome-20.nantes.grid5000.fr:30080/tools.descartes.teastore.webui/loginAction?logout=,106490417854229,106494517214825
http://econome-20.nantes.grid5000.fr:30080/tools.descartes.teastore.webui/,106491420442319,106494521163669
http://econome-20.nantes.grid5000.fr:30080/tools.descartes.teastore.webui/profile,106472946380322,106494540948088
[POST]http://econome-20.nantes.grid5000.fr:30080/tools.descartes.teastore.webui/loginAction?logout=,106488742231340,106494542313844
http://econome-20.nantes.grid5000.fr:30080/tools.descartes.teastore.webui/,106490144240914,106494542465723
[POST]http://econome-20.nantes.grid5000.fr:30080/tools.descartes.teastore.webui/loginAction?logout=,106488245091992,106494543737340
http://econome-20.nantes.grid5000.fr:30080/tools.descartes.teastore.webui/profile,106469746613828,106494546326046
http://econome-20.nantes.grid5000.fr:30080/tools.descartes.teastore.webui/profile,106469820796992,106494546445618
[POST]http://econome-20.nantes.grid5000.fr:30080/tools.descartes.teastore.webui/loginAction?logout=,106488045915950,106494546491092
http://econome-20.nantes.grid5000.fr:30080/tools.descartes.teastore.webui/profile,106472718219058,106494552906593
http://econome-20.nantes.grid5000.fr:30080/tools.descartes.teastore.webui/profile,106473647768303,106494615843069
[POST]http://econome-20.nantes.grid5000.fr:30080/tools.descartes.teastore.webui/loginAction?logout=,106489241791438,106494723096195
[POST]http://econome-20.nantes.grid5000.fr:30080/tools.descartes.teastore.webui/loginAction?logout=,106487848467655,106494746507248
http://econome-20.nantes.grid5000.fr:30080/tools.descartes.teastore.webui/,106491248250920,106494749780127
http://econome-20.nantes.grid5000.fr:30080/tools.descartes.teastore.webui/profile,106472344683412,106494749800398
[POST]http://econome-20.nantes.grid5000.fr:30080/tools.descartes.teastore.webui/loginAction?logout=,106487749650573,106494812745339
[POST]http://econome-20.nantes.grid5000.fr:30080/tools.descartes.teastore.webui/loginAction?logout=,106491641828976,106494815715665
[POST]http://econome-20.nantes.grid5000.fr:30080/tools.descartes.teastore.webui/loginAction?logout=,106490245809908,106494817153744
[POST]http://econome-20.nantes.grid5000.fr:30080/tools.descartes.teastore.webui/loginAction?logout=,106491422295287,106494817187618
[POST]http://econome-20.nantes.grid5000.fr:30080/tools.descartes.teastore.webui/loginAction?logout=,106490445582343,106494817266451
http://econome-20.nantes.grid5000.fr:30080/tools.descartes.teastore.webui/profile,106471642751222,106494842331904
http://econome-20.nantes.grid5000.fr:30080/tools.descartes.teastore.webui/,106493212957432,106494842362367
http://econome-20.nantes.grid5000.fr:30080/tools.descartes.teastore.webui/,106493446389845,106494843963637
http://econome-20.nantes.grid5000.fr:30080/tools.descartes.teastore.webui/,106493448732624,106494844774507
http://econome-20.nantes.grid5000.fr:30080/tools.descartes.teastore.webui/,106491047291382,106494871729433
[POST]http://econome-20.nantes.grid5000.fr:30080/tools.descartes.teastore.webui/loginAction?logout=,106486846284186,106494970431227
http://econome-20.nantes.grid5000.fr:30080/tools.descartes.teastore.webui/,106493216109593,106495218130506
http://econome-20.nantes.grid5000.fr:30080/tools.descartes.teastore.webui/,106491721534488,106495225367228
[POST]http://econome-20.nantes.grid5000.fr:30080/tools.descartes.teastore.webui/loginAction?logout=,106487346846524,106495254733464
http://econome-20.nantes.grid5000.fr:30080/tools.descartes.teastore.webui/profile,106472221053389,106495254749412
http://econome-20.nantes.grid5000.fr:30080/tools.descartes.teastore.webui/profile,106472243156062,106495254865809
http://econome-20.nantes.grid5000.fr:30080/tools.descartes.teastore.webui/profile,106469343821963,106495255056791
http://econome-20.nantes.grid5000.fr:30080/tools.descartes.teastore.webui/profile,106469943433249,106495255111868
http://econome-20.nantes.grid5000.fr:30080/tools.descartes.teastore.webui/,106491844405887,106495317047428
http://econome-20.nantes.grid5000.fr:30080/tools.descartes.teastore.webui/,106491549732948,106495317374123
http://econome-20.nantes.grid5000.fr:30080/tools.descartes.teastore.webui/,106491618784921,106495317602824
http://econome-20.nantes.grid5000.fr:30080/tools.descartes.teastore.webui/,106492343684526,106495320980774
http://econome-20.nantes.grid5000.fr:30080/tools.descartes.teastore.webui/profile,106472146419313,106495343173684
[POST]http://econome-20.nantes.grid5000.fr:30080/tools.descartes.teastore.webui/loginAction?logout=,106492014144139,106495343432969
http://econome-20.nantes.grid5000.fr:30080/tools.descartes.teastore.webui/profile,106472645655433,106495425073613
[POST]http://econome-20.nantes.grid5000.fr:30080/tools.descartes.teastore.webui/loginAction?logout=,106487620607904,106495425108974
[POST]http://econome-20.nantes.grid5000.fr:30080/tools.descartes.teastore.webui/loginAction?logout=,106491047428651,106495447447417
[POST]http://econome-20.nantes.grid5000.fr:30080/tools.descartes.teastore.webui/loginAction?logout=,106490447428531,106495452078691
http://econome-20.nantes.grid5000.fr:30080/tools.descartes.teastore.webui/profile,106472119662234,106495452166966
http://econome-20.nantes.grid5000.fr:30080/tools.descartes.teastore.webui/profile,106473317390839,106495452171952
http://econome-20.nantes.grid5000.fr:30080/tools.descartes.teastore.webui/,106492118508530,106495515853287
http://econome-20.nantes.grid5000.fr:30080/tools.descartes.teastore.webui/,106493418287730,106495517216178
http://econome-20.nantes.grid5000.fr:30080/tools.descartes.teastore.webui/profile,106474446691956,106495544963833
http://econome-20.nantes.grid5000.fr:30080/tools.descartes.teastore.webui/profile,106471046609369,106495545988248
http://econome-20.nantes.grid5000.fr:30080/tools.descartes.teastore.webui/profile,106471742496212,106495546031495
[POST]http://econome-20.nantes.grid5000.fr:30080/tools.descartes.teastore.webui/loginAction?logout=,106487641542237,106495547930268
http://econome-20.nantes.grid5000.fr:30080/tools.descartes.teastore.webui/,106492221974105,106495618474150
http://econome-20.nantes.grid5000.fr:30080/tools.descartes.teastore.webui/,106491240757981,106495618765139
http://econome-20.nantes.grid5000.fr:30080/tools.descartes.teastore.webui/,106492518268212,106495619513647
http://econome-20.nantes.grid5000.fr:30080/tools.descartes.teastore.webui/,106492146583332,106495619650008
http://econome-20.nantes.grid5000.fr:30080/tools.descartes.teastore.webui/profile,106473446162843,106495619797298
[POST]http://econome-20.nantes.grid5000.fr:30080/tools.descartes.teastore.webui/loginAction?logout=,106492144396191,106495620757121
[POST]http://econome-20.nantes.grid5000.fr:30080/tools.descartes.teastore.webui/loginAction?logout=,106490545417730,106495621097455
[POST]http://econome-20.nantes.grid5000.fr:30080/tools.descartes.teastore.webui/loginAction?logout=,106489540406361,106495644171920
http://econome-20.nantes.grid5000.fr:30080/tools.descartes.teastore.webui/,106492451505884,106495650778174
http://econome-20.nantes.grid5000.fr:30080/tools.descartes.teastore.webui/profile,106469246787711,106495650969734
[POST]http://econome-20.nantes.grid5000.fr:30080/tools.descartes.teastore.webui/loginAction?logout=,106487240555882,106495651938888
[POST]http://econome-20.nantes.grid5000.fr:30080/tools.descartes.teastore.webui/loginAction?logout=,106489774085846,106495651980706
http://econome-20.nantes.grid5000.fr:30080/tools.descartes.teastore.webui/profile,106468960610923,106495652042433
[POST]http://econome-20.nantes.grid5000.fr:30080/tools.descartes.teastore.webui/loginAction?logout=,106492643677339,106495652151390
http://econome-20.nantes.grid5000.fr:30080/tools.descartes.teastore.webui/profile,106473244461223,106495652188614
[POST]http://econome-20.nantes.grid5000.fr:30080/tools.descartes.teastore.webui/loginAction?logout=,106493147483619,106495652208993
[POST]http://econome-20.nantes.grid5000.fr:30080/tools.descartes.teastore.webui/loginAction?logout=,106492341866462,106495719951109
[POST]http://econome-20.nantes.grid5000.fr:30080/tools.descartes.teastore.webui/loginAction?logout=,106491955593219,106495747804918
[POST]http://econome-20.nantes.grid5000.fr:30080/tools.descartes.teastore.webui/loginAction?logout=,106492842978539,106495748067947
[POST]http://econome-20.nantes.grid5000.fr:30080/tools.descartes.teastore.webui/loginAction?logout=,106490020163262,106495820386531
http://econome-20.nantes.grid5000.fr:30080/tools.descartes.teastore.webui/,106493344457063,106495820529998
http://econome-20.nantes.grid5000.fr:30080/tools.descartes.teastore.webui/,106492919672634,106495820738705
[POST]http://econome-20.nantes.grid5000.fr:30080/tools.descartes.teastore.webui/loginAction?logout=,106490953081151,106495847080141
[POST]http://econome-20.nantes.grid5000.fr:30080/tools.descartes.teastore.webui/loginAction?logout=,106489044552468,106495847182416
[POST]http://econome-20.nantes.grid5000.fr:30080/tools.descartes.teastore.webui/loginAction?logout=,106492847996088,106495847223588
http://econome-20.nantes.grid5000.fr:30080/tools.descartes.teastore.webui/profile,106470144334733,106495849377652
http://econome-20.nantes.grid5000.fr:30080/tools.descartes.teastore.webui/profile,106472943135783,106495849477233
http://econome-20.nantes.grid5000.fr:30080/tools.descartes.teastore.webui/,106491815800432,106495849503410
http://econome-20.nantes.grid5000.fr:30080/tools.descartes.teastore.webui/profile,106472518525453,106495915238785
http://econome-20.nantes.grid5000.fr:30080/tools.descartes.teastore.webui/,106493643897358,106495915556316
http://econome-20.nantes.grid5000.fr:30080/tools.descartes.teastore.webui/,106491524965425,106495918595698
http://econome-20.nantes.grid5000.fr:30080/tools.descartes.teastore.webui/profile,106471743437022,106495943674311
[POST]http://econome-20.nantes.grid5000.fr:30080/tools.descartes.teastore.webui/loginAction?logout=,106488346573441,106495944862836
[POST]http://econome-20.nantes.grid5000.fr:30080/tools.descartes.teastore.webui/loginAction?logout=,106492044314203,106495948303729
http://econome-20.nantes.grid5000.fr:30080/tools.descartes.teastore.webui/profile,106474015705682,106495948435770
[POST]http://econome-20.nantes.grid5000.fr:30080/tools.descartes.teastore.webui/loginAction?logout=,106492144395596,106495948504294
http://econome-20.nantes.grid5000.fr:30080/tools.descartes.teastore.webui/,106493741225607,106495948524453
http://econome-20.nantes.grid5000.fr:30080/tools.descartes.teastore.webui/profile,106492250676922,106495948528801
http://econome-20.nantes.grid5000.fr:30080/tools.descartes.teastore.webui/,106491647455350,106495948679024
[POST]http://econome-20.nantes.grid5000.fr:30080/tools.descartes.teastore.webui/loginAction?logout=,106488546679673,106496014180619
http://econome-20.nantes.grid5000.fr:30080/tools.descartes.teastore.webui/,106491925711942,106496016394207
[POST]http://econome-20.nantes.grid5000.fr:30080/tools.descartes.teastore.webui/loginAction?logout=,106489717247197,106496016623763
http://econome-20.nantes.grid5000.fr:30080/tools.descartes.teastore.webui/,106492814536981,106496016708627
http://econome-20.nantes.grid5000.fr:30080/tools.descartes.teastore.webui/,106493118340145,106496017036147
http://econome-20.nantes.grid5000.fr:30080/tools.descartes.teastore.webui/,106491844436430,106496017399720
http://econome-20.nantes.grid5000.fr:30080/tools.descartes.teastore.webui/,106491240963477,106496017534627
http://econome-20.nantes.grid5000.fr:30080/tools.descartes.teastore.webui/,106491344143472,106496020457946
[POST]http://econome-20.nantes.grid5000.fr:30080/tools.descartes.teastore.webui/loginAction?logout=,106487514862761,106496020546493
http://econome-20.nantes.grid5000.fr:30080/tools.descartes.teastore.webui/,106490952116957,106496020706236
[POST]http://econome-20.nantes.grid5000.fr:30080/tools.descartes.teastore.webui/loginAction?logout=,106490544420332,106496041414342
[POST]http://econome-20.nantes.grid5000.fr:30080/tools.descartes.teastore.webui/loginAction?logout=,106492817503409,106496041468645
[POST]http://econome-20.nantes.grid5000.fr:30080/tools.descartes.teastore.webui/loginAction?logout=,106492842770779,106496046418577
http://econome-20.nantes.grid5000.fr:30080/tools.descartes.teastore.webui/profile,106472546455277,106496046536363
[POST]http://econome-20.nantes.grid5000.fr:30080/tools.descartes.teastore.webui/loginAction?logout=,106488045802340,106496046564798
http://econome-20.nantes.grid5000.fr:30080/tools.descartes.teastore.webui/,106493446333409,106496046598149
[POST]http://econome-20.nantes.grid5000.fr:30080/tools.descartes.teastore.webui/loginAction?logout=,106492345893906,106496046700669
http://econome-20.nantes.grid5000.fr:30080/tools.descartes.teastore.webui/profile,106473917774764,106496090022287
http://econome-20.nantes.grid5000.fr:30080/tools.descartes.teastore.webui/,106493344586464,106496144399193
http://econome-20.nantes.grid5000.fr:30080/tools.descartes.teastore.webui/profile,106474848801403,106496144849982
[POST]http://econome-20.nantes.grid5000.fr:30080/tools.descartes.teastore.webui/loginAction?logout=,106489746103510,106496144852390
[POST]http://econome-20.nantes.grid5000.fr:30080/tools.descartes.teastore.webui/loginAction?logout=,106487643585581,106496144893904
http://econome-20.nantes.grid5000.fr:30080/tools.descartes.teastore.webui/,106492119639621,106496214588776
http://econome-20.nantes.grid5000.fr:30080/tools.descartes.teastore.webui/,106492546234852,106496218417078
[POST]http://econome-20.nantes.grid5000.fr:30080/tools.descartes.teastore.webui/loginAction?logout=,106488945143562,106496219310712
[POST]http://econome-20.nantes.grid5000.fr:30080/tools.descartes.teastore.webui/loginAction?logout=,106488715033832,106496219753639
http://econome-20.nantes.grid5000.fr:30080/tools.descartes.teastore.webui/,106492014095130,106496241751625
http://econome-20.nantes.grid5000.fr:30080/tools.descartes.teastore.webui/,106491956077121,106496245912047
http://econome-20.nantes.grid5000.fr:30080/tools.descartes.teastore.webui/profile,106473218117065,106496317440017
http://econome-20.nantes.grid5000.fr:30080/tools.descartes.teastore.webui/,106493643891964,106496322061638
http://econome-20.nantes.grid5000.fr:30080/tools.descartes.teastore.webui/,106491019440082,106496322399421
http://econome-20.nantes.grid5000.fr:30080/tools.descartes.teastore.webui/,106492546182010,106496416548588
[POST]http://econome-20.nantes.grid5000.fr:30080/tools.descartes.teastore.webui/loginAction?logout=,106491955658528,106496416840831
http://econome-20.nantes.grid5000.fr:30080/tools.descartes.teastore.webui/,106493220640684,106496416898115
[POST]http://econome-20.nantes.grid5000.fr:30080/tools.descartes.teastore.webui/loginAction?logout=,106489441878635,106496417818284
http://econome-20.nantes.grid5000.fr:30080/tools.descartes.teastore.webui/,106492419553645,106496418061666
[POST]http://econome-20.nantes.grid5000.fr:30080/tools.descartes.teastore.webui/loginAction?logout=,106487348257476,106496418182557
[POST]http://econome-20.nantes.grid5000.fr:30080/tools.descartes.teastore.webui/loginAction?logout=,106492316943253,106496418621496
[POST]http://econome-20.nantes.grid5000.fr:30080/tools.descartes.teastore.webui/loginAction?logout=,106492847680490,106496445596242
[POST]http://econome-20.nantes.grid5000.fr:30080/tools.descartes.teastore.webui/loginAction?logout=,106490048081083,106496445602501
http://econome-20.nantes.grid5000.fr:30080/tools.descartes.teastore.webui/,106492018118901,106496514240068
http://econome-20.nantes.grid5000.fr:30080/tools.descartes.teastore.webui/profile,106472116887147,106496544366999
http://econome-20.nantes.grid5000.fr:30080/tools.descartes.teastore.webui/profile,106469118725589,106496544387232
[POST]http://econome-20.nantes.grid5000.fr:30080/tools.descartes.teastore.webui/loginAction?logout=,106492952507207,106496544453738
http://econome-20.nantes.grid5000.fr:30080/tools.descartes.teastore.webui/profile,106472546666450,106496544475967
http://econome-20.nantes.grid5000.fr:30080/tools.descartes.teastore.webui/,106492518218306,106496613534264
http://econome-20.nantes.grid5000.fr:30080/tools.descartes.teastore.webui/,106492249873188,106496620694982
[POST]http://econome-20.nantes.grid5000.fr:30080/tools.descartes.teastore.webui/loginAction?logout=,106488849432346,106496621230072
[POST]http://econome-20.nantes.grid5000.fr:30080/tools.descartes.teastore.webui/loginAction?logout=,106488646732508,106496621604598
http://econome-20.nantes.grid5000.fr:30080/tools.descartes.teastore.webui/,106491750794328,106496642515620
http://econome-20.nantes.grid5000.fr:30080/tools.descartes.teastore.webui/,106493448746419,106496642664441
http://econome-20.nantes.grid5000.fr:30080/tools.descartes.teastore.webui/profile,106473515540437,106496650393294
http://econome-20.nantes.grid5000.fr:30080/tools.descartes.teastore.webui/profile,106471445772462,106496650633843
[POST]http://econome-20.nantes.grid5000.fr:30080/tools.descartes.teastore.webui/loginAction?logout=,106492842811390,106496650764405
http://econome-20.nantes.grid5000.fr:30080/tools.descartes.teastore.webui/profile,106472446672461,106496704801007
http://econome-20.nantes.grid5000.fr:30080/tools.descartes.teastore.webui/,106492517974749,106496715705177
[POST]http://econome-20.nantes.grid5000.fr:30080/tools.descartes.teastore.webui/loginAction?logout=,106493445891343,106496717510791
[POST]http://econome-20.nantes.grid5000.fr:30080/tools.descartes.teastore.webui/loginAction?logout=,106491647326937,106496719239404
[POST]http://econome-20.nantes.grid5000.fr:30080/tools.descartes.teastore.webui/loginAction?logout=,106492346079864,106496743524951
[POST]http://econome-20.nantes.grid5000.fr:30080/tools.descartes.teastore.webui/loginAction?logout=,106488441149571,106496743602932
http://econome-20.nantes.grid5000.fr:30080/tools.descartes.teastore.webui/profile,106471345071489,106496745785945
[POST]http://econome-20.nantes.grid5000.fr:30080/tools.descartes.teastore.webui/loginAction?logout=,106490049025452,106496745952760
[POST]http://econome-20.nantes.grid5000.fr:30080/tools.descartes.teastore.webui/loginAction?logout=,106492221470682,106496766949497
[POST]http://econome-20.nantes.grid5000.fr:30080/tools.descartes.teastore.webui/loginAction?logout=,106490617370053,106496815749808
[POST]http://econome-20.nantes.grid5000.fr:30080/tools.descartes.teastore.webui/loginAction?logout=,106492451720044,106496844084068
http://econome-20.nantes.grid5000.fr:30080/tools.descartes.teastore.webui/,106492107018546,106496844099014
http://econome-20.nantes.grid5000.fr:30080/tools.descartes.teastore.webui/profile,106474346651497,106496845458160
http://econome-20.nantes.grid5000.fr:30080/tools.descartes.teastore.webui/,106492016807092,106496916030488
[POST]http://econome-20.nantes.grid5000.fr:30080/tools.descartes.teastore.webui/loginAction?logout=,106486749750947,106496943234847
[POST]http://econome-20.nantes.grid5000.fr:30080/tools.descartes.teastore.webui/loginAction?logout=,106492095772642,106496943340011
[POST]http://econome-20.nantes.grid5000.fr:30080/tools.descartes.teastore.webui/loginAction?logout=,106493746202548,106496944142510
[POST]http://econome-20.nantes.grid5000.fr:30080/tools.descartes.teastore.webui/loginAction?logout=,106492643509157,106496944216978
[POST]http://econome-20.nantes.grid5000.fr:30080/tools.descartes.teastore.webui/loginAction?logout=,106488849315982,106496944224765
[POST]http://econome-20.nantes.grid5000.fr:30080/tools.descartes.teastore.webui/loginAction?logout=,106492146692865,106496944291777
[POST]http://econome-20.nantes.grid5000.fr:30080/tools.descartes.teastore.webui/loginAction?logout=,106492719505867,106497016459248
[POST]http://econome-20.nantes.grid5000.fr:30080/tools.descartes.teastore.webui/loginAction?logout=,106493618179913,106497016767921
[POST]http://econome-20.nantes.grid5000.fr:30080/tools.descartes.teastore.webui/loginAction?logout=,106491927027885,106497017597378
http://econome-20.nantes.grid5000.fr:30080/tools.descartes.teastore.webui/profile,106491114132725,106497018595122
[POST]http://econome-20.nantes.grid5000.fr:30080/tools.descartes.teastore.webui/loginAction?logout=,106492095672876,106497045910320
[POST]http://econome-20.nantes.grid5000.fr:30080/tools.descartes.teastore.webui/loginAction?logout=,106491987428933,106497074660206
[POST]http://econome-20.nantes.grid5000.fr:30080/tools.descartes.teastore.webui/loginAction?logout=,106493721336560,106497116913941
[POST]http://econome-20.nantes.grid5000.fr:30080/tools.descartes.teastore.webui/loginAction?logout=,106493417064911,106497117191316
[POST]http://econome-20.nantes.grid5000.fr:30080/tools.descartes.teastore.webui/loginAction?logout=,106493147542760,106497143132042
[POST]http://econome-20.nantes.grid5000.fr:30080/tools.descartes.teastore.webui/loginAction?logout=,106491955676803,106497145390250
http://econome-20.nantes.grid5000.fr:30080/tools.descartes.teastore.webui/login,106493620585191,106502056151078
http://econome-20.nantes.grid5000.fr:30080/tools.descartes.teastore.webui/login,106491926181675,106502056687592
http://econome-20.nantes.grid5000.fr:30080/tools.descartes.teastore.webui/login,106491220729700,106502056884583
http://econome-20.nantes.grid5000.fr:30080/tools.descartes.teastore.webui/login,106492316706552,106502057114156
http://econome-20.nantes.grid5000.fr:30080/tools.descartes.teastore.webui/login,106492519481829,106502057392784
http://econome-20.nantes.grid5000.fr:30080/tools.descartes.teastore.webui/login,106491447905219,106502083266009
http://econome-20.nantes.grid5000.fr:30080/tools.descartes.teastore.webui/login,106491517631151,106502086324203
http://econome-20.nantes.grid5000.fr:30080/tools.descartes.teastore.webui/login,106492518515690,106502086474378
http://econome-20.nantes.grid5000.fr:30080/tools.descartes.teastore.webui/login,106493417232555,106502114282706
http://econome-20.nantes.grid5000.fr:30080/tools.descartes.teastore.webui/login,106491520289051,106502117053622
http://econome-20.nantes.grid5000.fr:30080/tools.descartes.teastore.webui/login,106491119276278,106502117352484
http://econome-20.nantes.grid5000.fr:30080/tools.descartes.teastore.webui/login,106492616888428,106502117516011
http://econome-20.nantes.grid5000.fr:30080/tools.descartes.teastore.webui/login,106492645223077,106502117890508
http://econome-20.nantes.grid5000.fr:30080/tools.descartes.teastore.webui/login,106491619996963,106502117987298
http://econome-20.nantes.grid5000.fr:30080/tools.descartes.teastore.webui/login,106492618505817,106502118145230
http://econome-20.nantes.grid5000.fr:30080/tools.descartes.teastore.webui/login,106492146632579,106502118387271
http://econome-20.nantes.grid5000.fr:30080/tools.descartes.teastore.webui/login,106493116746068,106502118463213
http://econome-20.nantes.grid5000.fr:30080/tools.descartes.teastore.webui/login,106492073629342,106502141324981
http://econome-20.nantes.grid5000.fr:30080/tools.descartes.teastore.webui/login,106491549819517,106502144544460
http://econome-20.nantes.grid5000.fr:30080/tools.descartes.teastore.webui/login,106492691675571,106502146541793
http://econome-20.nantes.grid5000.fr:30080/tools.descartes.teastore.webui/login,106493016090791,106502154483834
http://econome-20.nantes.grid5000.fr:30080/tools.descartes.teastore.webui/login,106491316993921,106502168567842
http://econome-20.nantes.grid5000.fr:30080/tools.descartes.teastore.webui/login,106492519178309,106502184238847
http://econome-20.nantes.grid5000.fr:30080/tools.descartes.teastore.webui/login,106492546387018,106502195866932
http://econome-20.nantes.grid5000.fr:30080/tools.descartes.teastore.webui/login,106492423231964,106502202150173
http://econome-20.nantes.grid5000.fr:30080/tools.descartes.teastore.webui/login,106492123716300,106502206682240
http://econome-20.nantes.grid5000.fr:30080/tools.descartes.teastore.webui/login,106492924173815,106502224880539
http://econome-20.nantes.grid5000.fr:30080/tools.descartes.teastore.webui/login,106491520546026,106502231487167
http://econome-20.nantes.grid5000.fr:30080/tools.descartes.teastore.webui/login,106492451715978,106502233771928
http://econome-20.nantes.grid5000.fr:30080/tools.descartes.teastore.webui/login,106491246154961,106502257961259
http://econome-20.nantes.grid5000.fr:30080/tools.descartes.teastore.webui/login,106491721677860,106502275418412
http://econome-20.nantes.grid5000.fr:30080/tools.descartes.teastore.webui/login,106491618837689,106502298385818
http://econome-20.nantes.grid5000.fr:30080/tools.descartes.teastore.webui/login,106491723142154,106502380419350
http://econome-20.nantes.grid5000.fr:30080/tools.descartes.teastore.webui/login,106492221602132,106502402508191
http://econome-20.nantes.grid5000.fr:30080/tools.descartes.teastore.webui/login,106492817227217,106502402554480
http://econome-20.nantes.grid5000.fr:30080/tools.descartes.teastore.webui/login,106492924460246,106502413188088
http://econome-20.nantes.grid5000.fr:30080/tools.descartes.teastore.webui/login,106491527547183,106502474674138
http://econome-20.nantes.grid5000.fr:30080/tools.descartes.teastore.webui/login,106492615786791,106502474745381
http://econome-20.nantes.grid5000.fr:30080/tools.descartes.teastore.webui/login,106492618504980,106502474746127
http://econome-20.nantes.grid5000.fr:30080/tools.descartes.teastore.webui/login,106491925656585,106502482830385
http://econome-20.nantes.grid5000.fr:30080/tools.descartes.teastore.webui/login,106492423242297,106502482892406
http://econome-20.nantes.grid5000.fr:30080/tools.descartes.teastore.webui/login,106492221810182,106502482939892
http://econome-20.nantes.grid5000.fr:30080/tools.descartes.teastore.webui/login,106493446426794,106502483967491
http://econome-20.nantes.grid5000.fr:30080/tools.descartes.teastore.webui/login,106491723465546,106502484102575
